net_name,f_type,complete,fdp_exact,regions,reused,method
G1,sa1,1,19817/262144,99,0,binary
G2,sa0,1,21095/65536,25,0,binary
G2,sa1,1,21095/65536,26,0,binary
G3,sa0,1,121391073/268435456,64,0,binary
G3,sa1,1,121391073/268435456,61,0,binary
G4,sa0,1,523583332433/1099511627776,251,0,binary
G4,sa1,1,523583332433/1099511627776,254,0,binary
G5,sa0,1,74345/1048576,85,0,binary
G6,sa0,1,82397/1048576,146,0,binary
G5,sa1,1,74345/1048576,86,0,binary
G6,sa1,1,82397/1048576,148,0,binary
G8,sa0,1,82397/1048576,132,0,binary
G8,sa1,1,82397/1048576,127,0,binary
G9,sa0,1,9717/262144,54,0,binary
G9,sa1,1,9717/262144,58,0,binary
G10,sa0,1,9909/262144,46,0,binary
G20,sa0,1,1/8,1,0,binary
G10,sa1,1,9909/262144,46,0,binary
G11,sa0,1,14684215/67108864,26,0,binary
G20,sa1,1,1/8,1,1,binary
G21,sa0,1,1/8,1,1,binary
G11,sa1,1,14684215/67108864,25,0,binary
G12,sa0,1,9294793/33554432,63,0,binary
G30,sa0,1,10883/131072,19,0,binary
G21,sa1,1,1/8,1,1,binary
G12,sa1,1,9294793/33554432,63,1,binary
G13,sa0,1,3231625/33554432,120,0,binary
G30,sa1,1,10883/131072,19,1,binary
G22,sa0,1,10883/32768,18,0,binary
G31,sa0,1,1/8,1,1,binary
G13,sa1,1,3231625/33554432,124,0,binary
G14,sa0,1,19331/131072,14,0,binary
G22,sa1,1,10883/32768,19,0,binary
G31,sa1,1,1/8,1,1,binary
G23,sa0,1,23/128,4,0,binary
G32,sa0,1,23/512,4,0,binary
G15,sa0,1,71/512,4,0,binary
G14,sa1,1,19331/131072,14,1,binary
G24,sa0,1,311/1024,11,0,binary
G33,sa0,1,1/8,1,1,binary
G23,sa1,1,23/128,4,0,binary
G32,sa1,1,23/512,4,1,binary
G15,sa1,1,71/512,4,1,binary
G70,sa0,1,311/2048,11,0,binary
G16,sa0,1,599/4096,9,0,binary
G34,sa0,1,311/4096,11,0,binary
G24,sa1,1,311/1024,11,0,binary
G33,sa1,1,1/8,1,1,binary
G25,sa0,1,23/128,4,0,binary
G26,sa0,1,8246217/33554432,61,0,binary
G70,sa1,1,311/2048,11,0,binary
G71,sa0,1,64367959/268435456,67,0,binary
G80,sa0,1,1/8,1,1,binary
G16,sa1,1,599/4096,9,1,binary
G34,sa1,1,311/4096,11,1,binary
G35,sa0,1,1/8,1,1,binary
G25,sa1,1,23/128,4,0,binary
G17,sa0,1,71/512,4,1,binary
G18,sa0,1,1/8,1,1,binary
G26,sa1,1,8246217/33554432,61,1,binary
G27,sa0,1,1/2,1,0,binary
G71,sa1,1,64367959/268435456,66,0,binary
G72,sa0,1,23/256,4,0,binary
G80,sa1,1,1/8,1,1,binary
G81,sa0,1,1/8,1,1,binary
G35,sa1,1,1/8,1,1,binary
G36,sa0,1,23/512,4,1,binary
G17,sa1,1,71/512,4,1,binary
G64,sa0,1,893/32768,85,0,binary
G18,sa1,1,1/8,1,1,binary
G19,sa0,1,1/8,1,1,binary
G28,sa0,1,1/16,1,0,binary
G27,sa1,1,1/2,1,1,binary
G72,sa1,1,23/256,4,0,binary
G73,sa0,1,61984087/268435456,117,0,binary
G81,sa1,1,1/8,1,1,binary
G82,sa0,1,1/8,1,1,binary
G36,sa1,1,23/512,4,1,binary
G64,sa1,1,893/32768,85,0,binary
G19,sa1,1,1/8,1,1,binary
G28,sa1,1,1/16,1,1,binary
G29,sa0,1,1/2,1,1,binary
G73,sa1,1,61984087/268435456,118,0,binary
G74,sa0,1,10883/65536,19,0,binary
G82,sa1,1,1/8,1,1,binary
G65,sa0,1,23/128,4,0,binary
G66,sa0,1,57/1024,9,0,binary
G29,sa1,1,1/2,1,1,binary
G74,sa1,1,10883/65536,18,0,binary
G75,sa0,1,19331/65536,14,0,binary
G65,sa1,1,23/128,4,1,binary
G66,sa1,1,57/1024,9,0,binary
G75,sa1,1,19331/65536,14,0,binary
G76,sa0,1,32607957/134217728,76,0,binary
G67,sa0,1,23/128,4,0,binary
G68,sa0,1,23/256,4,0,binary
G76,sa1,1,32607957/134217728,86,0,binary
G77,sa0,1,599/2048,9,0,binary
G67,sa1,1,23/128,4,1,binary
G68,sa1,1,23/256,4,0,binary
G69,sa0,1,62448471/268435456,70,0,binary
G77,sa1,1,599/2048,9,0,binary
G78,sa0,1,32439247/134217728,63,0,binary
G69,sa1,1,62448471/268435456,75,0,binary
G78,sa1,1,32439247/134217728,65,0,binary
G79,sa0,1,1/8,1,1,binary
G79,sa1,1,1/8,1,1,binary
G1,sa0,1,19817/262144,89,0,binary
G366,sa0,1,21095/65536,26,1,binary
G366,sa1,1,21095/65536,25,1,binary
G379,sa0,1,121391073/268435456,61,1,binary
G379,sa1,1,121391073/268435456,64,1,binary
IIII633,sa0,1,19817/262144,99,1,binary
IIII660,sa0,1,9909/262144,46,1,binary
IIII633,sa1,1,19817/262144,89,1,binary
IIII660,sa1,1,9909/262144,46,1,binary
IIII652,sa0,1,82397/1048576,127,1,binary
IIII643,sa0,1,523583332433/1099511627776,254,1,binary
IIII680,sa0,1,14684215/67108864,25,1,binary
IIII652,sa1,1,82397/1048576,132,1,binary
IIII643,sa1,1,523583332433/1099511627776,251,1,binary
IIII680,sa1,1,14684215/67108864,26,1,binary
IIII178,sa0,1,1/2,1,1,binary
IIII655,sa0,1,9717/262144,58,1,binary
IIII646,sa0,1,74345/1048576,86,1,binary
IIII178,sa1,1,1/2,1,1,binary
IIII655,sa1,1,9717/262144,54,1,binary
IIII646,sa1,1,74345/1048576,85,1,binary
IIII684,sa0,1,9294793/33554432,63,1,binary
IIII684,sa1,1,9294793/33554432,63,1,binary
IIII649,sa0,1,82397/1048576,148,1,binary
IIII649,sa1,1,82397/1048576,146,1,binary
IIII687,sa0,1,3231625/33554432,124,1,binary
IIII687,sa1,1,3231625/33554432,120,1,binary
II211,sa0,1,1/8,1,1,binary
II202,sa0,1,62448471/268435456,75,1,binary
II211,sa1,1,1/8,1,1,binary
II202,sa1,1,62448471/268435456,70,1,binary
II205,sa0,1,599/2048,9,1,binary
II205,sa1,1,599/2048,9,1,binary
II208,sa0,1,32439247/134217728,65,1,binary
II190,sa0,1,1/8,1,1,binary
II181,sa0,1,61984087/268435456,118,1,binary
II172,sa0,1,64367959/268435456,66,1,binary
II208,sa1,1,32439247/134217728,63,1,binary
II190,sa1,1,1/8,1,1,binary
II181,sa1,1,61984087/268435456,117,1,binary
II172,sa1,1,64367959/268435456,67,1,binary
II165,sa0,1,1/2,1,1,binary
II193,sa0,1,19331/65536,14,1,binary
II184,sa0,1,1/8,1,1,binary
II175,sa0,1,23/256,4,1,binary
II165,sa1,1,1/2,1,1,binary
II193,sa1,1,19331/65536,14,1,binary
II184,sa1,1,1/8,1,1,binary
II175,sa1,1,23/256,4,1,binary
II196,sa0,1,23/256,4,1,binary
II187,sa0,1,10883/65536,18,1,binary
II178,sa0,1,1/8,1,1,binary
II169,sa0,1,311/2048,11,1,binary
II196,sa1,1,23/256,4,1,binary
II187,sa1,1,10883/65536,19,1,binary
II178,sa1,1,1/8,1,1,binary
II169,sa1,1,311/2048,11,1,binary
II199,sa0,1,32607957/134217728,86,1,binary
II199,sa1,1,32607957/134217728,76,1,binary
G221,sa1,1,1/8,1,1,binary
G113,sa1,1,311/2048,11,1,binary
G213,sa0,1,599/2048,9,1,binary
G223,sa0,1,1/8,1,1,binary
G213,sa1,1,599/2048,9,1,binary
G115,sa0,1,64367959/268435456,67,1,binary
G215,sa0,1,32439247/134217728,63,1,binary
G223,sa1,1,1/8,1,1,binary
G115,sa1,1,64367959/268435456,66,1,binary
G117,sa0,1,23/256,4,1,binary
G215,sa1,1,32439247/134217728,65,1,binary
G360,sa0,1,523583332433/1099511627776,251,1,binary
G361,sa0,1,74345/1048576,85,1,binary
G117,sa1,1,23/256,4,1,binary
G109,sa0,1,23/256,4,1,binary
G352,sa0,1,19817/262144,89,1,binary
G217,sa0,1,1/8,1,1,binary
G360,sa1,1,523583332433/1099511627776,254,1,binary
G209,sa0,1,19331/65536,14,1,binary
G362,sa0,1,82397/1048576,146,1,binary
G361,sa1,1,74345/1048576,86,1,binary
G109,sa1,1,23/256,4,1,binary
G352,sa1,1,19817/262144,99,1,binary
G217,sa1,1,1/8,1,1,binary
G119,sa0,1,61984087/268435456,117,1,binary
G209,sa1,1,19331/65536,14,1,binary
G362,sa1,1,82397/1048576,148,1,binary
G363,sa0,1,82397/1048576,132,1,binary
G219,sa0,1,1/8,1,1,binary
G119,sa1,1,61984087/268435456,118,1,binary
G364,sa0,1,9717/262144,54,1,binary
G363,sa1,1,82397/1048576,127,1,binary
G219,sa1,1,1/8,1,1,binary
G364,sa1,1,9717/262144,58,1,binary
G367,sa0,1,9909/262144,46,1,binary
G367,sa1,1,9909/262144,46,1,binary
G386,sa0,1,14684215/67108864,26,1,binary
G386,sa1,1,14684215/67108864,25,1,binary
G388,sa0,1,9294793/33554432,63,1,binary
G366_IIII553_A,sa0,1,1661/65536,79,0,binary
G366_IIII527_A,sa0,1,893/32768,85,1,binary
G389,sa0,1,3231625/33554432,120,1,binary
G388,sa1,1,9294793/33554432,63,1,binary
G366_IIII553_A,sa1,1,67/2048,55,0,binary
G366_IIII527_A,sa1,1,51/2048,63,0,binary
G389,sa1,1,3231625/33554432,124,1,binary
G91,sa0,1,1/2,1,1,binary
G91,sa1,1,1/2,1,1,binary
G94,sa0,1,1/2,1,1,binary
G94,sa1,1,1/2,1,1,binary
G379_G210_A,sa0,1,1637907/8388608,112,0,binary
G366_G250_A,sa0,1,71/512,4,1,binary
G379_G210_A,sa1,1,1379187/8388608,12,0,binary
G366_G250_A,sa1,1,71/512,4,1,binary
G379_G212_A,sa0,1,425/2048,7,0,binary
G366_G262_A,sa0,1,1381/32768,29,0,binary
G379_G231_A,sa0,1,21/256,6,0,binary
G379_G212_A,sa1,1,9/64,2,0,binary
G366_G226_A,sa0,1,9347/131072,11,0,binary
G379_G214_A,sa0,1,3273281/16777216,127,0,binary
G366_G262_A,sa1,1,669/16384,21,0,binary
G379_G231_A,sa1,1,31/256,5,0,binary
G379_G232_A,sa0,1,7/128,3,0,binary
G366_G227_A,sa0,1,71/1024,4,0,binary
G366_G226_A,sa1,1,39/512,4,0,binary
G379_G214_A,sa1,1,2756163/16777216,12,0,binary
G379_G232_A,sa1,1,1/16,1,0,binary
G379_G233_A,sa0,1,21/256,6,0,binary
G366_G227_A,sa1,1,71/1024,4,0,binary
G366_G228_A,sa0,1,287/4096,6,0,binary
G379_G233_A,sa1,1,7/64,3,0,binary
G366_G229_A,sa0,1,71/1024,4,0,binary
G379_G234_A,sa0,1,7/128,3,0,binary
G366_G228_A,sa1,1,39/512,4,0,binary
G366_G229_A,sa1,1,71/1024,4,0,binary
G379_G234_A,sa1,1,1/16,1,0,binary
G379_G208_A,sa0,1,13437/65536,57,0,binary
G366_G276_A,sa0,1,1381/32768,29,1,binary
G366_G249_A,sa0,1,57/1024,9,1,binary
G379_G263_A,sa0,1,25/2048,3,0,binary
G379_G208_A,sa1,1,33/256,2,0,binary
G379_G264_A,sa0,1,1/128,1,0,binary
G366_G277_A,sa0,1,153/2048,9,0,binary
G366_G276_A,sa1,1,669/16384,21,1,binary
G366_G249_A,sa1,1,57/1024,8,0,binary
G379_G263_A,sa1,1,7/256,3,0,binary
G379_G264_A,sa1,1,1/64,1,0,binary
G366_G278_A,sa0,1,71/512,4,1,binary
G366_G277_A,sa1,1,89/1024,9,0,binary
G379_G247_A,sa0,1,1705/131072,5,0,binary
G366_G278_A,sa1,1,71/512,4,1,binary
G379_G247_A,sa1,1,31/1024,5,0,binary
G379_G248_A,sa0,1,1/128,1,0,binary
G111,sa0,1,62448471/268435456,70,1,binary
G121,sa0,1,10883/65536,19,1,binary
G211,sa0,1,32607957/134217728,76,1,binary
G379_G248_A,sa1,1,1/64,1,0,binary
G111,sa1,1,62448471/268435456,75,1,binary
G121,sa1,1,10883/65536,18,1,binary
G211,sa1,1,32607957/134217728,86,1,binary
G221,sa0,1,1/8,1,1,binary
G113,sa0,1,311/2048,11,1,binary
G386_G387_A,sa1,1,6053943/33554432,25,0,binary
G386_G289_A,sa0,1,1/16,1,1,binary
G386_G289_A,sa1,1,1/16,1,1,binary
G388_G289_B,sa0,1,1/16,1,1,binary
G388_G289_B,sa1,1,1/16,1,1,binary
G389_G289_C,sa0,1,1/16,1,1,binary
G352_IIII524_A,sa0,1,1641/262144,80,0,binary
G364_IIII512_A,sa0,1,114633/134217728,34,0,binary
G389_G289_C,sa1,1,1/16,1,1,binary
G352_IIII524_A,sa1,1,2389/262144,125,0,binary
G364_IIII512_A,sa1,1,593/524288,15,0,binary
G367_IIII533_B,sa0,1,65481/134217728,12,0,binary
G367_IIII533_B,sa1,1,353/524288,8,0,binary
G360_G110_A,sa0,1,487877/2097152,64,0,binary
G360_G110_A,sa1,1,62448471/268435456,70,1,binary
G360_G220_A,sa0,1,1/8,1,1,binary
G360_G220_A,sa1,1,1/8,1,1,binary
G360_G222_A,sa0,1,1/8,1,1,binary
G360_G114_A,sa0,1,502873/2097152,61,0,binary
G360_G222_A,sa1,1,1/8,1,1,binary
G360_G114_A,sa1,1,64367959/268435456,67,1,binary
G360_G216_A,sa0,1,1/8,1,1,binary
G360_G216_A,sa1,1,1/8,1,1,binary
G360_G118_A,sa0,1,484249/2097152,114,0,binary
G361_G243_B,sa0,1,17989/262144,25,0,binary
G360_G218_A,sa0,1,1/8,1,1,binary
G360_G118_A,sa1,1,61984087/268435456,117,1,binary
G363_G242_B,sa0,1,2445/32768,24,0,binary
G361_G243_B,sa1,1,71/1024,4,0,binary
G360_G218_A,sa1,1,1/8,1,1,binary
G352_G245_A,sa0,1,4357/65536,16,0,binary
G363_G242_B,sa1,1,39/512,4,0,binary
G352_G245_A,sa1,1,71/1024,4,0,binary
G362_G244_B,sa0,1,2445/32768,24,0,binary
G362_G244_B,sa1,1,39/512,4,0,binary
G361_G258_A,sa0,1,1641/1048576,73,0,binary
G364_G263_B,sa0,1,25/2048,3,1,binary
G364_G264_B,sa0,1,1/128,1,1,binary
G363_G257_A,sa0,1,2525/1048576,128,0,binary
G361_G258_A,sa1,1,2389/1048576,115,0,binary
G364_G263_B,sa1,1,25/2048,3,0,binary
G364_G264_B,sa1,1,1/128,1,0,binary
G363_G257_A,sa1,1,4157/1048576,127,0,binary
G362_G259_A,sa0,1,2525/1048576,142,0,binary
G364_G365_A,sa0,1,11385/524288,31,0,binary
G364_G266_A,sa0,1,262089/134217728,14,0,binary
G362_G259_A,sa1,1,4157/1048576,141,0,binary
G364_G365_A,sa1,1,1493449/67108864,71,0,binary
G388_G225_A,sa0,1,8246217/33554432,61,1,binary
G364_G266_A,sa1,1,47/16384,9,0,binary
G388_G225_A,sa1,1,8246217/33554432,61,1,binary
G367_G264_C,sa0,1,1/128,1,1,binary
G367_G264_C,sa1,1,1/128,1,0,binary
G367_G266_B,sa0,1,262089/134217728,14,1,binary
G367_G248_C,sa0,1,1/128,1,1,binary
G367_G266_B,sa1,1,185/65536,9,0,binary
G389_G390_A,sa0,1,1512649/33554432,119,0,binary
G367_G248_C,sa1,1,1/128,1,0,binary
G367_G368_A,sa0,1,13625/524288,35,0,binary
G389_G390_A,sa1,1,1512649/33554432,125,0,binary
G367_G368_A,sa1,1,1812937/67108864,100,0,binary
G386_G387_A,sa0,1,6053943/33554432,25,0,binary
G114,sa0,1,64367959/268435456,67,1,binary
G222,sa0,1,1/8,1,1,binary
G114,sa1,1,502873/2097152,61,1,binary
G222,sa1,1,1/8,1,1,binary
G216,sa0,1,1/8,1,1,binary
G225,sa0,1,8246217/33554432,61,1,binary
G118,sa0,1,61984087/268435456,117,1,binary
G216,sa1,1,1/8,1,1,binary
G225,sa1,1,8246217/33554432,61,1,binary
G118,sa1,1,484249/2097152,114,1,binary
G218,sa0,1,1/8,1,1,binary
G218,sa1,1,1/8,1,1,binary
G390,sa0,1,1512649/33554432,125,1,binary
G390,sa1,1,1512649/33554432,119,1,binary
G365,sa0,1,1493449/67108864,71,1,binary
G365,sa1,1,11385/524288,31,1,binary
G368,sa0,1,1812937/67108864,100,1,binary
G387,sa0,1,6053943/33554432,25,1,binary
G368,sa1,1,13625/524288,35,1,binary
G387,sa1,1,6053943/33554432,25,1,binary
G289,sa0,1,1/16,1,1,binary
G289,sa1,1,7/16,3,0,binary
G110,sa0,1,62448471/268435456,70,1,binary
G110,sa1,1,487877/2097152,64,1,binary
G220,sa0,1,1/8,1,1,binary
G220,sa1,1,1/8,1,1,binary
G321,sa0,1,1/8,1,1,binary
G312,sa0,1,1/8,1,1,binary
G321,sa1,1,3/8,2,0,binary
G312,sa1,1,3/8,2,1,binary
G324,sa0,1,62448471/268435456,70,1,binary
G315,sa0,1,1/8,1,1,binary
G324,sa1,1,187344983/268435456,133,0,binary
G315,sa1,1,3/8,2,1,binary
G344,sa0,1,61984087/268435456,117,1,binary
G318,sa0,1,1/8,1,1,binary
G344,sa1,1,185951831/268435456,231,0,binary
G318,sa1,1,3/8,2,1,binary
G338,sa0,1,64367959/268435456,67,1,binary
G338,sa1,1,193103447/268435456,127,0,binary
G365_IIII533_A,sa0,1,65481/134217728,12,1,binary
G365_IIII533_A,sa1,1,11/16384,6,0,binary
G368_IIII512_B,sa0,1,114633/134217728,34,1,binary
G368_IIII512_B,sa1,1,73/65536,15,0,binary
G365_IIII495_A,sa0,1,126921/134217728,58,0,binary
G365_IIII495_A,sa1,1,81/65536,24,0,binary
G368_IIII495_B,sa0,1,126921/134217728,58,1,binary
G387_IIII538_D,sa0,1,55/33554432,5,0,binary
G368_IIII495_B,sa1,1,21/16384,29,0,binary
G387_IIII538_D,sa1,1,55/16777216,5,0,binary
IIII356,sa0,1,7/16,3,1,binary
IIII356,sa1,1,1/16,1,1,binary
G390_G241_B,sa0,1,126921/134217728,58,1,binary
G390_G241_B,sa1,1,181481/134217728,58,0,binary
G387_G231_B,sa0,1,21/256,6,1,binary
G387_G231_B,sa1,1,2947/32768,14,0,binary
G387_G232_B,sa0,1,7/128,3,1,binary
G390_G263_D,sa0,1,25/2048,3,1,binary
G390_G256_B,sa0,1,114633/134217728,34,1,binary
G390_G265_B,sa0,1,65481/134217728,12,1,binary
G387_G232_B,sa1,1,7/128,3,0,binary
G387_G233_B,sa0,1,21/256,6,1,binary
G390_G263_D,sa1,1,25/2048,3,0,binary
G390_G264_D,sa0,1,1/128,1,1,binary
G390_G256_B,sa1,1,165833/134217728,34,0,binary
G390_G265_B,sa1,1,98249/134217728,12,0,binary
G387_G233_B,sa1,1,87/1024,8,0,binary
G387_G234_B,sa0,1,7/128,3,1,binary
G390_G247_D,sa0,1,1705/131072,5,1,binary
G365_G247_B,sa0,1,1705/131072,5,1,binary
G390_G264_D,sa1,1,1/128,1,0,binary
G390_G266_D,sa0,1,262089/134217728,14,1,binary
G387_G234_B,sa1,1,7/128,3,0,binary
G390_G247_D,sa1,1,1705/131072,5,0,binary
G365_G247_B,sa1,1,207/16384,4,0,binary
G390_G248_D,sa0,1,1/128,1,1,binary
G365_G248_B,sa0,1,1/128,1,1,binary
G390_G266_D,sa1,1,393161/134217728,14,0,binary
G390_G248_D,sa1,1,1/128,1,0,binary
G365_G248_B,sa1,1,1/128,1,0,binary
G368_G263_C,sa0,1,25/2048,3,1,binary
G368_G263_C,sa1,1,3/256,2,0,binary
G368_G247_C,sa0,1,1705/131072,5,1,binary
G368_G247_C,sa1,1,207/16384,4,0,binary
G231,sa0,1,21/256,6,1,binary
G231,sa1,1,10883/32768,18,1,binary
G232,sa0,1,7/128,3,1,binary
G143,sa0,1,1/16,1,1,binary
G232,sa1,1,23/128,4,1,binary
G233,sa0,1,21/256,6,1,binary
G143,sa1,1,7/16,3,1,binary
G234,sa0,1,7/128,3,1,binary
G233,sa1,1,311/1024,11,1,binary
G234,sa1,1,23/128,4,1,binary
G263,sa0,1,25/2048,3,1,binary
G264,sa0,1,1/128,1,1,binary
G263,sa1,1,311/1024,11,1,binary
G264,sa1,1,23/128,4,1,binary
G247,sa0,1,1705/131072,5,1,binary
G248,sa0,1,1/128,1,1,binary
G247,sa1,1,10883/32768,18,1,binary
G248,sa1,1,23/128,4,1,binary
G324_II254_A,sa0,1,28894039/134217728,68,0,binary
G324_II254_A,sa1,1,86681687/134217728,131,0,binary
G338_II260_A,sa0,1,30813527/134217728,66,0,binary
G338_II260_A,sa1,1,92440151/134217728,125,0,binary
G324_II257_A,sa0,1,1/8,1,1,binary
G324_II257_A,sa1,1,3/8,2,1,binary
G344_II266_A,sa0,1,28429655/134217728,117,0,binary
G338_II263_A,sa0,1,1/8,1,1,binary
G344_II266_A,sa1,1,85288535/134217728,232,0,binary
G338_II263_A,sa1,1,3/8,2,1,binary
G344_II269_A,sa0,1,1/8,1,1,binary
G344_II269_A,sa1,1,3/8,2,1,binary
II272,sa0,1,3/8,2,1,binary
II281,sa0,1,3/8,2,1,binary
II272,sa1,1,1/8,1,1,binary
II281,sa1,1,1/8,1,1,binary
II275,sa0,1,3/8,2,1,binary
II275,sa1,1,1/8,1,1,binary
II278,sa0,1,3/8,2,1,binary
II278,sa1,1,1/8,1,1,binary
G313,sa0,1,1/8,1,1,binary
G322,sa0,1,1/8,1,1,binary
G313,sa1,1,3/8,2,1,binary
G322,sa1,1,3/8,2,1,binary
G316,sa0,1,1/8,1,1,binary
G316,sa1,1,3/8,2,1,binary
G281,sa0,1,41/128,3,0,binary
G281,sa1,1,23/128,4,1,binary
G319,sa0,1,1/8,1,1,binary
G283,sa0,1,41/128,3,0,binary
G319,sa1,1,3/8,2,1,binary
G283,sa1,1,23/128,4,1,binary
II303,sa0,1,7/16,3,1,binary
II303,sa1,1,1/16,1,1,binary
II260,sa0,1,92440151/134217728,125,1,binary
II260,sa1,1,30813527/134217728,66,1,binary
II254,sa0,1,86681687/134217728,131,1,binary
II263,sa0,1,3/8,2,1,binary
II254,sa1,1,28894039/134217728,68,1,binary
II263,sa1,1,1/8,1,1,binary
II257,sa0,1,3/8,2,1,binary
II266,sa0,1,85288535/134217728,232,1,binary
II257,sa1,1,1/8,1,1,binary
II266,sa1,1,28429655/134217728,117,1,binary
II269,sa0,1,3/8,2,1,binary
II269,sa1,1,1/8,1,1,binary
G107,sa0,1,1/8,1,1,binary
G350,sa0,1,1/16,1,1,binary
G107,sa1,1,7/8,3,0,binary
G350,sa1,1,7/16,3,1,binary
G325,sa0,1,1/8,1,1,binary
G325,sa1,1,3/8,2,1,binary
G345,sa0,1,1/8,1,1,binary
G166,sa0,1,28894039/134217728,68,1,binary
G345,sa1,1,3/8,2,1,binary
G166,sa1,1,86681687/134217728,131,1,binary
G194,sa0,1,30813527/134217728,66,1,binary
G339,sa0,1,1/8,1,1,binary
G194,sa1,1,92440151/134217728,125,1,binary
G339,sa1,1,3/8,2,1,binary
IIII313,sa0,1,23/128,4,1,binary
IIII313,sa1,1,41/128,3,1,binary
IIII299,sa0,1,23/128,4,1,binary
IIII299,sa1,1,41/128,3,1,binary
G83,sa0,1,1/8,1,1,binary
G84,sa0,1,1/8,1,1,binary
G83,sa1,1,7/8,3,1,binary
G85,sa0,1,1/8,1,1,binary
G84,sa1,1,7/8,3,1,binary
G85,sa1,1,7/8,3,1,binary
G202,sa0,1,28429655/134217728,117,1,binary
G202,sa1,1,85288535/134217728,232,1,binary
IIII301,sa0,1,41/128,3,1,binary
IIII301,sa1,1,23/128,4,1,binary
IIII315,sa0,1,41/128,3,1,binary
IIII315,sa1,1,23/128,4,1,binary
G92,sa0,1,1/16,1,1,binary
G92,sa1,1,15/16,4,0,binary
G96,sa0,1,1/8,1,1,binary
G96,sa1,1,7/8,3,1,binary
G98,sa0,1,1/8,1,1,binary
G98,sa1,1,7/8,3,1,binary
II291,sa0,1,92440151/134217728,125,1,binary
II291,sa1,1,30813527/134217728,66,1,binary
II295,sa0,1,85288535/134217728,232,1,binary
II287,sa0,1,86681687/134217728,131,1,binary
II295,sa1,1,28429655/134217728,117,1,binary
II287,sa1,1,28894039/134217728,68,1,binary
G100,sa0,1,1/8,1,1,binary
G100,sa1,1,7/8,3,1,binary
G98BF,sa1,1,1/8,1,1,binary
G135,sa0,1,23/128,4,1,binary
G135,sa1,1,41/128,3,1,binary
G371,sa0,1,28429655/134217728,117,1,binary
G137,sa0,1,23/128,4,1,binary
G381,sa0,1,28894039/134217728,68,1,binary
G371,sa1,1,85288535/134217728,232,1,binary
G137,sa1,1,41/128,3,1,binary
G381,sa1,1,86681687/134217728,131,1,binary
G375,sa0,1,30813527/134217728,66,1,binary
G375,sa1,1,92440151/134217728,125,1,binary
G100BF,sa0,1,7/8,3,1,binary
G100BF,sa1,1,1/8,1,1,binary
G96BF,sa0,1,7/8,3,1,binary
G96BF,sa1,1,1/8,1,1,binary
G98BF,sa0,1,7/8,3,1,binary
G371_IIII537_B,sa0,1,55/33554432,5,1,binary
G371_IIII537_B,sa1,1,275/134217728,10,0,binary
G381_IIII538_B,sa0,1,55/33554432,5,1,binary
G381_IIII538_B,sa1,1,275/134217728,10,0,binary
G375_IIII537_D,sa0,1,55/33554432,5,1,binary
G375_IIII537_D,sa1,1,275/134217728,10,0,binary
II321,sa0,1,41/128,3,1,binary
II321,sa1,1,23/128,4,1,binary
II324,sa0,1,41/128,3,1,binary
II324,sa1,1,23/128,4,1,binary
G371_G241_A,sa0,1,126921/134217728,58,1,binary
G371_G241_A,sa1,1,93/32768,10,0,binary
G381_G235_B,sa0,1,1737/8192,8,0,binary
G371_G372_A,sa0,1,21885/131072,57,0,binary
G381_G235_B,sa1,1,5211/8192,16,0,binary
G371_G372_A,sa1,1,65655/131072,114,0,binary
G381_G256_A,sa0,1,114633/134217728,34,1,binary
G381_G382_A,sa0,1,713/4096,7,0,binary
G371_G239_B,sa0,1,54653/262144,58,0,binary
G381_G256_A,sa1,1,21/8192,6,0,binary
G381_G382_A,sa1,1,2139/4096,14,0,binary
G371_G239_B,sa1,1,163959/262144,116,0,binary
G371_G257_C,sa0,1,2525/1048576,128,1,binary
G375_G265_A,sa0,1,65481/134217728,12,1,binary
G371_G257_C,sa1,1,7575/1048576,243,0,binary
G375_G237_B,sa0,1,233/1024,5,0,binary
G375_G265_A,sa1,1,3/2048,2,0,binary
G375_G237_B,sa1,1,699/1024,10,0,binary
G381_G259_C,sa0,1,2525/1048576,142,1,binary
G381_G259_C,sa1,1,7575/1048576,246,0,binary
G375_G376_A,sa0,1,105/512,4,0,binary
G375_G258_C,sa0,1,1641/1048576,73,1,binary
G375_G376_A,sa1,1,315/512,8,0,binary
G375_G258_C,sa1,1,4923/1048576,176,0,binary
G333,sa0,1,23/128,4,1,binary
G333,sa1,1,41/128,3,1,binary
G372,sa0,1,65655/131072,114,1,binary
G372,sa1,1,21885/131072,57,1,binary
G382,sa0,1,2139/4096,14,1,binary
G329,sa0,1,23/128,4,1,binary
G382,sa1,1,713/4096,7,1,binary
G329,sa1,1,41/128,3,1,binary
G376,sa0,1,315/512,8,1,binary
G376,sa1,1,105/512,4,1,binary
G87,sa0,1,23/128,4,1,binary
G87,sa1,1,105/128,4,0,binary
G89,sa0,1,23/128,4,1,binary
G89,sa1,1,105/128,4,0,binary
G87_G87BF_A,sa0,1,23/128,4,0,binary
G87_G87BF_A,sa1,1,105/128,4,0,binary
G89_G89BF_A,sa0,1,23/128,4,1,binary
G89_G89BF_A,sa1,1,105/128,4,1,binary
G87_IIII406_A,sa0,1,16282461/134217728,54,0,binary
G89_IIII422_A,sa0,1,13669433/134217728,48,0,binary
G87_IIII406_A,sa1,1,19659123/33554432,132,0,binary
G89_IIII422_A,sa1,1,17035841/33554432,124,0,binary
G89BF,sa1,1,23/128,4,1,binary
IIII422,sa0,1,17035841/33554432,124,1,binary
IIII422,sa1,1,13669433/134217728,48,1,binary
IIII406,sa0,1,19659123/33554432,132,1,binary
IIII406,sa1,1,16282461/134217728,54,1,binary
G87BF,sa0,1,105/128,4,1,binary
G87BF,sa1,1,23/128,4,1,binary
G89BF,sa0,1,105/128,4,1,binary
G173,sa0,1,16282461/134217728,54,1,binary
G183,sa0,1,13669433/134217728,48,1,binary
G173,sa1,1,19659123/33554432,132,1,binary
G183,sa1,1,17035841/33554432,124,1,binary
II335,sa0,1,19659123/33554432,132,1,binary
II335,sa1,1,16282461/134217728,54,1,binary
II338,sa0,1,17035841/33554432,124,1,binary
II338,sa1,1,13669433/134217728,48,1,binary
G174,sa0,1,16282461/134217728,54,1,binary
G174,sa1,1,19659123/33554432,132,1,binary
G184,sa0,1,13669433/134217728,48,1,binary
G184,sa1,1,17035841/33554432,124,1,binary
G359,sa0,1,17035841/33554432,124,1,binary
G359,sa1,1,13669433/134217728,48,1,binary
II341,sa0,1,19659123/33554432,132,1,binary
II341,sa1,1,16282461/134217728,54,1,binary
G355,sa0,1,16282461/134217728,54,1,binary
G355,sa1,1,19659123/33554432,132,1,binary
G359_G214_B,sa0,1,3273281/16777216,127,1,binary
G359_G108_A,sa0,1,105/256,4,0,binary
G359_G214_B,sa1,1,3100843/134217728,57,0,binary
G359_G108_A,sa1,1,23/256,4,1,binary
G214,sa0,1,32439247/134217728,63,1,binary
G214,sa1,1,3273281/16777216,127,1,binary
G108,sa0,1,23/256,4,1,binary
G108,sa1,1,105/256,4,1,binary
G355_G252_A,sa0,1,23/1024,4,0,binary
G355_G252_A,sa1,1,105/512,4,0,binary
G355_G356_A,sa0,1,6836125/67108864,51,0,binary
G355_G356_A,sa1,1,8519187/16777216,102,0,binary
G309,sa0,1,32439247/134217728,63,1,binary
G309,sa1,1,84811743/134217728,187,0,binary
G356,sa0,1,8519187/16777216,102,1,binary
G293,sa0,1,23/256,4,1,binary
G356,sa1,1,6836125/67108864,51,1,binary
G293,sa1,1,233/256,5,0,binary
G309_II360_A,sa0,1,13827023/67108864,66,0,binary
G309_II360_A,sa1,1,36315103/67108864,185,0,binary
G309_II363_A,sa0,1,71/512,4,1,binary
G309_II363_A,sa1,1,185/512,5,0,binary
G293_II354_A,sa0,1,23/256,4,0,binary
G293_II354_A,sa1,1,233/256,5,0,binary
G293_II357_A,sa0,1,23/512,4,1,binary
G293_II357_A,sa1,1,233/512,5,0,binary
G356_G210_B,sa0,1,1637907/8388608,112,1,binary
G356_G210_B,sa1,1,3198801/134217728,63,0,binary
G356_G116_A,sa0,1,105/256,4,0,binary
G356_G116_A,sa1,1,23/256,4,1,binary
G116,sa0,1,23/256,4,1,binary
G116,sa1,1,105/256,4,1,binary
II360,sa0,1,36315103/67108864,185,1,binary
II360,sa1,1,13827023/67108864,66,1,binary
II363,sa0,1,185/512,5,1,binary
II354,sa0,1,233/256,5,1,binary
II363,sa1,1,71/512,4,1,binary
II354,sa1,1,23/256,4,1,binary
II357,sa0,1,233/512,5,1,binary
II357,sa1,1,23/512,4,1,binary
G210,sa0,1,32607957/134217728,76,1,binary
G210,sa1,1,1637907/8388608,112,1,binary
G303,sa0,1,32607957/134217728,76,1,binary
G303,sa1,1,85020981/134217728,187,0,binary
G341,sa0,1,23/256,4,1,binary
G162,sa0,1,13827023/67108864,66,1,binary
G341,sa1,1,233/256,5,0,binary
G162,sa1,1,36315103/67108864,185,1,binary
G146,sa0,1,23/256,4,1,binary
G146,sa1,1,233/256,5,1,binary
G294,sa0,1,23/512,4,1,binary
G294,sa1,1,233/512,5,1,binary
G310,sa0,1,71/512,4,1,binary
G310,sa1,1,185/512,5,1,binary
G106,sa0,1,71/512,4,1,binary
G106,sa1,1,441/512,6,0,binary
G303_II372_A,sa0,1,13995733/67108864,78,0,binary
G303_II372_A,sa1,1,36524341/67108864,182,0,binary
G303_II375_A,sa0,1,71/512,4,1,binary
G303_II375_A,sa1,1,185/512,5,1,binary
G341_II366_A,sa0,1,23/256,4,0,binary
G341_II366_A,sa1,1,233/256,5,0,binary
G341_II369_A,sa0,1,23/512,4,1,binary
G341_II369_A,sa1,1,233/512,5,1,binary
II382,sa0,1,36315103/67108864,185,1,binary
II382,sa1,1,13827023/67108864,66,1,binary
II378,sa0,1,233/256,5,1,binary
II378,sa1,1,23/256,4,1,binary
G101,sa0,1,23/512,4,1,binary
G101,sa1,1,489/512,6,0,binary
G383,sa0,1,23/256,4,1,binary
G383,sa1,1,233/256,5,1,binary
G396,sa0,1,13827023/67108864,66,1,binary
G396,sa1,1,36315103/67108864,185,1,binary
G101BF,sa0,1,489/512,6,1,binary
G101BF,sa1,1,23/512,4,1,binary
G106BF,sa0,1,441/512,6,1,binary
G106BF,sa1,1,71/512,4,1,binary
II372,sa0,1,36524341/67108864,182,1,binary
II372,sa1,1,13995733/67108864,78,1,binary
II375,sa0,1,185/512,5,1,binary
II366,sa0,1,233/256,5,1,binary
II375,sa1,1,71/512,4,1,binary
II366,sa1,1,23/256,4,1,binary
II369,sa0,1,233/512,5,1,binary
II369,sa1,1,23/512,4,1,binary
G396_G278_B,sa0,1,71/512,4,1,binary
G304,sa0,1,71/512,4,1,binary
G396_G397_A,sa0,1,8483901/67108864,72,0,binary
G396_G278_B,sa1,1,185/512,5,0,binary
G304,sa1,1,185/512,5,1,binary
G396_G397_A,sa1,1,12659461/67108864,233,0,binary
G342,sa0,1,23/512,4,1,binary
G342,sa1,1,233/512,5,1,binary
G154,sa0,1,13995733/67108864,78,1,binary
G154,sa1,1,36524341/67108864,182,1,binary
G198,sa0,1,23/256,4,1,binary
G198,sa1,1,233/256,5,1,binary
G383_IIII538_C,sa0,1,55/33554432,5,1,binary
G383_IIII538_C,sa1,1,1925/134217728,30,0,binary
G383_G260_B,sa0,1,1641/262144,80,1,binary
G383_G260_B,sa1,1,53409/262144,192,0,binary
G396_G250_B,sa0,1,71/512,4,1,binary
G396_G250_B,sa1,1,185/512,5,1,binary
G383_G384_A,sa0,1,23/256,4,0,binary
G396_G245_B,sa0,1,4357/65536,16,1,binary
G383_G384_A,sa1,1,233/256,5,0,binary
G383_G266_C,sa0,1,262089/134217728,14,1,binary
G396_G245_B,sa1,1,93079/262144,23,0,binary
G383_G266_C,sa1,1,15/512,4,0,binary
G396_G229_B,sa0,1,71/1024,4,1,binary
G396_G229_B,sa1,1,93827/262144,19,0,binary
G104,sa1,1,441/512,6,1,binary
G250,sa0,1,71/512,4,1,binary
G250,sa1,1,441/512,6,1,binary
G245,sa0,1,4357/65536,16,1,binary
G245,sa1,1,205975/262144,25,0,binary
G229,sa0,1,71/1024,4,1,binary
G266,sa0,1,262089/134217728,14,1,binary
G229,sa1,1,205975/262144,25,1,binary
G384,sa0,1,233/256,5,1,binary
G266,sa1,1,8246217/33554432,61,1,binary
G384,sa1,1,23/256,4,1,binary
G278,sa0,1,71/512,4,1,binary
G278,sa1,1,441/512,6,1,binary
G397,sa0,1,12659461/67108864,233,1,binary
G397,sa1,1,8483901/67108864,72,1,binary
G97,sa0,1,23/512,4,1,binary
G97,sa1,1,489/512,6,1,binary
II390,sa0,1,36524341/67108864,182,1,binary
II390,sa1,1,13995733/67108864,78,1,binary
II386,sa0,1,233/256,5,1,binary
II386,sa1,1,23/256,4,1,binary
G104,sa0,1,71/512,4,1,binary
G397_G249_C,sa0,1,57/1024,9,1,binary
G397_G277_C,sa0,1,153/2048,9,1,binary
G397_G249_C,sa1,1,35/1024,3,0,binary
G397_G276_D,sa0,1,1381/32768,29,1,binary
G397_G277_C,sa1,1,67/1024,3,0,binary
G397_G276_D,sa1,1,531/16384,6,0,binary
G373,sa0,1,23/256,4,1,binary
G392,sa0,1,13995733/67108864,78,1,binary
G373,sa1,1,233/256,5,1,binary
G392,sa1,1,36524341/67108864,182,1,binary
G397_IIII521_C,sa0,1,2525/1048576,142,1,binary
G397_IIII521_C,sa1,1,81/65536,17,0,binary
G397_IIII515_C,sa0,1,2525/1048576,128,1,binary
G397_IIII515_C,sa1,1,81/65536,14,0,binary
G397_IIII518_C,sa0,1,1641/1048576,73,1,binary
G397_IIII518_C,sa1,1,79/131072,11,0,binary
IIII476,sa0,1,23/256,4,1,binary
IIII279,sa0,1,441/512,6,1,binary
IIII476,sa1,1,233/256,5,1,binary
IIII279,sa1,1,71/512,4,1,binary
G104BF,sa0,1,441/512,6,1,binary
G104BF,sa1,1,71/512,4,1,binary
G397_G261_B,sa0,1,893/32768,85,1,binary
G397_G261_B,sa1,1,81/8192,13,0,binary
G397_G262_D,sa0,1,1381/32768,29,1,binary
G397_G262_D,sa1,1,531/16384,6,1,binary
G397_G275_B,sa0,1,1661/65536,79,1,binary
G97BF,sa0,1,489/512,6,1,binary
G397_G275_B,sa1,1,145/8192,14,0,binary
G97BF,sa1,1,23/512,4,1,binary
G132,sa0,1,71/512,4,1,binary
G132,sa1,1,441/512,6,1,binary
G224,sa0,1,233/256,5,1,binary
G224,sa1,1,23/256,4,1,binary
G249,sa0,1,57/1024,9,1,binary
G249,sa1,1,311/1024,11,1,binary
G373_IIII533_C,sa0,1,65481/134217728,12,1,binary
G373_IIII533_C,sa1,1,15/2048,4,0,binary
G373_IIII537_C,sa0,1,55/33554432,5,1,binary
G373_IIII537_C,sa1,1,1925/134217728,30,0,binary
G392_G243_A,sa0,1,17989/262144,25,1,binary
G392_G243_A,sa1,1,377239/1048576,24,0,binary
G392_G262_B,sa0,1,1381/32768,29,1,binary
G392_G262_B,sa1,1,8011/32768,55,0,binary
G392_G227_B,sa0,1,71/1024,4,1,binary
G373_G374_A,sa0,1,23/256,4,0,binary
G392_G227_B,sa1,1,377987/1048576,21,0,binary
G373_G374_A,sa1,1,233/256,5,0,binary
G392_G393_A,sa0,1,901665/33554432,112,0,binary
G373_G258_B,sa0,1,1641/1048576,73,1,binary
G392_G393_A,sa1,1,1961657/33554432,469,0,binary
G373_G258_B,sa1,1,53409/1048576,192,0,binary
G392_G276_B,sa0,1,1381/32768,29,1,binary
G392_G276_B,sa1,1,8011/32768,55,1,binary
G243,sa0,1,17989/262144,25,1,binary
G243,sa1,1,828823/1048576,27,0,binary
G227,sa0,1,71/1024,4,1,binary
G227,sa1,1,828823/1048576,27,1,binary
G282,sa0,1,201/1024,6,0,binary
G282,sa1,1,311/1024,11,1,binary
G374,sa0,1,233/256,5,1,binary
G393,sa0,1,1961657/33554432,469,1,binary
G374,sa1,1,23/256,4,1,binary
G393,sa1,1,901665/33554432,112,1,binary
IIII208,sa0,1,23/256,4,1,binary
IIII208,sa1,1,233/256,5,1,binary
IIII533,sa0,1,65481/134217728,12,1,binary
IIII533,sa1,1,1925/65536,36,0,binary
G265,sa0,1,65481/134217728,12,1,binary
G265,sa1,1,8246217/33554432,61,1,binary
G393_IIII521_B,sa0,1,2525/1048576,142,1,binary
G393_IIII521_B,sa1,1,243/262144,28,0,binary
G393_IIII515_A,sa0,1,2525/1048576,128,1,binary
G393_IIII515_A,sa1,1,657/524288,22,0,binary
G393_IIII524_C,sa0,1,1641/262144,80,1,binary
G393_IIII524_C,sa1,1,5/2048,14,0,binary
G393_IIII553_C,sa0,1,1661/65536,79,1,binary
G393_IIII527_C,sa0,1,893/32768,85,1,binary
G393_IIII553_C,sa1,1,589/32768,23,0,binary
G393_IIII527_C,sa1,1,333/32768,20,0,binary
IIII210,sa0,1,233/256,5,1,binary
IIII210,sa1,1,23/256,4,1,binary
IIII306,sa0,1,311/1024,11,1,binary
IIII306,sa1,1,201/1024,6,1,binary
G374_G252_B,sa0,1,23/1024,4,1,binary
G374_G236_A,sa0,1,315/512,8,1,binary
G374_G252_B,sa1,1,23/256,4,0,binary
G374_G237_A,sa0,1,233/1024,5,1,binary
G374_G236_A,sa1,1,69/1024,8,0,binary
G374_G237_A,sa1,1,23/1024,4,0,binary
G122,sa1,1,233/256,5,1,binary
G252,sa0,1,23/1024,4,1,binary
G252,sa1,1,151/512,8,0,binary
G236,sa0,1,315/512,8,1,binary
G237,sa0,1,233/1024,5,1,binary
G236,sa1,1,151/512,8,1,binary
G237,sa1,1,791/1024,6,0,binary
IIII308,sa0,1,201/1024,6,1,binary
IIII308,sa1,1,311/1024,11,1,binary
IIII527,sa0,1,893/32768,85,1,binary
IIII527,sa1,1,3839/32768,79,0,binary
G122,sa0,1,23/256,4,1,binary
G136,sa0,1,311/1024,11,1,binary
G136,sa1,1,201/1024,6,1,binary
G285,sa0,1,361/512,14,0,binary
G285,sa1,1,151/512,8,1,binary
II373,sa0,1,791/1024,6,1,binary
II373,sa1,1,233/1024,5,1,binary
G286,sa0,1,233/1024,5,1,binary
G286,sa1,1,791/1024,6,1,binary
IIII327,sa0,1,151/512,8,1,binary
IIII327,sa1,1,361/512,14,1,binary
II442,sa0,1,201/1024,6,1,binary
II442,sa1,1,311/1024,11,1,binary
G331,sa0,1,311/1024,11,1,binary
G331,sa1,1,201/1024,6,1,binary
IIII334,sa0,1,791/1024,6,1,binary
IIII334,sa1,1,233/1024,5,1,binary
IIII329,sa0,1,361/512,14,1,binary
IIII329,sa1,1,151/512,8,1,binary
G139,sa0,1,151/512,8,1,binary
G139,sa1,1,361/512,14,1,binary
IIII336,sa0,1,233/1024,5,1,binary
IIII336,sa1,1,791/1024,6,1,binary
G88,sa0,1,311/1024,11,1,binary
G88,sa1,1,713/1024,7,0,binary
G140,sa1,1,233/1024,5,1,binary
G88_G88BF_A,sa0,1,311/1024,11,0,binary
G88_G88BF_A,sa1,1,713/1024,7,0,binary
G88_IIII414_A,sa0,1,3371/16384,30,0,binary
G88_IIII414_A,sa1,1,8405/16384,21,0,binary
G140,sa0,1,791/1024,6,1,binary
IIII414,sa0,1,8405/16384,21,1,binary
IIII414,sa1,1,3371/16384,30,1,binary
G88BF,sa0,1,713/1024,7,1,binary
G88BF,sa1,1,311/1024,11,1,binary
G178,sa0,1,3371/16384,30,1,binary
G178,sa1,1,8405/16384,21,1,binary
II449,sa0,1,8405/16384,21,1,binary
II449,sa1,1,3371/16384,30,1,binary
G179,sa0,1,3371/16384,30,1,binary
G179,sa1,1,8405/16384,21,1,binary
II452,sa0,1,8405/16384,21,1,binary
II452,sa1,1,3371/16384,30,1,binary
G357,sa0,1,3371/16384,30,1,binary
G357,sa1,1,8405/16384,21,1,binary
G357_G246_A,sa0,1,311/8192,11,0,binary
G357_G246_A,sa1,1,713/4096,7,0,binary
G357_G358_A,sa0,1,709/4096,19,0,binary
G357_G358_A,sa1,1,1851/4096,14,0,binary
G358,sa0,1,1851/4096,14,1,binary
G358,sa1,1,709/4096,19,1,binary
G358_G112_A,sa0,1,713/2048,7,0,binary
G358_G112_A,sa1,1,311/2048,11,1,binary
G358_G212_B,sa0,1,425/2048,7,1,binary
G358_G212_B,sa1,1,87/2048,8,0,binary
G212,sa1,1,425/2048,7,1,binary
G112,sa0,1,311/2048,11,1,binary
G112,sa1,1,713/2048,7,1,binary
G212,sa0,1,599/2048,9,1,binary
G306,sa0,1,599/2048,9,1,binary
G306,sa1,1,1449/2048,8,0,binary
G335,sa0,1,311/2048,11,1,binary
G335,sa1,1,1737/2048,8,0,binary
G335_II460_A,sa0,1,311/2048,11,0,binary
G335_II460_A,sa1,1,1737/2048,8,0,binary
G335_II463_A,sa0,1,311/4096,11,1,binary
G335_II463_A,sa1,1,1737/4096,8,0,binary
G306_II466_A,sa0,1,599/2048,9,0,binary
G306_II466_A,sa1,1,1449/2048,8,0,binary
G306_II469_A,sa0,1,599/4096,9,1,binary
G306_II469_A,sa1,1,1449/4096,8,0,binary
II460,sa0,1,1737/2048,8,1,binary
II460,sa1,1,311/2048,11,1,binary
II463,sa0,1,1737/4096,8,1,binary
II463,sa1,1,311/4096,11,1,binary
II466,sa0,1,1449/2048,8,1,binary
II466,sa1,1,599/2048,9,1,binary
II469,sa0,1,1449/4096,8,1,binary
II469,sa1,1,599/4096,9,1,binary
G307,sa0,1,599/4096,9,1,binary
G190,sa0,1,311/2048,11,1,binary
G307,sa1,1,1449/4096,8,1,binary
G190,sa1,1,1737/2048,8,1,binary
G336,sa0,1,311/4096,11,1,binary
G336,sa1,1,1737/4096,8,1,binary
G158,sa0,1,599/2048,9,1,binary
G158,sa1,1,1449/2048,8,1,binary
G105,sa0,1,599/4096,9,1,binary
G105,sa1,1,3497/4096,9,0,binary
G99,sa0,1,311/4096,11,1,binary
G99,sa1,1,3785/4096,9,0,binary
G158_II476_A,sa0,1,599/2048,9,0,binary
G158_II476_A,sa1,1,1449/2048,8,0,binary
II472,sa0,1,1737/2048,8,1,binary
II472,sa1,1,311/2048,11,1,binary
G158_G244_A,sa0,1,2445/32768,24,1,binary
G158_G244_A,sa1,1,368419/1048576,30,0,binary
G158_G228_B,sa0,1,287/4096,6,1,binary
G158_G228_B,sa1,1,376451/1048576,23,0,binary
G158_G277_B,sa0,1,153/2048,9,1,binary
G158_G395_A,sa0,1,2002145/33554432,138,0,binary
G158_G277_B,sa1,1,587/2048,16,0,binary
G158_G395_A,sa1,1,3349781/33554432,248,0,binary
G99BF,sa0,1,3785/4096,9,1,binary
G99BF,sa1,1,311/4096,11,1,binary
G244,sa0,1,2445/32768,24,1,binary
G244,sa1,1,819235/1048576,28,0,binary
G228,sa0,1,287/4096,6,1,binary
G228,sa1,1,819235/1048576,28,1,binary
G277,sa0,1,153/2048,9,1,binary
G277,sa1,1,1895/2048,10,0,binary
G377,sa0,1,311/2048,11,1,binary
G395,sa0,1,3349781/33554432,248,1,binary
G377,sa1,1,1737/2048,8,1,binary
G395,sa1,1,2002145/33554432,138,1,binary
G105BF,sa0,1,3497/4096,9,1,binary
G105BF,sa1,1,599/4096,9,1,binary
II476,sa0,1,1449/2048,8,1,binary
II476,sa1,1,599/2048,9,1,binary
G377_G378_A,sa1,1,1737/2048,8,0,binary
G394,sa0,1,599/2048,9,1,binary
G394,sa1,1,1449/2048,8,1,binary
G377_IIII512_C,sa0,1,114633/134217728,34,1,binary
G377_IIII512_C,sa1,1,57/8192,4,0,binary
G395_IIII515_B,sa0,1,2525/1048576,128,1,binary
G395_IIII515_B,sa1,1,743/524288,39,0,binary
G395_IIII518_B,sa0,1,1641/1048576,73,1,binary
G377_IIII538_A,sa0,1,55/33554432,5,1,binary
G395_IIII518_B,sa1,1,179/262144,27,0,binary
G377_IIII538_A,sa1,1,965/134217728,26,0,binary
IIII272,sa0,1,1895/2048,10,1,binary
IIII272,sa1,1,153/2048,9,1,binary
G395_G260_A,sa0,1,1641/262144,80,1,binary
G395_G260_A,sa1,1,179/65536,31,0,binary
G395_G261_A,sa0,1,893/32768,85,1,binary
G395_G261_A,sa1,1,333/32768,18,0,binary
G395_G262_C,sa0,1,1381/32768,29,1,binary
G395_G262_C,sa1,1,1067/32768,9,0,binary
G395_G275_A,sa0,1,1661/65536,79,1,binary
G395_G275_A,sa1,1,589/32768,21,0,binary
G377_G259_B,sa0,1,2525/1048576,142,1,binary
G395_G276_C,sa0,1,1381/32768,29,1,binary
G377_G259_B,sa1,1,52525/1048576,192,0,binary
G377_G378_A,sa0,1,311/2048,11,0,binary
G395_G276_C,sa1,1,1067/32768,9,1,binary
G131,sa1,1,1895/2048,10,1,binary
G261,sa0,1,893/32768,85,1,binary
G261,sa1,1,10883/32768,18,1,binary
G262,sa0,1,1381/32768,29,1,binary
G262,sa1,1,31387/32768,13,0,binary
G276,sa0,1,1381/32768,29,1,binary
G276,sa1,1,31387/32768,13,1,binary
G378,sa0,1,1737/2048,8,1,binary
G378,sa1,1,311/2048,11,1,binary
IIII512,sa0,1,114633/134217728,34,1,binary
IIII512,sa1,1,1913/65536,38,0,binary
IIII515,sa0,1,2525/1048576,128,1,binary
IIII515,sa1,1,4179/524288,13,0,binary
IIII538,sa0,1,55/33554432,5,1,binary
IIII538,sa1,1,16909/33554432,108,0,binary
G131,sa0,1,153/2048,9,1,binary
G280,sa0,1,5501/32768,56,0,binary
G280,sa1,1,10883/32768,18,1,binary
G256,sa0,1,114633/134217728,34,1,binary
G256,sa1,1,8246217/33554432,61,1,binary
IIII265,sa0,1,31387/32768,13,1,binary
IIII265,sa1,1,1381/32768,29,1,binary
G378_G230_A,sa0,1,2139/4096,14,1,binary
G378_G230_A,sa1,1,933/8192,22,0,binary
G378_G235_A,sa0,1,1737/8192,8,1,binary
G378_G235_A,sa1,1,311/8192,11,0,binary
G378_G246_B,sa0,1,311/8192,11,1,binary
G378_G246_B,sa1,1,311/2048,11,0,binary
G230,sa1,1,1335/4096,19,0,binary
G235,sa0,1,1737/8192,8,1,binary
G235,sa1,1,6455/8192,13,0,binary
G246,sa0,1,311/8192,11,1,binary
G246,sa1,1,1335/4096,19,1,binary
IIII292,sa0,1,10883/32768,18,1,binary
IIII292,sa1,1,5501/32768,56,1,binary
G130,sa0,1,1381/32768,29,1,binary
G230,sa0,1,2139/4096,14,1,binary
G130,sa1,1,31387/32768,13,1,binary
G279,sa0,1,2761/4096,27,0,binary
G279,sa1,1,1335/4096,19,1,binary
IIII294,sa0,1,5501/32768,56,1,binary
IIII294,sa1,1,10883/32768,18,1,binary
II440,sa0,1,6455/8192,13,1,binary
II440,sa1,1,1737/8192,8,1,binary
G134,sa0,1,10883/32768,18,1,binary
G134,sa1,1,5501/32768,56,1,binary
G284,sa0,1,1737/8192,8,1,binary
G284,sa1,1,6455/8192,13,1,binary
IIII285,sa0,1,1335/4096,19,1,binary
IIII285,sa1,1,2761/4096,27,1,binary
IIII320,sa0,1,6455/8192,13,1,binary
IIII320,sa1,1,1737/8192,8,1,binary
IIII287,sa0,1,2761/4096,27,1,binary
IIII287,sa1,1,1335/4096,19,1,binary
II517,sa0,1,5501/32768,56,1,binary
II517,sa1,1,10883/32768,18,1,binary
G133,sa0,1,1335/4096,19,1,binary
G133,sa1,1,2761/4096,27,1,binary
G327,sa0,1,10883/32768,18,1,binary
G327,sa1,1,5501/32768,56,1,binary
IIII322,sa0,1,1737/8192,8,1,binary
IIII322,sa1,1,6455/8192,13,1,binary
G138,sa0,1,6455/8192,13,1,binary
G138,sa1,1,1737/8192,8,1,binary
G86,sa0,1,10883/32768,18,1,binary
G86,sa1,1,21885/32768,57,0,binary
G86_G86BF_A,sa0,1,10883/32768,19,0,binary
G86_G86BF_A,sa1,1,21885/32768,57,0,binary
G86_IIII398_A,sa0,1,117671/524288,50,0,binary
G86_IIII398_A,sa1,1,259161/524288,171,0,binary
IIII398,sa0,1,259161/524288,171,1,binary
IIII398,sa1,1,117671/524288,50,1,binary
G86BF,sa0,1,21885/32768,57,1,binary
G86BF,sa1,1,10883/32768,19,1,binary
G168,sa0,1,117671/524288,50,1,binary
G168,sa1,1,259161/524288,171,1,binary
II524,sa0,1,259161/524288,171,1,binary
II524,sa1,1,117671/524288,50,1,binary
G169,sa0,1,117671/524288,50,1,binary
G169,sa1,1,259161/524288,171,1,binary
II527,sa0,1,259161/524288,171,1,binary
II527,sa1,1,117671/524288,50,1,binary
G353,sa0,1,117671/524288,50,1,binary
G353,sa1,1,259161/524288,171,1,binary
G353_G254_A,sa0,1,10883/262144,18,0,binary
G353_G254_A,sa1,1,21885/131072,57,0,binary
G353_G354_A,sa0,1,24713/131072,32,0,binary
G353_G354_A,sa1,1,57207/131072,114,0,binary
G354,sa0,1,57207/131072,114,1,binary
G354,sa1,1,24713/131072,32,1,binary
G354_G120_A,sa0,1,21885/65536,57,0,binary
G354_G120_A,sa1,1,10883/65536,19,1,binary
G354_G208_B,sa0,1,13437/65536,57,1,binary
G354_G208_B,sa1,1,2947/65536,14,0,binary
G208,sa0,1,19331/65536,14,1,binary
G208,sa1,1,13437/65536,57,1,binary
G120,sa0,1,10883/65536,19,1,binary
G120,sa1,1,21885/65536,57,1,binary
G347,sa0,1,10883/65536,19,1,binary
G347,sa1,1,54653/65536,58,0,binary
G300,sa0,1,19331/65536,14,1,binary
G300,sa1,1,46205/65536,58,0,binary
G300_II541_A,sa0,1,19331/65536,15,0,binary
G300_II541_A,sa1,1,46205/65536,58,0,binary
G300_II544_A,sa0,1,19331/131072,14,1,binary
G300_II544_A,sa1,1,46205/131072,58,0,binary
G347_II535_A,sa0,1,10883/65536,19,0,binary
G347_II535_A,sa1,1,54653/65536,58,0,binary
G347_II538_A,sa0,1,10883/131072,19,1,binary
G347_II538_A,sa1,1,54653/131072,58,0,binary
II541,sa0,1,46205/65536,58,1,binary
II541,sa1,1,19331/65536,15,1,binary
II544,sa0,1,46205/131072,58,1,binary
II535,sa0,1,54653/65536,58,1,binary
II544,sa1,1,19331/131072,14,1,binary
II535,sa1,1,10883/65536,19,1,binary
II538,sa0,1,54653/131072,58,1,binary
II538,sa1,1,10883/131072,19,1,binary
G150,sa0,1,19331/65536,15,1,binary
G150,sa1,1,46205/65536,58,1,binary
G206,sa0,1,10883/65536,19,1,binary
G206,sa1,1,54653/65536,58,1,binary
G348,sa0,1,10883/131072,19,1,binary
G348,sa1,1,54653/131072,58,1,binary
G301,sa0,1,19331/131072,14,1,binary
G301,sa1,1,46205/131072,58,1,binary
G150_IIII553_B,sa0,1,1661/65536,79,1,binary
G150_IIII553_B,sa1,1,14361/65536,190,0,binary
G150_II551_A,sa0,1,19331/65536,14,0,binary
G150_II551_A,sa1,1,46205/65536,58,0,binary
G95,sa0,1,10883/131072,19,1,binary
G95,sa1,1,120189/131072,59,0,binary
G150_G242_A,sa0,1,2445/32768,24,1,binary
G150_G242_A,sa1,1,367115/1048576,78,0,binary
G150_G226_B,sa0,1,9347/131072,11,1,binary
G150_G226_B,sa1,1,373843/1048576,74,0,binary
G150_G391_A,sa0,1,148881/33554432,116,0,binary
G150_G391_A,sa1,1,336453/33554432,313,0,binary
II547,sa0,1,54653/65536,58,1,binary
II547,sa1,1,10883/65536,19,1,binary
G103,sa0,1,19331/131072,14,1,binary
G103,sa1,1,111741/131072,59,0,binary
G242,sa0,1,2445/32768,24,1,binary
G242,sa1,1,816627/1048576,91,0,binary
G226,sa0,1,9347/131072,11,1,binary
G226,sa1,1,816627/1048576,91,1,binary
G391,sa0,1,336453/33554432,313,1,binary
G391,sa1,1,148881/33554432,116,1,binary
G369,sa0,1,10883/65536,19,1,binary
G369,sa1,1,54653/65536,58,1,binary
IIII553,sa0,1,1661/65536,79,1,binary
IIII553,sa1,1,35107/65536,97,0,binary
G103BF,sa0,1,111741/131072,59,1,binary
G103BF,sa1,1,19331/131072,14,1,binary
II551,sa0,1,46205/65536,58,1,binary
II551,sa1,1,19331/65536,14,1,binary
G95BF,sa0,1,120189/131072,59,1,binary
G95BF,sa1,1,10883/131072,19,1,binary
G380,sa0,1,19331/65536,14,1,binary
G380,sa1,1,46205/65536,58,1,binary
G391_IIII521_A,sa0,1,2525/1048576,142,1,binary
G391_IIII521_A,sa1,1,1153/1048576,40,0,binary
G275,sa0,1,1661/65536,79,1,binary
G275,sa1,1,63875/65536,17,0,binary
G391_IIII524_B,sa0,1,1641/262144,80,1,binary
G391_IIII524_B,sa1,1,725/262144,40,0,binary
G391_IIII518_A,sa0,1,1641/1048576,73,1,binary
G391_IIII518_A,sa1,1,725/1048576,37,0,binary
G369_IIII537_A,sa0,1,55/33554432,5,1,binary
G369_IIII537_A,sa1,1,845/134217728,14,0,binary
G369_IIII495_C,sa0,1,126921/134217728,58,1,binary
G369_IIII495_C,sa1,1,225/32768,4,0,binary
G369_G370_A,sa0,1,10883/65536,18,0,binary
G369_G370_A,sa1,1,54653/65536,58,0,binary
G369_G257_B,sa0,1,2525/1048576,128,1,binary
G369_G257_B,sa1,1,52525/1048576,192,0,binary
G370,sa0,1,54653/65536,58,1,binary
G370,sa1,1,10883/65536,18,1,binary
G257,sa0,1,2525/1048576,128,1,binary
G257,sa1,1,816627/1048576,91,1,binary
IIII521,sa0,1,2525/1048576,142,1,binary
IIII521,sa1,1,7427/1048576,17,0,binary
IIII524,sa0,1,1641/262144,80,1,binary
IIII524,sa1,1,7191/262144,38,0,binary
IIII518,sa0,1,1641/1048576,73,1,binary
IIII258,sa0,1,63875/65536,17,1,binary
IIII537,sa0,1,55/33554432,5,1,binary
IIII518,sa1,1,4247/1048576,15,0,binary
IIII258,sa1,1,1661/65536,79,1,binary
IIII537,sa1,1,10365/33554432,71,0,binary
IIII495,sa0,1,126921/134217728,58,1,binary
IIII495,sa1,1,955/32768,36,0,binary
G241,sa0,1,126921/134217728,58,1,binary
G241,sa1,1,8246217/33554432,61,1,binary
G260,sa0,1,1641/262144,80,1,binary
G260,sa1,1,205975/262144,25,1,binary
G271,sa0,1,231949/1048576,124,0,binary
G271,sa1,1,816627/1048576,91,1,binary
G129,sa0,1,1661/65536,79,1,binary
G129,sa1,1,63875/65536,17,1,binary
G267,sa0,1,55/33554432,5,1,binary
G258,sa0,1,1641/1048576,73,1,binary
G267,sa1,1,8246217/33554432,61,1,binary
G258,sa1,1,828823/1048576,27,1,binary
G259,sa0,1,2525/1048576,142,1,binary
G259,sa1,1,819235/1048576,28,1,binary
G370_G254_B,sa0,1,10883/262144,18,1,binary
G370_G238_A,sa0,1,65655/131072,114,1,binary
G370_G254_B,sa1,1,10883/65536,19,0,binary
G370_G238_A,sa1,1,32649/262144,37,0,binary
G370_G239_A,sa0,1,54653/262144,58,1,binary
G370_G239_A,sa1,1,10883/262144,19,0,binary
G272,sa0,1,219753/1048576,85,0,binary
G254,sa0,1,10883/262144,18,1,binary
G272,sa1,1,828823/1048576,27,1,binary
G273,sa0,1,229341/1048576,145,0,binary
G254,sa1,1,43651/131072,76,0,binary
G274,sa0,1,56169/262144,94,0,binary
G273,sa1,1,819235/1048576,28,1,binary
G238,sa0,1,65655/131072,114,1,binary
G239,sa0,1,54653/262144,58,1,binary
G274,sa1,1,205975/262144,25,1,binary
G238,sa1,1,43651/131072,76,1,binary
G239,sa1,1,207491/262144,21,0,binary
IIII230,sa0,1,816627/1048576,91,1,binary
IIII230,sa1,1,231949/1048576,124,1,binary
IIII546,sa0,1,4183497/16777216,133,0,binary
IIII546,sa1,1,8246217/33554432,61,1,binary
G125,sa0,1,231949/1048576,124,1,binary
G270,sa0,1,8530999/33554432,21,0,binary
G125,sa1,1,816627/1048576,91,1,binary
G270,sa1,1,8246217/33554432,61,1,binary
G287,sa0,1,87421/131072,135,0,binary
G287,sa1,1,43651/131072,76,1,binary
IIII251,sa0,1,205975/262144,25,1,binary
IIII251,sa1,1,56169/262144,94,1,binary
IIII244,sa0,1,819235/1048576,28,1,binary
IIII244,sa1,1,229341/1048576,145,1,binary
IIII237,sa0,1,828823/1048576,27,1,binary
IIII237,sa1,1,219753/1048576,85,1,binary
II511,sa0,1,207491/262144,21,1,binary
II511,sa1,1,54653/262144,58,1,binary
G126,sa0,1,219753/1048576,85,1,binary
G127,sa0,1,229341/1048576,145,1,binary
G126,sa1,1,828823/1048576,27,1,binary
G127,sa1,1,819235/1048576,28,1,binary
G128,sa0,1,56169/262144,94,1,binary
G128,sa1,1,205975/262144,25,1,binary
G288,sa0,1,54653/262144,58,1,binary
G288,sa1,1,207491/262144,21,1,binary
IIII222,sa0,1,8246217/33554432,61,1,binary
IIII222,sa1,1,8530999/33554432,21,1,binary
IIII341,sa0,1,43651/131072,76,1,binary
IIII341,sa1,1,87421/131072,135,1,binary
IIII224,sa0,1,8530999/33554432,21,1,binary
IIII224,sa1,1,8246217/33554432,61,1,binary
IIII343,sa0,1,87421/131072,135,1,binary
IIII343,sa1,1,43651/131072,76,1,binary
IIII348,sa0,1,207491/262144,21,1,binary
IIII348,sa1,1,54653/262144,58,1,binary
G141,sa0,1,43651/131072,76,1,binary
G141,sa1,1,87421/131072,135,1,binary
G124,sa0,1,8246217/33554432,61,1,binary
G124,sa1,1,8530999/33554432,21,1,binary
IIII350,sa0,1,54653/262144,58,1,binary
IIII350,sa1,1,207491/262144,21,1,binary
G142,sa0,1,207491/262144,21,1,binary
G142,sa1,1,54653/262144,58,1,binary
II608,sa0,1,8530999/33554432,21,1,binary
II608,sa1,1,8246217/33554432,61,1,binary
G298,sa0,1,8246217/33554432,61,1,binary
G298,sa1,1,8530999/33554432,21,1,binary
G90,sa0,1,8246217/33554432,61,1,binary
G90,sa1,1,25308215/33554432,22,0,binary
