name,cube,rel,var,den,n=10,n=100,n=1000,n=10000,n=100000
S0,9,0,6,3.7500000000e-01,9.9090505298e-01,1.0000000000e+00,1.0000000000e+00,1.0000000000e+00,1.0000000000e+00
P3,1,0,1,5.0000000000e-01,9.9902343750e-01,1.0000000000e+00,1.0000000000e+00,1.0000000000e+00,1.0000000000e+00
P2,1,0,1,5.0000000000e-01,9.9902343750e-01,1.0000000000e+00,1.0000000000e+00,1.0000000000e+00,1.0000000000e+00
AX1_AMVG3VG1VAD1NF_B,3,0,4,4.3750000000e-01,9.9682878806e-01,1.0000000000e+00,1.0000000000e+00,1.0000000000e+00,1.0000000000e+00
S1,21,0,9,1.8750000000e-01,8.7461843207e-01,9.9999999904e-01,1.0000000000e+00,1.0000000000e+00,1.0000000000e+00
S0,9,0,6,3.7500000000e-01,9.9090505298e-01,1.0000000000e+00,1.0000000000e+00,1.0000000000e+00,1.0000000000e+00
P3,1,0,1,5.0000000000e-01,9.9902343750e-01,1.0000000000e+00,1.0000000000e+00,1.0000000000e+00,1.0000000000e+00
P4,1,0,1,5.0000000000e-01,9.9902343750e-01,1.0000000000e+00,1.0000000000e+00,1.0000000000e+00,1.0000000000e+00
AX2_AMVG4VG1VAD1NF_B,3,0,4,4.3750000000e-01,9.9682878806e-01,1.0000000000e+00,1.0000000000e+00,1.0000000000e+00,1.0000000000e+00
S2,51,0,11,1.8750000000e-01,8.7461843207e-01,9.9999999904e-01,1.0000000000e+00,1.0000000000e+00,1.0000000000e+00
S1,21,0,9,1.8750000000e-01,8.7461843207e-01,9.9999999904e-01,1.0000000000e+00,1.0000000000e+00,1.0000000000e+00
P5,1,0,1,5.0000000000e-01,9.9902343750e-01,1.0000000000e+00,1.0000000000e+00,1.0000000000e+00,1.0000000000e+00
P4,1,0,1,5.0000000000e-01,9.9902343750e-01,1.0000000000e+00,1.0000000000e+00,1.0000000000e+00,1.0000000000e+00
AX2_AMVG4VG1VAD1NF_B,3,0,4,4.3750000000e-01,9.9682878806e-01,1.0000000000e+00,1.0000000000e+00,1.0000000000e+00,1.0000000000e+00
CT1_CT1N_A,1,0,3,1.2500000000e-01,7.3692442384e-01,9.9999841217e-01,1.0000000000e+00,1.0000000000e+00,1.0000000000e+00
S3,111,0,13,1.8750000000e-01,8.7461843207e-01,9.9999999904e-01,1.0000000000e+00,1.0000000000e+00,1.0000000000e+00
S2,51,0,11,1.8750000000e-01,8.7461843207e-01,9.9999999904e-01,1.0000000000e+00,1.0000000000e+00,1.0000000000e+00
P6,1,0,1,5.0000000000e-01,9.9902343750e-01,1.0000000000e+00,1.0000000000e+00,1.0000000000e+00,1.0000000000e+00
P5,1,0,1,5.0000000000e-01,9.9902343750e-01,1.0000000000e+00,1.0000000000e+00,1.0000000000e+00,1.0000000000e+00
AX3_AMVG5VG1VAD1NF_B,3,0,4,4.3750000000e-01,9.9682878806e-01,1.0000000000e+00,1.0000000000e+00,1.0000000000e+00,1.0000000000e+00
CT1_CT1N_A,1,0,3,1.2500000000e-01,7.3692442384e-01,9.9999841217e-01,1.0000000000e+00,1.0000000000e+00,1.0000000000e+00
CT0_CNTVG1VQN_A,2,0,4,1.8750000000e-01,8.7461843207e-01,9.9999999904e-01,1.0000000000e+00,1.0000000000e+00,1.0000000000e+00
S3,112,0,13,1.8750000000e-01,8.7461843207e-01,9.9999999904e-01,1.0000000000e+00,1.0000000000e+00,1.0000000000e+00
MRVG1VDVAD1NF,4,0,4,3.7500000000e-01,9.9090505298e-01,1.0000000000e+00,1.0000000000e+00,1.0000000000e+00,1.0000000000e+00
P7,1,0,1,5.0000000000e-01,9.9902343750e-01,1.0000000000e+00,1.0000000000e+00,1.0000000000e+00,1.0000000000e+00
P6,1,0,1,5.0000000000e-01,9.9902343750e-01,1.0000000000e+00,1.0000000000e+00,1.0000000000e+00,1.0000000000e+00
AX3_AMVG5VG1VAD1NF_B,3,0,4,4.3750000000e-01,9.9682878806e-01,1.0000000000e+00,1.0000000000e+00,1.0000000000e+00,1.0000000000e+00
CT0_CNTVG1VQN_A,2,0,4,1.8750000000e-01,8.7461843207e-01,9.9999999904e-01,1.0000000000e+00,1.0000000000e+00,1.0000000000e+00
MRVG1VDVAD2NF,2,0,5,1.2500000000e-01,7.3692442384e-01,9.9999841217e-01,1.0000000000e+00,1.0000000000e+00,1.0000000000e+00
MRVG1VDVAD1NF,6,0,6,5.0000000000e-01,9.9902343750e-01,1.0000000000e+00,1.0000000000e+00,1.0000000000e+00,1.0000000000e+00
MRVG2VDVAD1NF,4,0,4,3.7500000000e-01,9.9090505298e-01,1.0000000000e+00,1.0000000000e+00,1.0000000000e+00,1.0000000000e+00
P7,1,0,1,5.0000000000e-01,9.9902343750e-01,1.0000000000e+00,1.0000000000e+00,1.0000000000e+00,1.0000000000e+00
CT1_CNTVG2VQN_A,1,0,3,1.2500000000e-01,7.3692442384e-01,9.9999841217e-01,1.0000000000e+00,1.0000000000e+00,1.0000000000e+00
MRVG2VDVAD2NF,2,0,5,1.2500000000e-01,7.3692442384e-01,9.9999841217e-01,1.0000000000e+00,1.0000000000e+00,1.0000000000e+00
MRVG1VDVAD2NF,6,0,6,5.0000000000e-01,9.9902343750e-01,1.0000000000e+00,1.0000000000e+00,1.0000000000e+00,1.0000000000e+00
MRVG2VDVAD1NF,5,0,6,5.0000000000e-01,9.9902343750e-01,1.0000000000e+00,1.0000000000e+00,1.0000000000e+00,1.0000000000e+00
MRVG3VDVAD1NF,4,0,4,3.7500000000e-01,9.9090505298e-01,1.0000000000e+00,1.0000000000e+00,1.0000000000e+00,1.0000000000e+00
AMVS0N,40,0,11,8.2031250000e-01,9.9999996491e-01,1.0000000000e+00,1.0000000000e+00,1.0000000000e+00,1.0000000000e+00
CT1_CNTVG2VQN_A,1,0,3,1.2500000000e-01,7.3692442384e-01,9.9999841217e-01,1.0000000000e+00,1.0000000000e+00,1.0000000000e+00
MRVG3VDVAD2NF,2,0,5,1.2500000000e-01,7.3692442384e-01,9.9999841217e-01,1.0000000000e+00,1.0000000000e+00,1.0000000000e+00
MRVG2VDVAD2NF,5,0,6,5.0000000000e-01,9.9902343750e-01,1.0000000000e+00,1.0000000000e+00,1.0000000000e+00,1.0000000000e+00
MRVG4VDVAD1NF,10,0,6,3.7500000000e-01,9.9090505298e-01,1.0000000000e+00,1.0000000000e+00,1.0000000000e+00,1.0000000000e+00
MRVG3VDVAD1NF,6,0,6,5.0000000000e-01,9.9902343750e-01,1.0000000000e+00,1.0000000000e+00,1.0000000000e+00,1.0000000000e+00
CNTVG1VD1,3,0,4,4.3750000000e-01,9.9682878806e-01,1.0000000000e+00,1.0000000000e+00,1.0000000000e+00,1.0000000000e+00
ADDVG1VCN,27,0,7,5.1562500000e-01,9.9928908578e-01,1.0000000000e+00,1.0000000000e+00,1.0000000000e+00,1.0000000000e+00
BMVS0N,18,0,11,1.1718750000e-01,7.1246895791e-01,9.9999613769e-01,1.0000000000e+00,1.0000000000e+00,1.0000000000e+00
AMVS0N_AMVG2VS0P_A,3,0,5,2.1875000000e-01,9.1529670527e-01,9.9999999998e-01,1.0000000000e+00,1.0000000000e+00,1.0000000000e+00
AMVS0N,8,0,11,1.1718750000e-01,7.1246895791e-01,9.9999613769e-01,1.0000000000e+00,1.0000000000e+00,1.0000000000e+00
CT2_CNTVG3VQN_A,1,0,3,1.2500000000e-01,7.3692442384e-01,9.9999841217e-01,1.0000000000e+00,1.0000000000e+00,1.0000000000e+00
ADDVG2VCN,36,0,9,3.0468750000e-01,9.7358805587e-01,1.0000000000e+00,1.0000000000e+00,1.0000000000e+00,1.0000000000e+00
MRVG4VDVAD2NF,2,0,5,1.2500000000e-01,7.3692442384e-01,9.9999841217e-01,1.0000000000e+00,1.0000000000e+00,1.0000000000e+00
MRVG3VDVAD2NF,6,0,6,5.0000000000e-01,9.9902343750e-01,1.0000000000e+00,1.0000000000e+00,1.0000000000e+00,1.0000000000e+00
MRVG4VDVAD1NF,11,0,8,5.0000000000e-01,9.9902343750e-01,1.0000000000e+00,1.0000000000e+00,1.0000000000e+00,1.0000000000e+00
CNTVG2VD1,2,0,4,1.8750000000e-01,8.7461843207e-01,9.9999999904e-01,1.0000000000e+00,1.0000000000e+00,1.0000000000e+00
CNTVG1VD1,1,0,4,6.2500000000e-02,4.7553952495e-01,9.9842555447e-01,1.0000000000e+00,1.0000000000e+00,1.0000000000e+00
ADDVG1VCN,3,0,6,9.3750000000e-02,6.2633691437e-01,9.9994693576e-01,1.0000000000e+00,1.0000000000e+00,1.0000000000e+00
BMVS0N,18,0,11,1.1718750000e-01,7.1246895791e-01,9.9999613769e-01,1.0000000000e+00,1.0000000000e+00,1.0000000000e+00
AMVS0N_AMVG3VS0P_A,3,0,5,2.1875000000e-01,9.1529670527e-01,9.9999999998e-01,1.0000000000e+00,1.0000000000e+00,1.0000000000e+00
AMVS0N_AMVG2VS0P_A,1,0,4,6.2500000000e-02,4.7553952495e-01,9.9842555447e-01,1.0000000000e+00,1.0000000000e+00,1.0000000000e+00
ACVPCN_ACVG1VD1_A,23,0,9,2.5000000000e-01,9.4368648529e-01,1.0000000000e+00,1.0000000000e+00,1.0000000000e+00,1.0000000000e+00
CT2_CNTVG3VQN_A,1,0,3,1.2500000000e-01,7.3692442384e-01,9.9999841217e-01,1.0000000000e+00,1.0000000000e+00,1.0000000000e+00
ADDVG3VCN,51,0,11,2.9296875000e-01,9.6878336434e-01,1.0000000000e+00,1.0000000000e+00,1.0000000000e+00,1.0000000000e+00
ADDVG2VCN,22,0,9,7.0312500000e-02,5.1764152056e-01,9.9931813378e-01,1.0000000000e+00,1.0000000000e+00,1.0000000000e+00
MRVG4VDVAD2NF,11,0,8,5.0000000000e-01,9.9902343750e-01,1.0000000000e+00,1.0000000000e+00,1.0000000000e+00,1.0000000000e+00
CNTVG3VD1,2,0,3,1.2500000000e-01,7.3692442384e-01,9.9999841217e-01,1.0000000000e+00,1.0000000000e+00,1.0000000000e+00
CNTVG2VD1,3,0,4,3.1250000000e-01,9.7641004975e-01,1.0000000000e+00,1.0000000000e+00,1.0000000000e+00,1.0000000000e+00
BMVS0N_BMVG2VS0P_A,1,0,5,3.1250000000e-02,2.7202384333e-01,9.5820045528e-01,1.0000000000e+00,1.0000000000e+00,1.0000000000e+00
AMVS0N_AMVG4VS0P_A,3,0,5,2.1875000000e-01,9.1529670527e-01,9.9999999998e-01,1.0000000000e+00,1.0000000000e+00,1.0000000000e+00
AMVS0N_AMVG3VS0P_A,1,0,4,6.2500000000e-02,4.7553952495e-01,9.9842555447e-01,1.0000000000e+00,1.0000000000e+00,1.0000000000e+00
ACVPCN_ACVG2VD1_A,53,0,11,2.5000000000e-01,9.4368648529e-01,1.0000000000e+00,1.0000000000e+00,1.0000000000e+00,1.0000000000e+00
ACVPCN_ACVG1VD1_A,23,0,9,2.5000000000e-01,9.4368648529e-01,1.0000000000e+00,1.0000000000e+00,1.0000000000e+00,1.0000000000e+00
CT0_CNTVG1VG2VOR1NF_A,1,0,4,6.2500000000e-02,4.7553952495e-01,9.9842555447e-01,1.0000000000e+00,1.0000000000e+00,1.0000000000e+00
ADDVG4VCN,75,0,13,2.8710937500e-01,9.6609770998e-01,1.0000000000e+00,1.0000000000e+00,1.0000000000e+00,1.0000000000e+00
ACVG1VD1,21,0,9,7.5000000000e-01,9.9999904633e-01,1.0000000000e+00,1.0000000000e+00,1.0000000000e+00,1.0000000000e+00
SMVG2VX,20,0,9,2.5000000000e-01,9.4368648529e-01,1.0000000000e+00,1.0000000000e+00,1.0000000000e+00,1.0000000000e+00
ADDVG3VCN,43,0,11,8.2031250000e-02,5.7510759353e-01,9.9980822601e-01,1.0000000000e+00,1.0000000000e+00,1.0000000000e+00
CNTVG3VD1,4,0,3,3.7500000000e-01,9.9090505298e-01,1.0000000000e+00,1.0000000000e+00,1.0000000000e+00,1.0000000000e+00
BMVS0N_BMVG3VS0P_A,1,0,5,3.1250000000e-02,2.7202384333e-01,9.5820045528e-01,1.0000000000e+00,1.0000000000e+00,1.0000000000e+00
BMVS0N_BMVG2VS0P_A,1,0,4,6.2500000000e-02,4.7553952495e-01,9.9842555447e-01,1.0000000000e+00,1.0000000000e+00,1.0000000000e+00
AMVS0N_AMVG5VS0P_A,3,0,5,2.1875000000e-01,9.1529670527e-01,9.9999999998e-01,1.0000000000e+00,1.0000000000e+00,1.0000000000e+00
AMVS0N_AMVG4VS0P_A,1,0,4,6.2500000000e-02,4.7553952495e-01,9.9842555447e-01,1.0000000000e+00,1.0000000000e+00,1.0000000000e+00
ACVPCN_ACVG3VD1_A,114,0,13,2.5000000000e-01,9.4368648529e-01,1.0000000000e+00,1.0000000000e+00,1.0000000000e+00,1.0000000000e+00
ACVPCN_ACVG2VD1_A,53,0,11,2.5000000000e-01,9.4368648529e-01,1.0000000000e+00,1.0000000000e+00,1.0000000000e+00,1.0000000000e+00
CT0_CNTVCON0_A,3,0,4,2.5000000000e-01,9.4368648529e-01,1.0000000000e+00,1.0000000000e+00,1.0000000000e+00,1.0000000000e+00
ACVG2VD1,39,0,11,7.5000000000e-01,9.9999904633e-01,1.0000000000e+00,1.0000000000e+00,1.0000000000e+00,1.0000000000e+00
ADDVG4VCN_CO_A,72,0,13,2.8710937500e-01,9.6609770998e-01,1.0000000000e+00,1.0000000000e+00,1.0000000000e+00,1.0000000000e+00
SMVG3VX,38,0,11,2.5000000000e-01,9.4368648529e-01,1.0000000000e+00,1.0000000000e+00,1.0000000000e+00,1.0000000000e+00
ADDVG4VCN,49,0,13,8.7890625000e-02,6.0146249658e-01,9.9989891378e-01,1.0000000000e+00,1.0000000000e+00,1.0000000000e+00
ACVG1VD1,23,0,9,2.5000000000e-01,9.4368648529e-01,1.0000000000e+00,1.0000000000e+00,1.0000000000e+00,1.0000000000e+00
SMVG2VX,23,0,9,2.5000000000e-01,9.4368648529e-01,1.0000000000e+00,1.0000000000e+00,1.0000000000e+00,1.0000000000e+00
ADDVC1_ADDVG2VCNVOR2NF_A,3,0,9,1.1718750000e-02,1.1119690418e-01,6.9235094430e-01,9.9999240451e-01,1.0000000000e+00,1.0000000000e+00
BMVS0N_BMVG4VS0P_A,1,0,5,3.1250000000e-02,2.7202384333e-01,9.5820045528e-01,1.0000000000e+00,1.0000000000e+00,1.0000000000e+00
BMVS0N_BMVG3VS0P_A,1,0,4,6.2500000000e-02,4.7553952495e-01,9.9842555447e-01,1.0000000000e+00,1.0000000000e+00,1.0000000000e+00
AMVS0N_AMVG5VS0P_A,1,0,4,6.2500000000e-02,4.7553952495e-01,9.9842555447e-01,1.0000000000e+00,1.0000000000e+00,1.0000000000e+00
ACVPCN_ACVG4VD1_A,47,0,13,1.5039062500e-01,8.0402848060e-01,9.9999991645e-01,1.0000000000e+00,1.0000000000e+00,1.0000000000e+00
ACVPCN_ACVG3VD1_A,114,0,13,2.5000000000e-01,9.4368648529e-01,1.0000000000e+00,1.0000000000e+00,1.0000000000e+00,1.0000000000e+00
CT1_CNTVG2VG2VOR1NF_A,1,0,3,1.2500000000e-01,7.3692442384e-01,9.9999841217e-01,1.0000000000e+00,1.0000000000e+00,1.0000000000e+00
CT0_CNTVCON0_A,3,0,4,3.1250000000e-01,9.7641004975e-01,1.0000000000e+00,1.0000000000e+00,1.0000000000e+00,1.0000000000e+00
ACVG3VD1,78,0,13,7.5000000000e-01,9.9999904633e-01,1.0000000000e+00,1.0000000000e+00,1.0000000000e+00,1.0000000000e+00
SMVG4VX,78,0,13,2.5000000000e-01,9.4368648529e-01,1.0000000000e+00,1.0000000000e+00,1.0000000000e+00,1.0000000000e+00
ACVG2VD1,55,0,11,2.5000000000e-01,9.4368648529e-01,1.0000000000e+00,1.0000000000e+00,1.0000000000e+00,1.0000000000e+00
ADDVG4VCN_CO_A,45,0,13,8.7890625000e-02,6.0146249658e-01,9.9989891378e-01,1.0000000000e+00,1.0000000000e+00,1.0000000000e+00
SMVG3VX,54,0,11,2.5000000000e-01,9.4368648529e-01,1.0000000000e+00,1.0000000000e+00,1.0000000000e+00,1.0000000000e+00
ADDVC1_ADDVG2VCNVOR2NF_A,9,0,9,1.2890625000e-01,7.4843571864e-01,9.9999898494e-01,1.0000000000e+00,1.0000000000e+00,1.0000000000e+00
BMVS0N_BMVG5VS0P_A,1,0,5,3.1250000000e-02,2.7202384333e-01,9.5820045528e-01,1.0000000000e+00,1.0000000000e+00,1.0000000000e+00
BMVS0N_BMVG4VS0P_A,1,0,4,6.2500000000e-02,4.7553952495e-01,9.9842555447e-01,1.0000000000e+00,1.0000000000e+00,1.0000000000e+00
ACVPCN_ACVG4VD1_A,47,0,13,1.5039062500e-01,8.0402848060e-01,9.9999991645e-01,1.0000000000e+00,1.0000000000e+00,1.0000000000e+00
ACVPCN,130,0,13,4.6655273438e-01,9.9813398585e-01,1.0000000000e+00,1.0000000000e+00,1.0000000000e+00,1.0000000000e+00
CT1_CNTVG2VG2VOR1NF_A,2,0,4,1.8750000000e-01,8.7461843207e-01,9.9999999904e-01,1.0000000000e+00,1.0000000000e+00,1.0000000000e+00
START_CNTVG1VD_B,2,0,4,3.1250000000e-01,9.7641004975e-01,1.0000000000e+00,1.0000000000e+00,1.0000000000e+00,1.0000000000e+00
CT1_CNTVCON1_A,2,0,4,1.8750000000e-01,8.7461843207e-01,9.9999999904e-01,1.0000000000e+00,1.0000000000e+00,1.0000000000e+00
ACVG3VD1,114,0,13,2.5000000000e-01,9.4368648529e-01,1.0000000000e+00,1.0000000000e+00,1.0000000000e+00,1.0000000000e+00
ACVG4VD1,52,0,13,8.4960937500e-01,9.9999999408e-01,1.0000000000e+00,1.0000000000e+00,1.0000000000e+00,1.0000000000e+00
SMVG4VX,116,0,13,2.5000000000e-01,9.4368648529e-01,1.0000000000e+00,1.0000000000e+00,1.0000000000e+00,1.0000000000e+00
SMVG5VX,51,0,13,3.4960937500e-01,9.8645613160e-01,1.0000000000e+00,1.0000000000e+00,1.0000000000e+00,1.0000000000e+00
ADDVC2_ADDVG3VCNVOR2NF_A,9,0,11,1.7578125000e-02,1.6250882227e-01,8.3025288257e-01,9.9999998014e-01,1.0000000000e+00,1.0000000000e+00
BMVS0N_BMVG5VS0P_A,1,0,4,6.2500000000e-02,4.7553952495e-01,9.9842555447e-01,1.0000000000e+00,1.0000000000e+00,1.0000000000e+00
READYN_BMVS0N_A,18,0,11,1.1718750000e-01,7.1246895791e-01,9.9999613769e-01,1.0000000000e+00,1.0000000000e+00,1.0000000000e+00
ACVPCN,131,0,13,4.6655273438e-01,9.9813398585e-01,1.0000000000e+00,1.0000000000e+00,1.0000000000e+00,1.0000000000e+00
CT2_CNTVG3VG2VOR1NF_A,2,0,4,1.8750000000e-01,8.7461843207e-01,9.9999999904e-01,1.0000000000e+00,1.0000000000e+00,1.0000000000e+00
START_CNTVG2VD_B,2,0,4,1.8750000000e-01,8.7461843207e-01,9.9999999904e-01,1.0000000000e+00,1.0000000000e+00,1.0000000000e+00
START_CNTVG1VD_B,2,0,4,3.1250000000e-01,9.7641004975e-01,1.0000000000e+00,1.0000000000e+00,1.0000000000e+00,1.0000000000e+00
CT1_CNTVCON1_A,2,0,4,1.8750000000e-01,8.7461843207e-01,9.9999999904e-01,1.0000000000e+00,1.0000000000e+00,1.0000000000e+00
ACVG4VD1,47,0,13,1.5039062500e-01,8.0402848060e-01,9.9999991645e-01,1.0000000000e+00,1.0000000000e+00,1.0000000000e+00
SMVG5VX,47,0,13,1.5039062500e-01,8.0402848060e-01,9.9999991645e-01,1.0000000000e+00,1.0000000000e+00,1.0000000000e+00
ADDVC2_ADDVG3VCNVOR2NF_A,18,0,11,1.2304687500e-01,7.3099286430e-01,9.9999801556e-01,1.0000000000e+00,1.0000000000e+00,1.0000000000e+00
READYN_BMVS0N_A,18,0,11,1.1718750000e-01,7.1246895791e-01,9.9999613769e-01,1.0000000000e+00,1.0000000000e+00,1.0000000000e+00
CT2_CNTVCON2_A,1,0,3,1.2500000000e-01,7.3692442384e-01,9.9999841217e-01,1.0000000000e+00,1.0000000000e+00,1.0000000000e+00
CT2_CNTVG3VG2VOR1NF_A,2,0,4,1.8750000000e-01,8.7461843207e-01,9.9999999904e-01,1.0000000000e+00,1.0000000000e+00,1.0000000000e+00
START_CNTVG2VD_B,2,0,4,1.8750000000e-01,8.7461843207e-01,9.9999999904e-01,1.0000000000e+00,1.0000000000e+00,1.0000000000e+00
START_CNTVG3VD_B,3,0,4,2.5000000000e-01,9.4368648529e-01,1.0000000000e+00,1.0000000000e+00,1.0000000000e+00,1.0000000000e+00
CO,45,0,13,8.7890625000e-02,6.0146249658e-01,9.9989891378e-01,1.0000000000e+00,1.0000000000e+00,1.0000000000e+00
ADDVC3_ADDVG4VCNVOR2NF_A,21,0,13,2.0507812500e-02,1.8715120958e-01,8.7407915248e-01,9.9999999900e-01,1.0000000000e+00,1.0000000000e+00
AMVG2VS0P,1,0,4,6.2500000000e-02,4.7553952495e-01,9.9842555447e-01,1.0000000000e+00,1.0000000000e+00,1.0000000000e+00
IINIIT_AMVS0N_A,8,0,11,1.1718750000e-01,7.1246895791e-01,9.9999613769e-01,1.0000000000e+00,1.0000000000e+00,1.0000000000e+00
CT2_CNTVCON2_A,1,0,3,1.2500000000e-01,7.3692442384e-01,9.9999841217e-01,1.0000000000e+00,1.0000000000e+00,1.0000000000e+00
START_CNTVG3VD_B,3,0,4,2.5000000000e-01,9.4368648529e-01,1.0000000000e+00,1.0000000000e+00,1.0000000000e+00,1.0000000000e+00
CO,72,0,13,2.8710937500e-01,9.6609770998e-01,1.0000000000e+00,1.0000000000e+00,1.0000000000e+00,1.0000000000e+00
ADDVC3_ADDVG4VCNVOR2NF_A,36,0,13,1.2011718750e-01,7.2186967493e-01,9.9999722998e-01,1.0000000000e+00,1.0000000000e+00,1.0000000000e+00
BMVG2VS0P,1,0,4,6.2500000000e-02,4.7553952495e-01,9.9842555447e-01,1.0000000000e+00,1.0000000000e+00,1.0000000000e+00
AMVG3VS0P,1,0,4,6.2500000000e-02,4.7553952495e-01,9.9842555447e-01,1.0000000000e+00,1.0000000000e+00,1.0000000000e+00
AMVG2VS0P,3,0,5,2.1875000000e-01,9.1529670527e-01,9.9999999998e-01,1.0000000000e+00,1.0000000000e+00,1.0000000000e+00
IINIIT_AMVS0N_A,40,0,11,8.2031250000e-01,9.9999996491e-01,1.0000000000e+00,1.0000000000e+00,1.0000000000e+00,1.0000000000e+00
BMVG3VS0P,1,0,4,6.2500000000e-02,4.7553952495e-01,9.9842555447e-01,1.0000000000e+00,1.0000000000e+00,1.0000000000e+00
BMVG2VS0P,1,0,5,3.1250000000e-02,2.7202384333e-01,9.5820045528e-01,1.0000000000e+00,1.0000000000e+00,1.0000000000e+00
AMVG4VS0P,1,0,4,6.2500000000e-02,4.7553952495e-01,9.9842555447e-01,1.0000000000e+00,1.0000000000e+00,1.0000000000e+00
AMVG3VS0P,3,0,5,2.1875000000e-01,9.1529670527e-01,9.9999999998e-01,1.0000000000e+00,1.0000000000e+00,1.0000000000e+00
BMVG4VS0P,1,0,4,6.2500000000e-02,4.7553952495e-01,9.9842555447e-01,1.0000000000e+00,1.0000000000e+00,1.0000000000e+00
BMVG3VS0P,1,0,5,3.1250000000e-02,2.7202384333e-01,9.5820045528e-01,1.0000000000e+00,1.0000000000e+00,1.0000000000e+00
AMVG5VS0P,1,0,4,6.2500000000e-02,4.7553952495e-01,9.9842555447e-01,1.0000000000e+00,1.0000000000e+00,1.0000000000e+00
AMVG4VS0P,3,0,5,2.1875000000e-01,9.1529670527e-01,9.9999999998e-01,1.0000000000e+00,1.0000000000e+00,1.0000000000e+00
BMVG5VS0P,1,0,4,6.2500000000e-02,4.7553952495e-01,9.9842555447e-01,1.0000000000e+00,1.0000000000e+00,1.0000000000e+00
BMVG4VS0P,1,0,5,3.1250000000e-02,2.7202384333e-01,9.5820045528e-01,1.0000000000e+00,1.0000000000e+00,1.0000000000e+00
AMVG5VS0P,3,0,5,2.1875000000e-01,9.1529670527e-01,9.9999999998e-01,1.0000000000e+00,1.0000000000e+00,1.0000000000e+00
BMVG5VS0P,1,0,5,3.1250000000e-02,2.7202384333e-01,9.5820045528e-01,1.0000000000e+00,1.0000000000e+00,1.0000000000e+00
READYN,3,0,3,8.7500000000e-01,9.9999999907e-01,1.0000000000e+00,1.0000000000e+00,1.0000000000e+00,1.0000000000e+00
ADDVG2VCN_ADDVG2VCNVAD3NF_B,18,0,9,1.7578125000e-01,8.5531453651e-01,9.9999999598e-01,1.0000000000e+00,1.0000000000e+00,1.0000000000e+00
READY_stem_ADSH_A,42,0,16,1.2062072754e-01,7.2345726861e-01,9.9999738409e-01,1.0000000000e+00,1.0000000000e+00,1.0000000000e+00
READYN,1,0,3,1.2500000000e-01,7.3692442384e-01,9.9999841217e-01,1.0000000000e+00,1.0000000000e+00,1.0000000000e+00
MRVQN0,1,0,1,5.0000000000e-01,9.9902343750e-01,1.0000000000e+00,1.0000000000e+00,1.0000000000e+00,1.0000000000e+00
ADDVG2VCN_ADDVG2VCNVAD3NF_B,12,0,9,5.8593750000e-02,4.5327268444e-01,9.9761379514e-01,1.0000000000e+00,1.0000000000e+00,1.0000000000e+00
READY_stem_ADSH_A,196,0,20,7.2441101074e-01,9.9999747292e-01,1.0000000000e+00,1.0000000000e+00,1.0000000000e+00,1.0000000000e+00
AD0_ADDVG1VPVOR1NF_A,3,0,6,9.3750000000e-02,6.2633691437e-01,9.9994693576e-01,1.0000000000e+00,1.0000000000e+00,1.0000000000e+00
CNTVCON0_CNTVCO1_B,1,0,3,1.2500000000e-01,7.3692442384e-01,9.9999841217e-01,1.0000000000e+00,1.0000000000e+00,1.0000000000e+00
MRVQN1,1,0,1,5.0000000000e-01,9.9902343750e-01,1.0000000000e+00,1.0000000000e+00,1.0000000000e+00,1.0000000000e+00
MRVQN0,1,0,1,5.0000000000e-01,9.9902343750e-01,1.0000000000e+00,1.0000000000e+00,1.0000000000e+00,1.0000000000e+00
ADDVG3VCN_ADDVG3VCNVAD3NF_B,42,0,11,1.6992187500e-01,8.4469347918e-01,9.9999999184e-01,1.0000000000e+00,1.0000000000e+00,1.0000000000e+00
CNTVG1VD1_CNTVG1VZ1_B,2,0,4,1.8750000000e-01,8.7461843207e-01,9.9999999904e-01,1.0000000000e+00,1.0000000000e+00,1.0000000000e+00
AD0_ADDVG1VPVOR1NF_A,6,0,6,2.8125000000e-01,9.6320586674e-01,1.0000000000e+00,1.0000000000e+00,1.0000000000e+00,1.0000000000e+00
CNTVCON0_CNTVCO1_B,1,0,3,1.2500000000e-01,7.3692442384e-01,9.9999841217e-01,1.0000000000e+00,1.0000000000e+00,1.0000000000e+00
IINIIT,114,0,24,1.2473344803e-01,7.3612191504e-01,9.9999836306e-01,1.0000000000e+00,1.0000000000e+00,1.0000000000e+00
MRVQN2,1,0,1,5.0000000000e-01,9.9902343750e-01,1.0000000000e+00,1.0000000000e+00,1.0000000000e+00,1.0000000000e+00
MRVQN1,1,0,1,5.0000000000e-01,9.9902343750e-01,1.0000000000e+00,1.0000000000e+00,1.0000000000e+00,1.0000000000e+00
ADDVG3VCN_ADDVG3VCNVAD3NF_B,33,0,11,6.4453125000e-02,4.8636391817e-01,9.9872192823e-01,1.0000000000e+00,1.0000000000e+00,1.0000000000e+00
ADDVG2VSN,21,0,9,1.8750000000e-01,8.7461843207e-01,9.9999999904e-01,1.0000000000e+00,1.0000000000e+00,1.0000000000e+00
SMVS0N,172,0,13,1.1352539063e-01,7.0031637768e-01,9.9999415708e-01,1.0000000000e+00,1.0000000000e+00,1.0000000000e+00
CNTVG1VD1_CNTVG1VZ1_B,1,0,4,6.2500000000e-02,4.7553952495e-01,9.9842555447e-01,1.0000000000e+00,1.0000000000e+00,1.0000000000e+00
ADDVG2VCNVAD1NF,6,0,9,3.5156250000e-02,3.0085077677e-01,9.7209392258e-01,1.0000000000e+00,1.0000000000e+00,1.0000000000e+00
CNTVCON1_CNTVCO2_B,2,0,3,3.7500000000e-01,9.9090505298e-01,1.0000000000e+00,1.0000000000e+00,1.0000000000e+00,1.0000000000e+00
IINIIT,235,0,24,8.6558818817e-01,9.9999999808e-01,1.0000000000e+00,1.0000000000e+00,1.0000000000e+00,1.0000000000e+00
MRVQN3,1,0,1,5.0000000000e-01,9.9902343750e-01,1.0000000000e+00,1.0000000000e+00,1.0000000000e+00,1.0000000000e+00
MRVQN2,1,0,1,5.0000000000e-01,9.9902343750e-01,1.0000000000e+00,1.0000000000e+00,1.0000000000e+00,1.0000000000e+00
ADDVG4VCN_ADDVG4VCNVAD3NF_B,90,0,13,1.6699218750e-01,8.3912419048e-01,9.9999998839e-01,1.0000000000e+00,1.0000000000e+00,1.0000000000e+00
ADDVG3VSN,51,0,11,1.8750000000e-01,8.7461843207e-01,9.9999999904e-01,1.0000000000e+00,1.0000000000e+00,1.0000000000e+00
ADDVG2VSN,21,0,9,1.8750000000e-01,8.7461843207e-01,9.9999999904e-01,1.0000000000e+00,1.0000000000e+00,1.0000000000e+00
ADDVG2VCNVAD2NF,6,0,9,2.3437500000e-02,2.1113909478e-01,9.0667363815e-01,9.9999999995e-01,1.0000000000e+00,1.0000000000e+00
SMVS0N,97,0,13,3.4057617188e-01,9.8445300846e-01,1.0000000000e+00,1.0000000000e+00,1.0000000000e+00,1.0000000000e+00
CNTVG2VD1_CNTVG2VZ1_B,1,0,3,1.2500000000e-01,7.3692442384e-01,9.9999841217e-01,1.0000000000e+00,1.0000000000e+00,1.0000000000e+00
ADDVG2VCNVAD1NF,36,0,9,3.0468750000e-01,9.7358805587e-01,1.0000000000e+00,1.0000000000e+00,1.0000000000e+00,1.0000000000e+00
ADDVG3VCNVAD1NF,15,0,11,2.9296875000e-02,2.5721302854e-01,9.4887388698e-01,1.0000000000e+00,1.0000000000e+00,1.0000000000e+00
CNTVCON1_CNTVCO2_B,1,0,3,1.2500000000e-01,7.3692442384e-01,9.9999841217e-01,1.0000000000e+00,1.0000000000e+00,1.0000000000e+00
P1_stem_MRVG1VDVAD1NF_B,3,0,4,3.7500000000e-01,9.9090505298e-01,1.0000000000e+00,1.0000000000e+00,1.0000000000e+00,1.0000000000e+00
P0_BMVG2VG1VAD1NF_B,1,0,4,6.2500000000e-02,4.7553952495e-01,9.9842555447e-01,1.0000000000e+00,1.0000000000e+00,1.0000000000e+00
MRVQN3,1,0,1,5.0000000000e-01,9.9902343750e-01,1.0000000000e+00,1.0000000000e+00,1.0000000000e+00,1.0000000000e+00
ADDVG4VSN,113,0,13,1.8750000000e-01,8.7461843207e-01,9.9999999904e-01,1.0000000000e+00,1.0000000000e+00,1.0000000000e+00
ADDVG4VCN_ADDVG4VCNVAD3NF_B,75,0,13,6.7382812500e-02,5.0222377542e-01,9.9906601157e-01,1.0000000000e+00,1.0000000000e+00,1.0000000000e+00
ADDVG3VSN,51,0,11,1.8750000000e-01,8.7461843207e-01,9.9999999904e-01,1.0000000000e+00,1.0000000000e+00,1.0000000000e+00
ADDVG3VCNVAD2NF,18,0,11,3.5156250000e-02,3.0085077677e-01,9.7209392258e-01,1.0000000000e+00,1.0000000000e+00,1.0000000000e+00
ADDVG2VCNVAD3NF,18,0,9,1.7578125000e-01,8.5531453651e-01,9.9999999598e-01,1.0000000000e+00,1.0000000000e+00,1.0000000000e+00
ADDVG2VCNVAD2NF,35,0,9,3.0468750000e-01,9.7358805587e-01,1.0000000000e+00,1.0000000000e+00,1.0000000000e+00,1.0000000000e+00
CNTVG2VD1_CNTVG2VZ1_B,1,0,3,1.2500000000e-01,7.3692442384e-01,9.9999841217e-01,1.0000000000e+00,1.0000000000e+00,1.0000000000e+00
ADDVG3VCNVAD1NF,52,0,11,2.9296875000e-01,9.6878336434e-01,1.0000000000e+00,1.0000000000e+00,1.0000000000e+00,1.0000000000e+00
ADDVG4VCNVAD1NF,33,0,13,2.6367187500e-02,2.3448797581e-01,9.3089329805e-01,1.0000000000e+00,1.0000000000e+00,1.0000000000e+00
P1_stem_MRVG1VDVAD1NF_B,3,0,4,3.7500000000e-01,9.9090505298e-01,1.0000000000e+00,1.0000000000e+00,1.0000000000e+00,1.0000000000e+00
P0_BMVG2VG1VAD1NF_B,1,0,4,6.2500000000e-02,4.7553952495e-01,9.9842555447e-01,1.0000000000e+00,1.0000000000e+00,1.0000000000e+00
ADDVG4VSN,111,0,13,1.8750000000e-01,8.7461843207e-01,9.9999999904e-01,1.0000000000e+00,1.0000000000e+00,1.0000000000e+00
ADDVG4VCNVAD2NF,42,0,13,4.1015625000e-02,3.4216752179e-01,9.8482414687e-01,1.0000000000e+00,1.0000000000e+00,1.0000000000e+00
ADDVG3VCNVAD3NF,42,0,11,1.6992187500e-01,8.4469347918e-01,9.9999999184e-01,1.0000000000e+00,1.0000000000e+00,1.0000000000e+00
ADDVG3VCNVAD2NF,56,0,11,2.9296875000e-01,9.6878336434e-01,1.0000000000e+00,1.0000000000e+00,1.0000000000e+00,1.0000000000e+00
ADDVG2VCNVAD3NF,21,0,9,1.8750000000e-01,8.7461843207e-01,9.9999999904e-01,1.0000000000e+00,1.0000000000e+00,1.0000000000e+00
ADDVG2VCNVAD4NF,3,0,9,1.1718750000e-02,1.1119690418e-01,6.9235094430e-01,9.9999240451e-01,1.0000000000e+00,1.0000000000e+00
CNTVG3VD1_CNTVG3VZ1_B,1,0,4,6.2500000000e-02,4.7553952495e-01,9.9842555447e-01,1.0000000000e+00,1.0000000000e+00,1.0000000000e+00
ADDVG4VCNVAD1NF,75,0,13,2.8710937500e-01,9.6609770998e-01,1.0000000000e+00,1.0000000000e+00,1.0000000000e+00,1.0000000000e+00
P2_stem_MRVG2VDVAD1NF_B,3,0,4,3.7500000000e-01,9.9090505298e-01,1.0000000000e+00,1.0000000000e+00,1.0000000000e+00,1.0000000000e+00
P1_BMVG3VG1VAD1NF_B,1,0,4,6.2500000000e-02,4.7553952495e-01,9.9842555447e-01,1.0000000000e+00,1.0000000000e+00,1.0000000000e+00
ADDVG4VCNVAD3NF,90,0,13,1.6699218750e-01,8.3912419048e-01,9.9999998839e-01,1.0000000000e+00,1.0000000000e+00,1.0000000000e+00
ADDVG4VCNVAD2NF,75,0,13,2.8710937500e-01,9.6609770998e-01,1.0000000000e+00,1.0000000000e+00,1.0000000000e+00,1.0000000000e+00
ADDVG3VCNVAD3NF,51,0,11,1.8750000000e-01,8.7461843207e-01,9.9999999904e-01,1.0000000000e+00,1.0000000000e+00,1.0000000000e+00
ADDVG3VCNVAD4NF,9,0,11,1.7578125000e-02,1.6250882227e-01,8.3025288257e-01,9.9999998014e-01,1.0000000000e+00,1.0000000000e+00
ADDVG2VCNVAD4NF,21,0,9,1.8750000000e-01,8.7461843207e-01,9.9999999904e-01,1.0000000000e+00,1.0000000000e+00,1.0000000000e+00
CNTVG3VD1_CNTVG3VZ1_B,2,0,4,1.8750000000e-01,8.7461843207e-01,9.9999999904e-01,1.0000000000e+00,1.0000000000e+00,1.0000000000e+00
AD0N,12,0,5,5.6250000000e-01,9.9974309026e-01,1.0000000000e+00,1.0000000000e+00,1.0000000000e+00,1.0000000000e+00
P2_stem_MRVG2VDVAD1NF_B,3,0,4,3.7500000000e-01,9.9090505298e-01,1.0000000000e+00,1.0000000000e+00,1.0000000000e+00,1.0000000000e+00
P1_BMVG3VG1VAD1NF_B,1,0,4,6.2500000000e-02,4.7553952495e-01,9.9842555447e-01,1.0000000000e+00,1.0000000000e+00,1.0000000000e+00
ADDVG4VCNVAD3NF,111,0,13,1.8750000000e-01,8.7461843207e-01,9.9999999904e-01,1.0000000000e+00,1.0000000000e+00,1.0000000000e+00
ADDVG4VCNVAD4NF,21,0,13,2.0507812500e-02,1.8715120958e-01,8.7407915248e-01,9.9999999900e-01,1.0000000000e+00,1.0000000000e+00
ADDVG3VCNVAD4NF,51,0,11,1.8750000000e-01,8.7461843207e-01,9.9999999904e-01,1.0000000000e+00,1.0000000000e+00,1.0000000000e+00
CNTVG1VZ1,2,0,4,3.1250000000e-01,9.7641004975e-01,1.0000000000e+00,1.0000000000e+00,1.0000000000e+00,1.0000000000e+00
AD1N,24,0,6,2.8125000000e-01,9.6320586674e-01,1.0000000000e+00,1.0000000000e+00,1.0000000000e+00,1.0000000000e+00
AD0N,6,0,5,1.8750000000e-01,8.7461843207e-01,9.9999999904e-01,1.0000000000e+00,1.0000000000e+00,1.0000000000e+00
P3_stem_MRVG3VDVAD1NF_B,3,0,4,3.7500000000e-01,9.9090505298e-01,1.0000000000e+00,1.0000000000e+00,1.0000000000e+00,1.0000000000e+00
P2_BMVG4VG1VAD1NF_B,1,0,4,6.2500000000e-02,4.7553952495e-01,9.9842555447e-01,1.0000000000e+00,1.0000000000e+00,1.0000000000e+00
ADDVG4VCNVAD4NF,111,0,13,1.8750000000e-01,8.7461843207e-01,9.9999999904e-01,1.0000000000e+00,1.0000000000e+00,1.0000000000e+00
CNTVG1VZ1,2,0,4,1.8750000000e-01,8.7461843207e-01,9.9999999904e-01,1.0000000000e+00,1.0000000000e+00,1.0000000000e+00
CNTVG2VZ1,2,0,4,1.8750000000e-01,8.7461843207e-01,9.9999999904e-01,1.0000000000e+00,1.0000000000e+00,1.0000000000e+00
AD1N,18,0,6,9.3750000000e-02,6.2633691437e-01,9.9994693576e-01,1.0000000000e+00,1.0000000000e+00,1.0000000000e+00
AD2N,54,0,6,2.8125000000e-01,9.6320586674e-01,1.0000000000e+00,1.0000000000e+00,1.0000000000e+00,1.0000000000e+00
P3_stem_MRVG3VDVAD1NF_B,3,0,4,3.7500000000e-01,9.9090505298e-01,1.0000000000e+00,1.0000000000e+00,1.0000000000e+00,1.0000000000e+00
P2_BMVG4VG1VAD1NF_B,1,0,4,6.2500000000e-02,4.7553952495e-01,9.9842555447e-01,1.0000000000e+00,1.0000000000e+00,1.0000000000e+00
CNTVG2VZ1,1,0,3,1.2500000000e-01,7.3692442384e-01,9.9999841217e-01,1.0000000000e+00,1.0000000000e+00,1.0000000000e+00
CNTVG3VZ1,3,0,4,2.5000000000e-01,9.4368648529e-01,1.0000000000e+00,1.0000000000e+00,1.0000000000e+00,1.0000000000e+00
AD3N,114,0,6,2.8125000000e-01,9.6320586674e-01,1.0000000000e+00,1.0000000000e+00,1.0000000000e+00,1.0000000000e+00
AD2N,48,0,6,9.3750000000e-02,6.2633691437e-01,9.9994693576e-01,1.0000000000e+00,1.0000000000e+00,1.0000000000e+00
P4_stem_ADDVG1VCN_B,3,0,6,9.3750000000e-02,6.2633691437e-01,9.9994693576e-01,1.0000000000e+00,1.0000000000e+00,1.0000000000e+00
P3_BMVG5VG1VAD1NF_B,1,0,4,6.2500000000e-02,4.7553952495e-01,9.9842555447e-01,1.0000000000e+00,1.0000000000e+00,1.0000000000e+00
CNTVG3VZ1,1,0,4,6.2500000000e-02,4.7553952495e-01,9.9842555447e-01,1.0000000000e+00,1.0000000000e+00,1.0000000000e+00
AMVS0N_AMVG2VG1VAD1NF_A,3,0,4,4.3750000000e-01,9.9682878806e-01,1.0000000000e+00,1.0000000000e+00,1.0000000000e+00,1.0000000000e+00
AD3N,108,0,6,9.3750000000e-02,6.2633691437e-01,9.9994693576e-01,1.0000000000e+00,1.0000000000e+00,1.0000000000e+00
P4_stem_ADDVG1VCN_B,3,0,6,9.3750000000e-02,6.2633691437e-01,9.9994693576e-01,1.0000000000e+00,1.0000000000e+00,1.0000000000e+00
P3_BMVG5VG1VAD1NF_B,1,0,4,6.2500000000e-02,4.7553952495e-01,9.9842555447e-01,1.0000000000e+00,1.0000000000e+00,1.0000000000e+00
SMVG2VS0P,22,0,9,1.8750000000e-01,8.7461843207e-01,9.9999999904e-01,1.0000000000e+00,1.0000000000e+00,1.0000000000e+00
AMVS0N_AMVG3VG1VAD1NF_A,3,0,4,4.3750000000e-01,9.9682878806e-01,1.0000000000e+00,1.0000000000e+00,1.0000000000e+00,1.0000000000e+00
AMVS0N_AMVG2VG1VAD1NF_A,1,0,5,3.1250000000e-02,2.7202384333e-01,9.5820045528e-01,1.0000000000e+00,1.0000000000e+00,1.0000000000e+00
P0_stem,1,0,1,5.0000000000e-01,9.9902343750e-01,1.0000000000e+00,1.0000000000e+00,1.0000000000e+00,1.0000000000e+00
SMVG3VS0P,51,0,11,1.8750000000e-01,8.7461843207e-01,9.9999999904e-01,1.0000000000e+00,1.0000000000e+00,1.0000000000e+00
SMVG2VS0P,6,0,8,3.1250000000e-02,2.7202384333e-01,9.5820045528e-01,1.0000000000e+00,1.0000000000e+00,1.0000000000e+00
ADSH_MRVSHLDN_A,19,0,13,5.1269531250e-01,9.9924489753e-01,1.0000000000e+00,1.0000000000e+00,1.0000000000e+00,1.0000000000e+00
BMVS0N_BMVG2VG1VAD1NF_A,1,0,4,6.2500000000e-02,4.7553952495e-01,9.9842555447e-01,1.0000000000e+00,1.0000000000e+00,1.0000000000e+00
AMVS0N_AMVG3VG1VAD1NF_A,1,0,5,3.1250000000e-02,2.7202384333e-01,9.5820045528e-01,1.0000000000e+00,1.0000000000e+00,1.0000000000e+00
AMVS0N_AMVG4VG1VAD1NF_A,3,0,4,4.3750000000e-01,9.9682878806e-01,1.0000000000e+00,1.0000000000e+00,1.0000000000e+00,1.0000000000e+00
P1_stem,1,0,1,5.0000000000e-01,9.9902343750e-01,1.0000000000e+00,1.0000000000e+00,1.0000000000e+00,1.0000000000e+00
P0_stem,1,0,1,5.0000000000e-01,9.9902343750e-01,1.0000000000e+00,1.0000000000e+00,1.0000000000e+00,1.0000000000e+00
SMVG3VS0P,18,0,11,3.1250000000e-02,2.7202384333e-01,9.5820045528e-01,1.0000000000e+00,1.0000000000e+00,1.0000000000e+00
SMVG4VS0P,112,0,13,1.8750000000e-01,8.7461843207e-01,9.9999999904e-01,1.0000000000e+00,1.0000000000e+00,1.0000000000e+00
ADSH_MRVSHLDN_A,8,0,11,2.3437500000e-01,9.3079124123e-01,1.0000000000e+00,1.0000000000e+00,1.0000000000e+00,1.0000000000e+00
BMVS0N_BMVG2VG1VAD1NF_A,1,0,5,3.1250000000e-02,2.7202384333e-01,9.5820045528e-01,1.0000000000e+00,1.0000000000e+00,1.0000000000e+00
BMVS0N_BMVG3VG1VAD1NF_A,1,0,4,6.2500000000e-02,4.7553952495e-01,9.9842555447e-01,1.0000000000e+00,1.0000000000e+00,1.0000000000e+00
AMVS0N_AMVG5VG1VAD1NF_A,3,0,4,4.3750000000e-01,9.9682878806e-01,1.0000000000e+00,1.0000000000e+00,1.0000000000e+00,1.0000000000e+00
AMVS0N_AMVG4VG1VAD1NF_A,1,0,5,3.1250000000e-02,2.7202384333e-01,9.5820045528e-01,1.0000000000e+00,1.0000000000e+00,1.0000000000e+00
P2_stem,1,0,1,5.0000000000e-01,9.9902343750e-01,1.0000000000e+00,1.0000000000e+00,1.0000000000e+00,1.0000000000e+00
P1_stem,1,0,1,5.0000000000e-01,9.9902343750e-01,1.0000000000e+00,1.0000000000e+00,1.0000000000e+00,1.0000000000e+00
SMVG4VS0P,38,0,13,3.1250000000e-02,2.7202384333e-01,9.5820045528e-01,1.0000000000e+00,1.0000000000e+00,1.0000000000e+00
SMVG5VS0P,46,0,13,8.7890625000e-02,6.0146249658e-01,9.9989891378e-01,1.0000000000e+00,1.0000000000e+00,1.0000000000e+00
ADDVG1VCN_ADDVG1VP_B,9,0,6,3.7500000000e-01,9.9090505298e-01,1.0000000000e+00,1.0000000000e+00,1.0000000000e+00,1.0000000000e+00
READY_CNTVG2VD1_A,1,0,4,6.2500000000e-02,4.7553952495e-01,9.9842555447e-01,1.0000000000e+00,1.0000000000e+00,1.0000000000e+00
BMVS0N_BMVG3VG1VAD1NF_A,1,0,5,3.1250000000e-02,2.7202384333e-01,9.5820045528e-01,1.0000000000e+00,1.0000000000e+00,1.0000000000e+00
BMVS0N_BMVG4VG1VAD1NF_A,1,0,4,6.2500000000e-02,4.7553952495e-01,9.9842555447e-01,1.0000000000e+00,1.0000000000e+00,1.0000000000e+00
AMVS0N_AMVG5VG1VAD1NF_A,1,0,5,3.1250000000e-02,2.7202384333e-01,9.5820045528e-01,1.0000000000e+00,1.0000000000e+00,1.0000000000e+00
P3_stem,1,0,1,5.0000000000e-01,9.9902343750e-01,1.0000000000e+00,1.0000000000e+00,1.0000000000e+00,1.0000000000e+00
P2_stem,1,0,1,5.0000000000e-01,9.9902343750e-01,1.0000000000e+00,1.0000000000e+00,1.0000000000e+00,1.0000000000e+00
SMVG5VS0P,14,0,13,6.8359375000e-03,6.6294401534e-02,4.9638387360e-01,9.9895046655e-01,1.0000000000e+00,1.0000000000e+00
ADDVG1VCN_ADDVG1VP_B,3,0,6,9.3750000000e-02,6.2633691437e-01,9.9994693576e-01,1.0000000000e+00,1.0000000000e+00,1.0000000000e+00
READY_CNTVG2VD1_A,2,0,4,1.8750000000e-01,8.7461843207e-01,9.9999999904e-01,1.0000000000e+00,1.0000000000e+00,1.0000000000e+00
BMVS0N_BMVG4VG1VAD1NF_A,1,0,5,3.1250000000e-02,2.7202384333e-01,9.5820045528e-01,1.0000000000e+00,1.0000000000e+00,1.0000000000e+00
BMVS0N_BMVG5VG1VAD1NF_A,1,0,4,6.2500000000e-02,4.7553952495e-01,9.9842555447e-01,1.0000000000e+00,1.0000000000e+00,1.0000000000e+00
P3_stem,1,0,1,5.0000000000e-01,9.9902343750e-01,1.0000000000e+00,1.0000000000e+00,1.0000000000e+00,1.0000000000e+00
P4_stem,1,0,1,5.0000000000e-01,9.9902343750e-01,1.0000000000e+00,1.0000000000e+00,1.0000000000e+00,1.0000000000e+00
BMVS0N_BMVG5VG1VAD1NF_A,1,0,5,3.1250000000e-02,2.7202384333e-01,9.5820045528e-01,1.0000000000e+00,1.0000000000e+00,1.0000000000e+00
P5_stem,1,0,1,5.0000000000e-01,9.9902343750e-01,1.0000000000e+00,1.0000000000e+00,1.0000000000e+00,1.0000000000e+00
P4_stem,1,0,1,5.0000000000e-01,9.9902343750e-01,1.0000000000e+00,1.0000000000e+00,1.0000000000e+00,1.0000000000e+00
P6_stem,1,0,1,5.0000000000e-01,9.9902343750e-01,1.0000000000e+00,1.0000000000e+00,1.0000000000e+00,1.0000000000e+00
P5_stem,1,0,1,5.0000000000e-01,9.9902343750e-01,1.0000000000e+00,1.0000000000e+00,1.0000000000e+00,1.0000000000e+00
AMVG2VG1VAD1NF,3,0,4,4.3750000000e-01,9.9682878806e-01,1.0000000000e+00,1.0000000000e+00,1.0000000000e+00,1.0000000000e+00
P7_stem,1,0,1,5.0000000000e-01,9.9902343750e-01,1.0000000000e+00,1.0000000000e+00,1.0000000000e+00,1.0000000000e+00
P6_stem,1,0,1,5.0000000000e-01,9.9902343750e-01,1.0000000000e+00,1.0000000000e+00,1.0000000000e+00,1.0000000000e+00
AMVG2VG1VAD2NF,1,0,4,6.2500000000e-02,4.7553952495e-01,9.9842555447e-01,1.0000000000e+00,1.0000000000e+00,1.0000000000e+00
BMVG2VG1VAD1NF,1,0,4,6.2500000000e-02,4.7553952495e-01,9.9842555447e-01,1.0000000000e+00,1.0000000000e+00,1.0000000000e+00
AMVG3VG1VAD1NF,3,0,4,4.3750000000e-01,9.9682878806e-01,1.0000000000e+00,1.0000000000e+00,1.0000000000e+00,1.0000000000e+00
AMVG2VG1VAD1NF,4,0,5,5.0000000000e-01,9.9902343750e-01,1.0000000000e+00,1.0000000000e+00,1.0000000000e+00,1.0000000000e+00
P7_stem,1,0,1,5.0000000000e-01,9.9902343750e-01,1.0000000000e+00,1.0000000000e+00,1.0000000000e+00,1.0000000000e+00
ADDVG1VP,9,0,6,3.7500000000e-01,9.9090505298e-01,1.0000000000e+00,1.0000000000e+00,1.0000000000e+00,1.0000000000e+00
BMVG2VG1VAD2NF,1,0,4,6.2500000000e-02,4.7553952495e-01,9.9842555447e-01,1.0000000000e+00,1.0000000000e+00,1.0000000000e+00
BMVG3VG1VAD1NF,1,0,4,6.2500000000e-02,4.7553952495e-01,9.9842555447e-01,1.0000000000e+00,1.0000000000e+00,1.0000000000e+00
AMVG3VG1VAD2NF,1,0,4,6.2500000000e-02,4.7553952495e-01,9.9842555447e-01,1.0000000000e+00,1.0000000000e+00,1.0000000000e+00
AMVG2VG1VAD2NF,4,0,5,5.0000000000e-01,9.9902343750e-01,1.0000000000e+00,1.0000000000e+00,1.0000000000e+00,1.0000000000e+00
BMVG2VG1VAD1NF,2,0,5,1.2500000000e-01,7.3692442384e-01,9.9999841217e-01,1.0000000000e+00,1.0000000000e+00,1.0000000000e+00
READY,1,0,3,1.2500000000e-01,7.3692442384e-01,9.9999841217e-01,1.0000000000e+00,1.0000000000e+00,1.0000000000e+00
AMVG4VG1VAD1NF,3,0,4,4.3750000000e-01,9.9682878806e-01,1.0000000000e+00,1.0000000000e+00,1.0000000000e+00,1.0000000000e+00
AMVG3VG1VAD1NF,4,0,5,5.0000000000e-01,9.9902343750e-01,1.0000000000e+00,1.0000000000e+00,1.0000000000e+00,1.0000000000e+00
SMVS0N_SMVG2VS0P_A,6,0,8,3.1250000000e-02,2.7202384333e-01,9.5820045528e-01,1.0000000000e+00,1.0000000000e+00,1.0000000000e+00
ADDVG1VP,9,0,6,3.7500000000e-01,9.9090505298e-01,1.0000000000e+00,1.0000000000e+00,1.0000000000e+00,1.0000000000e+00
BMVG2VG1VAD2NF,2,0,5,1.2500000000e-01,7.3692442384e-01,9.9999841217e-01,1.0000000000e+00,1.0000000000e+00,1.0000000000e+00
BMVG3VG1VAD2NF,1,0,4,6.2500000000e-02,4.7553952495e-01,9.9842555447e-01,1.0000000000e+00,1.0000000000e+00,1.0000000000e+00
BMVG4VG1VAD1NF,1,0,4,6.2500000000e-02,4.7553952495e-01,9.9842555447e-01,1.0000000000e+00,1.0000000000e+00,1.0000000000e+00
BMVG3VG1VAD1NF,2,0,5,1.2500000000e-01,7.3692442384e-01,9.9999841217e-01,1.0000000000e+00,1.0000000000e+00,1.0000000000e+00
AMVG4VG1VAD2NF,1,0,4,6.2500000000e-02,4.7553952495e-01,9.9842555447e-01,1.0000000000e+00,1.0000000000e+00,1.0000000000e+00
AMVG3VG1VAD2NF,4,0,5,5.0000000000e-01,9.9902343750e-01,1.0000000000e+00,1.0000000000e+00,1.0000000000e+00,1.0000000000e+00
READY,3,0,3,8.7500000000e-01,9.9999999907e-01,1.0000000000e+00,1.0000000000e+00,1.0000000000e+00,1.0000000000e+00
AMVG5VG1VAD1NF,3,0,4,4.3750000000e-01,9.9682878806e-01,1.0000000000e+00,1.0000000000e+00,1.0000000000e+00,1.0000000000e+00
AMVG4VG1VAD1NF,4,0,5,5.0000000000e-01,9.9902343750e-01,1.0000000000e+00,1.0000000000e+00,1.0000000000e+00,1.0000000000e+00
AD0_ADDVG1VCN_A,3,0,6,9.3750000000e-02,6.2633691437e-01,9.9994693576e-01,1.0000000000e+00,1.0000000000e+00,1.0000000000e+00
SMVS0N_SMVG2VS0P_A,21,0,9,1.8750000000e-01,8.7461843207e-01,9.9999999904e-01,1.0000000000e+00,1.0000000000e+00,1.0000000000e+00
SMVS0N_SMVG3VS0P_A,18,0,11,3.1250000000e-02,2.7202384333e-01,9.5820045528e-01,1.0000000000e+00,1.0000000000e+00,1.0000000000e+00
BMVG3VG1VAD2NF,2,0,5,1.2500000000e-01,7.3692442384e-01,9.9999841217e-01,1.0000000000e+00,1.0000000000e+00,1.0000000000e+00
BMVG4VG1VAD2NF,1,0,4,6.2500000000e-02,4.7553952495e-01,9.9842555447e-01,1.0000000000e+00,1.0000000000e+00,1.0000000000e+00
BMVG5VG1VAD1NF,1,0,4,6.2500000000e-02,4.7553952495e-01,9.9842555447e-01,1.0000000000e+00,1.0000000000e+00,1.0000000000e+00
BMVG4VG1VAD1NF,2,0,5,1.2500000000e-01,7.3692442384e-01,9.9999841217e-01,1.0000000000e+00,1.0000000000e+00,1.0000000000e+00
AMVG5VG1VAD2NF,1,0,4,6.2500000000e-02,4.7553952495e-01,9.9842555447e-01,1.0000000000e+00,1.0000000000e+00,1.0000000000e+00
AMVG4VG1VAD2NF,4,0,5,5.0000000000e-01,9.9902343750e-01,1.0000000000e+00,1.0000000000e+00,1.0000000000e+00,1.0000000000e+00
AMVG5VG1VAD1NF,4,0,5,5.0000000000e-01,9.9902343750e-01,1.0000000000e+00,1.0000000000e+00,1.0000000000e+00,1.0000000000e+00
AD0_ADDVG1VCN_A,6,0,6,2.8125000000e-01,9.6320586674e-01,1.0000000000e+00,1.0000000000e+00,1.0000000000e+00,1.0000000000e+00
SMVS0N_SMVG3VS0P_A,52,0,11,1.8750000000e-01,8.7461843207e-01,9.9999999904e-01,1.0000000000e+00,1.0000000000e+00,1.0000000000e+00
SMVS0N_SMVG4VS0P_A,38,0,13,3.1250000000e-02,2.7202384333e-01,9.5820045528e-01,1.0000000000e+00,1.0000000000e+00,1.0000000000e+00
BMVG4VG1VAD2NF,2,0,5,1.2500000000e-01,7.3692442384e-01,9.9999841217e-01,1.0000000000e+00,1.0000000000e+00,1.0000000000e+00
BMVG5VG1VAD2NF,1,0,4,6.2500000000e-02,4.7553952495e-01,9.9842555447e-01,1.0000000000e+00,1.0000000000e+00,1.0000000000e+00
BMVG5VG1VAD1NF,2,0,5,1.2500000000e-01,7.3692442384e-01,9.9999841217e-01,1.0000000000e+00,1.0000000000e+00,1.0000000000e+00
AMVG5VG1VAD2NF,4,0,5,5.0000000000e-01,9.9902343750e-01,1.0000000000e+00,1.0000000000e+00,1.0000000000e+00,1.0000000000e+00
SMVS0N_SMVG4VS0P_A,113,0,13,1.8750000000e-01,8.7461843207e-01,9.9999999904e-01,1.0000000000e+00,1.0000000000e+00,1.0000000000e+00
SMVS0N_SMVG5VS0P_A,14,0,13,6.8359375000e-03,6.6294401534e-02,4.9638387360e-01,9.9895046655e-01,1.0000000000e+00,1.0000000000e+00
BMVG5VG1VAD2NF,2,0,5,1.2500000000e-01,7.3692442384e-01,9.9999841217e-01,1.0000000000e+00,1.0000000000e+00,1.0000000000e+00
SMVS0N_SMVG5VS0P_A,46,0,13,8.7890625000e-02,6.0146249658e-01,9.9989891378e-01,1.0000000000e+00,1.0000000000e+00,1.0000000000e+00
ADSH_MRVG1VDVAD1NF_A,3,0,4,3.7500000000e-01,9.9090505298e-01,1.0000000000e+00,1.0000000000e+00,1.0000000000e+00,1.0000000000e+00
P0_stem_AD0N_A,6,0,5,1.8750000000e-01,8.7461843207e-01,9.9999999904e-01,1.0000000000e+00,1.0000000000e+00,1.0000000000e+00
CT1N,1,0,3,1.2500000000e-01,7.3692442384e-01,9.9999841217e-01,1.0000000000e+00,1.0000000000e+00,1.0000000000e+00
ADSH_MRVG1VDVAD1NF_A,2,0,6,6.2500000000e-02,4.7553952495e-01,9.9842555447e-01,1.0000000000e+00,1.0000000000e+00,1.0000000000e+00
ADSH_MRVG2VDVAD1NF_A,3,0,4,3.7500000000e-01,9.9090505298e-01,1.0000000000e+00,1.0000000000e+00,1.0000000000e+00,1.0000000000e+00
P0_stem_AD1N_A,18,0,6,9.3750000000e-02,6.2633691437e-01,9.9994693576e-01,1.0000000000e+00,1.0000000000e+00,1.0000000000e+00
P0_stem_AD0N_A,6,0,5,1.8750000000e-01,8.7461843207e-01,9.9999999904e-01,1.0000000000e+00,1.0000000000e+00,1.0000000000e+00
P5_SMVG3VG1VAD1NF_B,2,0,5,6.2500000000e-02,4.7553952495e-01,9.9842555447e-01,1.0000000000e+00,1.0000000000e+00,1.0000000000e+00
CT1N,1,0,3,1.2500000000e-01,7.3692442384e-01,9.9999841217e-01,1.0000000000e+00,1.0000000000e+00,1.0000000000e+00
ADSH_MRVG2VDVAD1NF_A,2,0,6,6.2500000000e-02,4.7553952495e-01,9.9842555447e-01,1.0000000000e+00,1.0000000000e+00,1.0000000000e+00
ADSH_MRVG3VDVAD1NF_A,3,0,4,3.7500000000e-01,9.9090505298e-01,1.0000000000e+00,1.0000000000e+00,1.0000000000e+00,1.0000000000e+00
CNTVG1VD1_CNTVG1VG2VOR1NF_B,1,0,2,2.5000000000e-01,9.4368648529e-01,1.0000000000e+00,1.0000000000e+00,1.0000000000e+00,1.0000000000e+00
P0_stem_AD2N_A,48,0,6,9.3750000000e-02,6.2633691437e-01,9.9994693576e-01,1.0000000000e+00,1.0000000000e+00,1.0000000000e+00
P0_stem_AD1N_A,6,0,6,9.3750000000e-02,6.2633691437e-01,9.9994693576e-01,1.0000000000e+00,1.0000000000e+00,1.0000000000e+00
P5_stem_ADDVG2VCNVAD1NF_B,6,0,9,3.5156250000e-02,3.0085077677e-01,9.7209392258e-01,1.0000000000e+00,1.0000000000e+00,1.0000000000e+00
P5_SMVG3VG1VAD1NF_B,2,0,5,6.2500000000e-02,4.7553952495e-01,9.9842555447e-01,1.0000000000e+00,1.0000000000e+00,1.0000000000e+00
CNTVG1VQN,2,0,4,1.8750000000e-01,8.7461843207e-01,9.9999999904e-01,1.0000000000e+00,1.0000000000e+00,1.0000000000e+00
ADSH_MRVG3VDVAD1NF_A,2,0,6,6.2500000000e-02,4.7553952495e-01,9.9842555447e-01,1.0000000000e+00,1.0000000000e+00,1.0000000000e+00
ADSH_MRVG4VDVAD1NF_A,10,0,6,3.7500000000e-01,9.9090505298e-01,1.0000000000e+00,1.0000000000e+00,1.0000000000e+00,1.0000000000e+00
AD0,6,0,5,1.8750000000e-01,8.7461843207e-01,9.9999999904e-01,1.0000000000e+00,1.0000000000e+00,1.0000000000e+00
P0_stem_AD3N_A,108,0,6,9.3750000000e-02,6.2633691437e-01,9.9994693576e-01,1.0000000000e+00,1.0000000000e+00,1.0000000000e+00
P0_stem_AD2N_A,6,0,6,9.3750000000e-02,6.2633691437e-01,9.9994693576e-01,1.0000000000e+00,1.0000000000e+00,1.0000000000e+00
P6_SMVG4VG1VAD1NF_B,2,0,5,6.2500000000e-02,4.7553952495e-01,9.9842555447e-01,1.0000000000e+00,1.0000000000e+00,1.0000000000e+00
P5_stem_ADDVG2VCNVAD1NF_B,6,0,9,3.5156250000e-02,3.0085077677e-01,9.7209392258e-01,1.0000000000e+00,1.0000000000e+00,1.0000000000e+00
CNTVG2VQN,1,0,3,1.2500000000e-01,7.3692442384e-01,9.9999841217e-01,1.0000000000e+00,1.0000000000e+00,1.0000000000e+00
CNTVG1VQN,2,0,4,1.8750000000e-01,8.7461843207e-01,9.9999999904e-01,1.0000000000e+00,1.0000000000e+00,1.0000000000e+00
ADSH_MRVG4VDVAD1NF_A,6,0,8,6.2500000000e-02,4.7553952495e-01,9.9842555447e-01,1.0000000000e+00,1.0000000000e+00,1.0000000000e+00
CNTVG2VD1_CNTVG2VG2VOR1NF_B,1,0,4,6.2500000000e-02,4.7553952495e-01,9.9842555447e-01,1.0000000000e+00,1.0000000000e+00,1.0000000000e+00
AD0,12,0,5,5.6250000000e-01,9.9974309026e-01,1.0000000000e+00,1.0000000000e+00,1.0000000000e+00,1.0000000000e+00
AD1,18,0,6,9.3750000000e-02,6.2633691437e-01,9.9994693576e-01,1.0000000000e+00,1.0000000000e+00,1.0000000000e+00
CNTVCON0_CNTVG2VD1_B,2,0,2,2.5000000000e-01,9.4368648529e-01,1.0000000000e+00,1.0000000000e+00,1.0000000000e+00,1.0000000000e+00
P0_stem_AD3N_A,6,0,6,9.3750000000e-02,6.2633691437e-01,9.9994693576e-01,1.0000000000e+00,1.0000000000e+00,1.0000000000e+00
P6_SMVG4VG1VAD1NF_B,2,0,5,6.2500000000e-02,4.7553952495e-01,9.9842555447e-01,1.0000000000e+00,1.0000000000e+00,1.0000000000e+00
CNTVG2VQN,1,0,3,1.2500000000e-01,7.3692442384e-01,9.9999841217e-01,1.0000000000e+00,1.0000000000e+00,1.0000000000e+00
CNTVG3VQN,1,0,3,1.2500000000e-01,7.3692442384e-01,9.9999841217e-01,1.0000000000e+00,1.0000000000e+00,1.0000000000e+00
P6_stem_ADDVG3VCNVAD1NF_B,15,0,11,2.9296875000e-02,2.5721302854e-01,9.4887388698e-01,1.0000000000e+00,1.0000000000e+00,1.0000000000e+00
CNTVG2VD1_CNTVG2VG2VOR1NF_B,2,0,4,1.8750000000e-01,8.7461843207e-01,9.9999999904e-01,1.0000000000e+00,1.0000000000e+00,1.0000000000e+00
ADDVG2VCNVOR1NF,6,0,9,2.3437500000e-02,2.1113909478e-01,9.0667363815e-01,9.9999999995e-01,1.0000000000e+00,1.0000000000e+00
AD2,48,0,6,9.3750000000e-02,6.2633691437e-01,9.9994693576e-01,1.0000000000e+00,1.0000000000e+00,1.0000000000e+00
AD1,24,0,6,2.8125000000e-01,9.6320586674e-01,1.0000000000e+00,1.0000000000e+00,1.0000000000e+00,1.0000000000e+00
CNTVCON0_CNTVG2VD1_B,2,0,4,1.8750000000e-01,8.7461843207e-01,9.9999999904e-01,1.0000000000e+00,1.0000000000e+00,1.0000000000e+00
P7_SMVG5VG1VAD1NF_B,2,0,5,6.2500000000e-02,4.7553952495e-01,9.9842555447e-01,1.0000000000e+00,1.0000000000e+00,1.0000000000e+00
CNTVG3VQN,1,0,3,1.2500000000e-01,7.3692442384e-01,9.9999841217e-01,1.0000000000e+00,1.0000000000e+00,1.0000000000e+00
P6_stem_ADDVG3VCNVAD1NF_B,15,0,11,2.9296875000e-02,2.5721302854e-01,9.4887388698e-01,1.0000000000e+00,1.0000000000e+00,1.0000000000e+00
ADDVG2VCNVOR2NF,18,0,9,1.7578125000e-01,8.5531453651e-01,9.9999999598e-01,1.0000000000e+00,1.0000000000e+00,1.0000000000e+00
CNTVG3VD1_CNTVG3VG2VOR1NF_B,1,0,4,6.2500000000e-02,4.7553952495e-01,9.9842555447e-01,1.0000000000e+00,1.0000000000e+00,1.0000000000e+00
ADDVG2VCNVOR1NF,3,0,9,1.1718750000e-02,1.1119690418e-01,6.9235094430e-01,9.9999240451e-01,1.0000000000e+00,1.0000000000e+00
ADDVG3VCNVOR1NF,18,0,11,3.5156250000e-02,3.0085077677e-01,9.7209392258e-01,1.0000000000e+00,1.0000000000e+00,1.0000000000e+00
CNTVCON1_CNTVG3VD1_B,3,0,4,3.1250000000e-01,9.7641004975e-01,1.0000000000e+00,1.0000000000e+00,1.0000000000e+00,1.0000000000e+00
AD2,54,0,6,2.8125000000e-01,9.6320586674e-01,1.0000000000e+00,1.0000000000e+00,1.0000000000e+00,1.0000000000e+00
AD3,108,0,6,9.3750000000e-02,6.2633691437e-01,9.9994693576e-01,1.0000000000e+00,1.0000000000e+00,1.0000000000e+00
P7_SMVG5VG1VAD1NF_B,2,0,5,6.2500000000e-02,4.7553952495e-01,9.9842555447e-01,1.0000000000e+00,1.0000000000e+00,1.0000000000e+00
P7_stem_ADDVG4VCNVAD1NF_B,33,0,13,2.6367187500e-02,2.3448797581e-01,9.3089329805e-01,1.0000000000e+00,1.0000000000e+00,1.0000000000e+00
P5_stem_ADDVG2VCNVAD4NF_C,3,0,9,1.1718750000e-02,1.1119690418e-01,6.9235094430e-01,9.9999240451e-01,1.0000000000e+00,1.0000000000e+00
ADDVG3VCNVOR2NF,42,0,11,1.6992187500e-01,8.4469347918e-01,9.9999999184e-01,1.0000000000e+00,1.0000000000e+00,1.0000000000e+00
ADDVG2VCNVOR2NF,9,0,9,1.2890625000e-01,7.4843571864e-01,9.9999898494e-01,1.0000000000e+00,1.0000000000e+00,1.0000000000e+00
CNTVG3VD1_CNTVG3VG2VOR1NF_B,2,0,4,1.8750000000e-01,8.7461843207e-01,9.9999999904e-01,1.0000000000e+00,1.0000000000e+00,1.0000000000e+00
ADDVG3VCNVOR1NF,9,0,11,1.7578125000e-02,1.6250882227e-01,8.3025288257e-01,9.9999998014e-01,1.0000000000e+00,1.0000000000e+00
ADDVG4VCNVOR1NF,42,0,13,4.1015625000e-02,3.4216752179e-01,9.8482414687e-01,1.0000000000e+00,1.0000000000e+00,1.0000000000e+00
CNTVCON1_CNTVG3VD1_B,2,0,3,1.2500000000e-01,7.3692442384e-01,9.9999841217e-01,1.0000000000e+00,1.0000000000e+00,1.0000000000e+00
AD3,114,0,6,2.8125000000e-01,9.6320586674e-01,1.0000000000e+00,1.0000000000e+00,1.0000000000e+00,1.0000000000e+00
P7_stem_ADDVG4VCNVAD1NF_B,33,0,13,2.6367187500e-02,2.3448797581e-01,9.3089329805e-01,1.0000000000e+00,1.0000000000e+00,1.0000000000e+00
P5_stem_ADDVG2VCNVAD4NF_C,3,0,9,1.1718750000e-02,1.1119690418e-01,6.9235094430e-01,9.9999240451e-01,1.0000000000e+00,1.0000000000e+00
ADDVG4VCNVOR2NF,90,0,13,1.6699218750e-01,8.3912419048e-01,9.9999998839e-01,1.0000000000e+00,1.0000000000e+00,1.0000000000e+00
ADDVG3VCNVOR2NF,18,0,11,1.2304687500e-01,7.3099286430e-01,9.9999801556e-01,1.0000000000e+00,1.0000000000e+00,1.0000000000e+00
CNTVG1VG2VOR1NF,2,0,4,3.1250000000e-01,9.7641004975e-01,1.0000000000e+00,1.0000000000e+00,1.0000000000e+00,1.0000000000e+00
ADDVG4VCNVOR1NF,21,0,13,2.0507812500e-02,1.8715120958e-01,8.7407915248e-01,9.9999999900e-01,1.0000000000e+00,1.0000000000e+00
P6_stem_ADDVG3VCNVAD4NF_C,9,0,11,1.7578125000e-02,1.6250882227e-01,8.3025288257e-01,9.9999998014e-01,1.0000000000e+00,1.0000000000e+00
ADDVG4VCNVOR2NF,36,0,13,1.2011718750e-01,7.2186967493e-01,9.9999722998e-01,1.0000000000e+00,1.0000000000e+00,1.0000000000e+00
CNTVG2VG2VOR1NF,2,0,4,1.8750000000e-01,8.7461843207e-01,9.9999999904e-01,1.0000000000e+00,1.0000000000e+00,1.0000000000e+00
P6_stem_ADDVG3VCNVAD4NF_C,9,0,11,1.7578125000e-02,1.6250882227e-01,8.3025288257e-01,9.9999998014e-01,1.0000000000e+00,1.0000000000e+00
CNTVCON0,3,0,4,3.1250000000e-01,9.7641004975e-01,1.0000000000e+00,1.0000000000e+00,1.0000000000e+00,1.0000000000e+00
CNTVG2VG2VOR1NF,2,0,4,1.8750000000e-01,8.7461843207e-01,9.9999999904e-01,1.0000000000e+00,1.0000000000e+00,1.0000000000e+00
CNTVG3VG2VOR1NF,3,0,4,2.5000000000e-01,9.4368648529e-01,1.0000000000e+00,1.0000000000e+00,1.0000000000e+00,1.0000000000e+00
ADSH,202,0,20,7.2441101074e-01,9.9999747292e-01,1.0000000000e+00,1.0000000000e+00,1.0000000000e+00,1.0000000000e+00
CNTVCON1,4,0,4,5.6250000000e-01,9.9974309026e-01,1.0000000000e+00,1.0000000000e+00,1.0000000000e+00,1.0000000000e+00
CNTVCON0,3,0,4,2.5000000000e-01,9.4368648529e-01,1.0000000000e+00,1.0000000000e+00,1.0000000000e+00,1.0000000000e+00
P7_stem_ADDVG4VCNVAD4NF_C,21,0,13,2.0507812500e-02,1.8715120958e-01,8.7407915248e-01,9.9999999900e-01,1.0000000000e+00,1.0000000000e+00
SMVG2VG1VAD1NF,2,0,5,6.2500000000e-02,4.7553952495e-01,9.9842555447e-01,1.0000000000e+00,1.0000000000e+00,1.0000000000e+00
CNTVG1VD,2,0,4,3.1250000000e-01,9.7641004975e-01,1.0000000000e+00,1.0000000000e+00,1.0000000000e+00,1.0000000000e+00
CNTVG3VG2VOR1NF,2,0,4,1.8750000000e-01,8.7461843207e-01,9.9999999904e-01,1.0000000000e+00,1.0000000000e+00,1.0000000000e+00
ADSH,149,0,20,2.4135589600e-01,9.3684890732e-01,1.0000000000e+00,1.0000000000e+00,1.0000000000e+00,1.0000000000e+00
CNTVCON2,3,0,3,8.7500000000e-01,9.9999999907e-01,1.0000000000e+00,1.0000000000e+00,1.0000000000e+00,1.0000000000e+00
CNTVCON1,2,0,4,1.8750000000e-01,8.7461843207e-01,9.9999999904e-01,1.0000000000e+00,1.0000000000e+00,1.0000000000e+00
P7_stem_ADDVG4VCNVAD4NF_C,21,0,13,2.0507812500e-02,1.8715120958e-01,8.7407915248e-01,9.9999999900e-01,1.0000000000e+00,1.0000000000e+00
SMVG2VG1VAD2NF,21,0,9,1.8750000000e-01,8.7461843207e-01,9.9999999904e-01,1.0000000000e+00,1.0000000000e+00,1.0000000000e+00
CNTVG2VD,2,0,4,1.8750000000e-01,8.7461843207e-01,9.9999999904e-01,1.0000000000e+00,1.0000000000e+00,1.0000000000e+00
SMVG2VG1VAD1NF,19,0,9,2.5000000000e-01,9.4368648529e-01,1.0000000000e+00,1.0000000000e+00,1.0000000000e+00,1.0000000000e+00
SMVG3VG1VAD1NF,2,0,5,6.2500000000e-02,4.7553952495e-01,9.9842555447e-01,1.0000000000e+00,1.0000000000e+00,1.0000000000e+00
CNTVG1VD,3,0,4,6.8750000000e-01,9.9999111822e-01,1.0000000000e+00,1.0000000000e+00,1.0000000000e+00,1.0000000000e+00
AM0,4,0,5,5.0000000000e-01,9.9902343750e-01,1.0000000000e+00,1.0000000000e+00,1.0000000000e+00,1.0000000000e+00
CNTVCON2,1,0,3,1.2500000000e-01,7.3692442384e-01,9.9999841217e-01,1.0000000000e+00,1.0000000000e+00,1.0000000000e+00
SMVG3VG1VAD2NF,52,0,11,1.8750000000e-01,8.7461843207e-01,9.9999999904e-01,1.0000000000e+00,1.0000000000e+00,1.0000000000e+00
SMVG2VG1VAD2NF,20,0,9,2.5000000000e-01,9.4368648529e-01,1.0000000000e+00,1.0000000000e+00,1.0000000000e+00,1.0000000000e+00
CNTVG3VD,3,0,4,2.5000000000e-01,9.4368648529e-01,1.0000000000e+00,1.0000000000e+00,1.0000000000e+00,1.0000000000e+00
CNTVG2VD,4,0,4,8.1250000000e-01,9.9999994630e-01,1.0000000000e+00,1.0000000000e+00,1.0000000000e+00,1.0000000000e+00
SMVG4VG1VAD1NF,2,0,5,6.2500000000e-02,4.7553952495e-01,9.9842555447e-01,1.0000000000e+00,1.0000000000e+00,1.0000000000e+00
SMVG3VG1VAD1NF,37,0,11,2.5000000000e-01,9.4368648529e-01,1.0000000000e+00,1.0000000000e+00,1.0000000000e+00,1.0000000000e+00
BM0,2,0,5,1.2500000000e-01,7.3692442384e-01,9.9999841217e-01,1.0000000000e+00,1.0000000000e+00,1.0000000000e+00
AM1,4,0,5,5.0000000000e-01,9.9902343750e-01,1.0000000000e+00,1.0000000000e+00,1.0000000000e+00,1.0000000000e+00
AM0,4,0,5,5.0000000000e-01,9.9902343750e-01,1.0000000000e+00,1.0000000000e+00,1.0000000000e+00,1.0000000000e+00
SMVG4VG1VAD2NF,113,0,13,1.8750000000e-01,8.7461843207e-01,9.9999999904e-01,1.0000000000e+00,1.0000000000e+00,1.0000000000e+00
SMVG3VG1VAD2NF,38,0,11,2.5000000000e-01,9.4368648529e-01,1.0000000000e+00,1.0000000000e+00,1.0000000000e+00,1.0000000000e+00
CNTVG3VD,4,0,4,7.5000000000e-01,9.9999904633e-01,1.0000000000e+00,1.0000000000e+00,1.0000000000e+00,1.0000000000e+00
SMVG4VG1VAD1NF,78,0,13,2.5000000000e-01,9.4368648529e-01,1.0000000000e+00,1.0000000000e+00,1.0000000000e+00,1.0000000000e+00
SMVG5VG1VAD1NF,2,0,5,6.2500000000e-02,4.7553952495e-01,9.9842555447e-01,1.0000000000e+00,1.0000000000e+00,1.0000000000e+00
BM0,2,0,5,1.2500000000e-01,7.3692442384e-01,9.9999841217e-01,1.0000000000e+00,1.0000000000e+00,1.0000000000e+00
BM1,2,0,5,1.2500000000e-01,7.3692442384e-01,9.9999841217e-01,1.0000000000e+00,1.0000000000e+00,1.0000000000e+00
AM1,4,0,5,5.0000000000e-01,9.9902343750e-01,1.0000000000e+00,1.0000000000e+00,1.0000000000e+00,1.0000000000e+00
AM2,4,0,5,5.0000000000e-01,9.9902343750e-01,1.0000000000e+00,1.0000000000e+00,1.0000000000e+00,1.0000000000e+00
AD1_ADDVG2VCNVAD1NF_A,6,0,9,3.5156250000e-02,3.0085077677e-01,9.7209392258e-01,1.0000000000e+00,1.0000000000e+00,1.0000000000e+00
SMVG4VG1VAD2NF,79,0,13,2.5000000000e-01,9.4368648529e-01,1.0000000000e+00,1.0000000000e+00,1.0000000000e+00,1.0000000000e+00
SMVG5VG1VAD2NF,45,0,13,8.7890625000e-02,6.0146249658e-01,9.9989891378e-01,1.0000000000e+00,1.0000000000e+00,1.0000000000e+00
SMVG5VG1VAD1NF,51,0,13,3.4960937500e-01,9.8645613160e-01,1.0000000000e+00,1.0000000000e+00,1.0000000000e+00,1.0000000000e+00
BM1,2,0,5,1.2500000000e-01,7.3692442384e-01,9.9999841217e-01,1.0000000000e+00,1.0000000000e+00,1.0000000000e+00
BM2,2,0,5,1.2500000000e-01,7.3692442384e-01,9.9999841217e-01,1.0000000000e+00,1.0000000000e+00,1.0000000000e+00
AM3,4,0,5,5.0000000000e-01,9.9902343750e-01,1.0000000000e+00,1.0000000000e+00,1.0000000000e+00,1.0000000000e+00
AM2,4,0,5,5.0000000000e-01,9.9902343750e-01,1.0000000000e+00,1.0000000000e+00,1.0000000000e+00,1.0000000000e+00
AD1_ADDVG2VCNVAD1NF_A,9,0,9,1.2890625000e-01,7.4843571864e-01,9.9999898494e-01,1.0000000000e+00,1.0000000000e+00,1.0000000000e+00
SMVG5VG1VAD2NF,50,0,13,3.4960937500e-01,9.8645613160e-01,1.0000000000e+00,1.0000000000e+00,1.0000000000e+00,1.0000000000e+00
BM2,2,0,5,1.2500000000e-01,7.3692442384e-01,9.9999841217e-01,1.0000000000e+00,1.0000000000e+00,1.0000000000e+00
BM3,2,0,5,1.2500000000e-01,7.3692442384e-01,9.9999841217e-01,1.0000000000e+00,1.0000000000e+00,1.0000000000e+00
AM3,4,0,5,5.0000000000e-01,9.9902343750e-01,1.0000000000e+00,1.0000000000e+00,1.0000000000e+00,1.0000000000e+00
AD2_ADDVG3VCNVAD1NF_A,15,0,11,2.9296875000e-02,2.5721302854e-01,9.4887388698e-01,1.0000000000e+00,1.0000000000e+00,1.0000000000e+00
BM3,2,0,5,1.2500000000e-01,7.3692442384e-01,9.9999841217e-01,1.0000000000e+00,1.0000000000e+00,1.0000000000e+00
AD2_ADDVG3VCNVAD1NF_A,18,0,11,1.2304687500e-01,7.3099286430e-01,9.9999801556e-01,1.0000000000e+00,1.0000000000e+00,1.0000000000e+00
ADDVG1VCN_ADDVC1_A,30,0,7,3.2812500000e-01,9.8125502714e-01,1.0000000000e+00,1.0000000000e+00,1.0000000000e+00,1.0000000000e+00
AD3_ADDVG4VCNVAD1NF_A,33,0,13,2.6367187500e-02,2.3448797581e-01,9.3089329805e-01,1.0000000000e+00,1.0000000000e+00,1.0000000000e+00
AD1_ADDVG2VCNVAD4NF_B,3,0,9,1.1718750000e-02,1.1119690418e-01,6.9235094430e-01,9.9999240451e-01,1.0000000000e+00,1.0000000000e+00
START_ACVPCN_A,129,0,13,4.6655273438e-01,9.9813398585e-01,1.0000000000e+00,1.0000000000e+00,1.0000000000e+00,1.0000000000e+00
ADDVG1VCN_ADDVC1_A,12,0,7,4.6875000000e-02,3.8127365236e-01,9.9177783661e-01,1.0000000000e+00,1.0000000000e+00,1.0000000000e+00
AD3_ADDVG4VCNVAD1NF_A,36,0,13,1.2011718750e-01,7.2186967493e-01,9.9999722998e-01,1.0000000000e+00,1.0000000000e+00,1.0000000000e+00
AD1_ADDVG2VCNVAD4NF_B,3,0,9,1.1718750000e-02,1.1119690418e-01,6.9235094430e-01,9.9999240451e-01,1.0000000000e+00,1.0000000000e+00
START_ACVPCN_A,128,0,13,4.6655273438e-01,9.9813398585e-01,1.0000000000e+00,1.0000000000e+00,1.0000000000e+00,1.0000000000e+00
ADDVG2VCN_ADDVC2_A,69,0,9,3.0468750000e-01,9.7358805587e-01,1.0000000000e+00,1.0000000000e+00,1.0000000000e+00,1.0000000000e+00
ADSH_SMVS0N_A,92,0,13,3.4057617188e-01,9.8445300846e-01,1.0000000000e+00,1.0000000000e+00,1.0000000000e+00,1.0000000000e+00
AD2_ADDVG3VCNVAD4NF_B,9,0,11,1.7578125000e-02,1.6250882227e-01,8.3025288257e-01,9.9999998014e-01,1.0000000000e+00,1.0000000000e+00
IINIIT_ADSH_B,106,0,20,1.2073516846e-01,7.2381694592e-01,9.9999741792e-01,1.0000000000e+00,1.0000000000e+00,1.0000000000e+00
START,44,0,13,4.9572753906e-01,9.9893670808e-01,1.0000000000e+00,1.0000000000e+00,1.0000000000e+00,1.0000000000e+00
ADDVG2VCN_ADDVC2_A,36,0,9,7.0312500000e-02,5.1764152056e-01,9.9931813378e-01,1.0000000000e+00,1.0000000000e+00,1.0000000000e+00
SMVS0N_SMVG2VG1VAD1NF_A,2,0,5,6.2500000000e-02,4.7553952495e-01,9.9842555447e-01,1.0000000000e+00,1.0000000000e+00,1.0000000000e+00
ADSH_SMVS0N_A,172,0,13,1.1352539063e-01,7.0031637768e-01,9.9999415708e-01,1.0000000000e+00,1.0000000000e+00,1.0000000000e+00
AD2_ADDVG3VCNVAD4NF_B,9,0,11,1.7578125000e-02,1.6250882227e-01,8.3025288257e-01,9.9999998014e-01,1.0000000000e+00,1.0000000000e+00
IINIIT_ADSH_B,195,0,20,7.2441101074e-01,9.9999747292e-01,1.0000000000e+00,1.0000000000e+00,1.0000000000e+00,1.0000000000e+00
START,51,0,13,4.9572753906e-01,9.9893670808e-01,1.0000000000e+00,1.0000000000e+00,1.0000000000e+00,1.0000000000e+00
CT0,31,0,21,4.3725585938e-01,9.9681499721e-01,1.0000000000e+00,1.0000000000e+00,1.0000000000e+00,1.0000000000e+00
ADDVG3VCN_ADDVC3_A,141,0,11,2.9296875000e-01,9.6878336434e-01,1.0000000000e+00,1.0000000000e+00,1.0000000000e+00,1.0000000000e+00
SMVS0N_SMVG2VG1VAD1NF_A,16,0,9,9.3750000000e-02,6.2633691437e-01,9.9994693576e-01,1.0000000000e+00,1.0000000000e+00,1.0000000000e+00
SMVS0N_SMVG3VG1VAD1NF_A,2,0,5,6.2500000000e-02,4.7553952495e-01,9.9842555447e-01,1.0000000000e+00,1.0000000000e+00,1.0000000000e+00
AD3_ADDVG4VCNVAD4NF_B,21,0,13,2.0507812500e-02,1.8715120958e-01,8.7407915248e-01,9.9999999900e-01,1.0000000000e+00,1.0000000000e+00
CT1,31,0,21,3.7475585938e-01,9.9086946333e-01,1.0000000000e+00,1.0000000000e+00,1.0000000000e+00,1.0000000000e+00
CT0,32,0,21,4.3725585938e-01,9.9681499721e-01,1.0000000000e+00,1.0000000000e+00,1.0000000000e+00,1.0000000000e+00
ADDVG3VCN_ADDVC3_A,84,0,11,8.2031250000e-02,5.7510759353e-01,9.9980822601e-01,1.0000000000e+00,1.0000000000e+00,1.0000000000e+00
SMVS0N_SMVG3VG1VAD1NF_A,29,0,11,9.3750000000e-02,6.2633691437e-01,9.9994693576e-01,1.0000000000e+00,1.0000000000e+00,1.0000000000e+00
SMVS0N_SMVG4VG1VAD1NF_A,2,0,5,6.2500000000e-02,4.7553952495e-01,9.9842555447e-01,1.0000000000e+00,1.0000000000e+00,1.0000000000e+00
AD3_ADDVG4VCNVAD4NF_B,21,0,13,2.0507812500e-02,1.8715120958e-01,8.7407915248e-01,9.9999999900e-01,1.0000000000e+00,1.0000000000e+00
AX0,3,0,4,4.3750000000e-01,9.9682878806e-01,1.0000000000e+00,1.0000000000e+00,1.0000000000e+00,1.0000000000e+00
CT2,32,0,21,4.3725585938e-01,9.9681499721e-01,1.0000000000e+00,1.0000000000e+00,1.0000000000e+00,1.0000000000e+00
CT1,31,0,21,3.7475585938e-01,9.9086946333e-01,1.0000000000e+00,1.0000000000e+00,1.0000000000e+00,1.0000000000e+00
SMVS0N_SMVG4VG1VAD1NF_A,57,0,13,9.3750000000e-02,6.2633691437e-01,9.9994693576e-01,1.0000000000e+00,1.0000000000e+00,1.0000000000e+00
SMVS0N_SMVG5VG1VAD1NF_A,2,0,5,6.2500000000e-02,4.7553952495e-01,9.9842555447e-01,1.0000000000e+00,1.0000000000e+00,1.0000000000e+00
READY_stem_CNTVG1VD1_A,1,0,4,6.2500000000e-02,4.7553952495e-01,9.9842555447e-01,1.0000000000e+00,1.0000000000e+00,1.0000000000e+00
AX0,3,0,4,4.3750000000e-01,9.9682878806e-01,1.0000000000e+00,1.0000000000e+00,1.0000000000e+00,1.0000000000e+00
AX1,3,0,4,4.3750000000e-01,9.9682878806e-01,1.0000000000e+00,1.0000000000e+00,1.0000000000e+00,1.0000000000e+00
CT2,32,0,21,4.3725585938e-01,9.9681499721e-01,1.0000000000e+00,1.0000000000e+00,1.0000000000e+00,1.0000000000e+00
SMVS0N_SMVG5VG1VAD1NF_A,36,0,13,1.2011718750e-01,7.2186967493e-01,9.9999722998e-01,1.0000000000e+00,1.0000000000e+00,1.0000000000e+00
ADDVC1,12,0,7,4.6875000000e-02,3.8127365236e-01,9.9177783661e-01,1.0000000000e+00,1.0000000000e+00,1.0000000000e+00
READY_stem_CNTVG1VD1_A,3,0,4,4.3750000000e-01,9.9682878806e-01,1.0000000000e+00,1.0000000000e+00,1.0000000000e+00,1.0000000000e+00
AX1,3,0,4,4.3750000000e-01,9.9682878806e-01,1.0000000000e+00,1.0000000000e+00,1.0000000000e+00,1.0000000000e+00
AX2,3,0,4,4.3750000000e-01,9.9682878806e-01,1.0000000000e+00,1.0000000000e+00,1.0000000000e+00,1.0000000000e+00
ADDVC2,36,0,9,7.0312500000e-02,5.1764152056e-01,9.9931813378e-01,1.0000000000e+00,1.0000000000e+00,1.0000000000e+00
ADDVC1,30,0,7,3.2812500000e-01,9.8125502714e-01,1.0000000000e+00,1.0000000000e+00,1.0000000000e+00,1.0000000000e+00
AX2,3,0,4,4.3750000000e-01,9.9682878806e-01,1.0000000000e+00,1.0000000000e+00,1.0000000000e+00,1.0000000000e+00
AX3,3,0,4,4.3750000000e-01,9.9682878806e-01,1.0000000000e+00,1.0000000000e+00,1.0000000000e+00,1.0000000000e+00
ADDVC3,85,0,11,8.2031250000e-02,5.7510759353e-01,9.9980822601e-01,1.0000000000e+00,1.0000000000e+00,1.0000000000e+00
ADDVC2,70,0,9,3.0468750000e-01,9.7358805587e-01,1.0000000000e+00,1.0000000000e+00,1.0000000000e+00,1.0000000000e+00
READY_stem_CNTVG3VD1_A,2,0,3,1.2500000000e-01,7.3692442384e-01,9.9999841217e-01,1.0000000000e+00,1.0000000000e+00,1.0000000000e+00
P4_ADDVG1VPVOR1NF_B,6,0,6,2.8125000000e-01,9.6320586674e-01,1.0000000000e+00,1.0000000000e+00,1.0000000000e+00,1.0000000000e+00
CT0_READYN_A,1,0,3,1.2500000000e-01,7.3692442384e-01,9.9999841217e-01,1.0000000000e+00,1.0000000000e+00,1.0000000000e+00
AX3,3,0,4,4.3750000000e-01,9.9682878806e-01,1.0000000000e+00,1.0000000000e+00,1.0000000000e+00,1.0000000000e+00
ADDVC3,140,0,11,2.9296875000e-01,9.6878336434e-01,1.0000000000e+00,1.0000000000e+00,1.0000000000e+00,1.0000000000e+00
P4_ADDVG1VPVOR1NF_B,6,0,6,2.8125000000e-01,9.6320586674e-01,1.0000000000e+00,1.0000000000e+00,1.0000000000e+00,1.0000000000e+00
CT0_READYN_A,1,0,3,1.2500000000e-01,7.3692442384e-01,9.9999841217e-01,1.0000000000e+00,1.0000000000e+00,1.0000000000e+00
SM0,23,0,9,2.5000000000e-01,9.4368648529e-01,1.0000000000e+00,1.0000000000e+00,1.0000000000e+00,1.0000000000e+00
P5_stem_ADDVG2VCNVOR1NF_B,3,0,9,1.1718750000e-02,1.1119690418e-01,6.9235094430e-01,9.9999240451e-01,1.0000000000e+00,1.0000000000e+00
CT0_IINIIT_A,59,0,24,1.2473344803e-01,7.3612191504e-01,9.9999836306e-01,1.0000000000e+00,1.0000000000e+00,1.0000000000e+00
SM1,53,0,11,2.5000000000e-01,9.4368648529e-01,1.0000000000e+00,1.0000000000e+00,1.0000000000e+00,1.0000000000e+00
SM0,20,0,9,2.5000000000e-01,9.4368648529e-01,1.0000000000e+00,1.0000000000e+00,1.0000000000e+00,1.0000000000e+00
READY_stem,1,0,3,1.2500000000e-01,7.3692442384e-01,9.9999841217e-01,1.0000000000e+00,1.0000000000e+00,1.0000000000e+00
CNTVCO0,2,0,4,1.8750000000e-01,8.7461843207e-01,9.9999999904e-01,1.0000000000e+00,1.0000000000e+00,1.0000000000e+00
P5_stem_ADDVG2VCNVOR1NF_B,3,0,9,1.1718750000e-02,1.1119690418e-01,6.9235094430e-01,9.9999240451e-01,1.0000000000e+00,1.0000000000e+00
CT2_READYN_C,1,0,3,1.2500000000e-01,7.3692442384e-01,9.9999841217e-01,1.0000000000e+00,1.0000000000e+00,1.0000000000e+00
CT0_IINIIT_A,114,0,24,1.2473344803e-01,7.3612191504e-01,9.9999836306e-01,1.0000000000e+00,1.0000000000e+00,1.0000000000e+00
SM2,113,0,13,2.5000000000e-01,9.4368648529e-01,1.0000000000e+00,1.0000000000e+00,1.0000000000e+00,1.0000000000e+00
SM1,38,0,11,2.5000000000e-01,9.4368648529e-01,1.0000000000e+00,1.0000000000e+00,1.0000000000e+00,1.0000000000e+00
READY_stem,3,0,3,8.7500000000e-01,9.9999999907e-01,1.0000000000e+00,1.0000000000e+00,1.0000000000e+00,1.0000000000e+00
CNTVCO1,1,0,3,1.2500000000e-01,7.3692442384e-01,9.9999841217e-01,1.0000000000e+00,1.0000000000e+00,1.0000000000e+00
CNTVCO0,2,0,4,1.8750000000e-01,8.7461843207e-01,9.9999999904e-01,1.0000000000e+00,1.0000000000e+00,1.0000000000e+00
P5_stem_ADDVG2VCNVOR2NF_C,9,0,9,1.2890625000e-01,7.4843571864e-01,9.9999898494e-01,1.0000000000e+00,1.0000000000e+00,1.0000000000e+00
P6_stem_ADDVG3VCNVOR1NF_B,9,0,11,1.7578125000e-02,1.6250882227e-01,8.3025288257e-01,9.9999998014e-01,1.0000000000e+00,1.0000000000e+00
CT1_IINIIT_B,58,0,24,1.2473344803e-01,7.3612191504e-01,9.9999836306e-01,1.0000000000e+00,1.0000000000e+00,1.0000000000e+00
CT2_READYN_C,1,0,3,1.2500000000e-01,7.3692442384e-01,9.9999841217e-01,1.0000000000e+00,1.0000000000e+00,1.0000000000e+00
SM2,78,0,13,2.5000000000e-01,9.4368648529e-01,1.0000000000e+00,1.0000000000e+00,1.0000000000e+00,1.0000000000e+00
SM3,47,0,13,1.5039062500e-01,8.0402848060e-01,9.9999991645e-01,1.0000000000e+00,1.0000000000e+00,1.0000000000e+00
CNTVG1VZ,2,0,4,1.8750000000e-01,8.7461843207e-01,9.9999999904e-01,1.0000000000e+00,1.0000000000e+00,1.0000000000e+00
CNTVCO2,1,0,3,1.2500000000e-01,7.3692442384e-01,9.9999841217e-01,1.0000000000e+00,1.0000000000e+00,1.0000000000e+00
CNTVCO1,2,0,3,3.7500000000e-01,9.9090505298e-01,1.0000000000e+00,1.0000000000e+00,1.0000000000e+00,1.0000000000e+00
P5_stem_ADDVG2VCNVOR2NF_C,9,0,9,1.2890625000e-01,7.4843571864e-01,9.9999898494e-01,1.0000000000e+00,1.0000000000e+00,1.0000000000e+00
P6_stem_ADDVG3VCNVOR1NF_B,9,0,11,1.7578125000e-02,1.6250882227e-01,8.3025288257e-01,9.9999998014e-01,1.0000000000e+00,1.0000000000e+00
CT1_IINIIT_B,114,0,24,1.2473344803e-01,7.3612191504e-01,9.9999836306e-01,1.0000000000e+00,1.0000000000e+00,1.0000000000e+00
SM3,51,0,13,3.4960937500e-01,9.8645613160e-01,1.0000000000e+00,1.0000000000e+00,1.0000000000e+00,1.0000000000e+00
CNTVG2VZ,3,0,4,3.1250000000e-01,9.7641004975e-01,1.0000000000e+00,1.0000000000e+00,1.0000000000e+00,1.0000000000e+00
CNTVG1VZ,2,0,4,3.1250000000e-01,9.7641004975e-01,1.0000000000e+00,1.0000000000e+00,1.0000000000e+00,1.0000000000e+00
CNTVCO2,3,0,3,8.7500000000e-01,9.9999999907e-01,1.0000000000e+00,1.0000000000e+00,1.0000000000e+00,1.0000000000e+00
P6_stem_ADDVG3VCNVOR2NF_C,18,0,11,1.2304687500e-01,7.3099286430e-01,9.9999801556e-01,1.0000000000e+00,1.0000000000e+00,1.0000000000e+00
P7_stem_ADDVG4VCNVOR1NF_B,21,0,13,2.0507812500e-02,1.8715120958e-01,8.7407915248e-01,9.9999999900e-01,1.0000000000e+00,1.0000000000e+00
CT2_IINIIT_C,57,0,24,1.2473344803e-01,7.3612191504e-01,9.9999836306e-01,1.0000000000e+00,1.0000000000e+00,1.0000000000e+00
CNTVG3VZ,3,0,4,2.5000000000e-01,9.4368648529e-01,1.0000000000e+00,1.0000000000e+00,1.0000000000e+00,1.0000000000e+00
CNTVG2VZ,2,0,4,1.8750000000e-01,8.7461843207e-01,9.9999999904e-01,1.0000000000e+00,1.0000000000e+00,1.0000000000e+00
MRVSHLDN_MRVG1VDVAD2NF_A,2,0,5,1.2500000000e-01,7.3692442384e-01,9.9999841217e-01,1.0000000000e+00,1.0000000000e+00,1.0000000000e+00
P6_stem_ADDVG3VCNVOR2NF_C,18,0,11,1.2304687500e-01,7.3099286430e-01,9.9999801556e-01,1.0000000000e+00,1.0000000000e+00,1.0000000000e+00
P7_stem_ADDVG4VCNVOR1NF_B,21,0,13,2.0507812500e-02,1.8715120958e-01,8.7407915248e-01,9.9999999900e-01,1.0000000000e+00,1.0000000000e+00
P4_stem_SMVG2VG1VAD1NF_B,2,0,5,6.2500000000e-02,4.7553952495e-01,9.9842555447e-01,1.0000000000e+00,1.0000000000e+00,1.0000000000e+00
CT2_IINIIT_C,114,0,24,1.2473344803e-01,7.3612191504e-01,9.9999836306e-01,1.0000000000e+00,1.0000000000e+00,1.0000000000e+00
A0,1,0,4,6.2500000000e-02,4.7553952495e-01,9.9842555447e-01,1.0000000000e+00,1.0000000000e+00,1.0000000000e+00
CNTVG3VZ,3,0,4,2.5000000000e-01,9.4368648529e-01,1.0000000000e+00,1.0000000000e+00,1.0000000000e+00,1.0000000000e+00
MRVSHLDN_MRVG1VDVAD2NF_A,3,0,5,1.8750000000e-01,8.7461843207e-01,9.9999999904e-01,1.0000000000e+00,1.0000000000e+00,1.0000000000e+00
MRVSHLDN_MRVG2VDVAD2NF_A,2,0,5,1.2500000000e-01,7.3692442384e-01,9.9999841217e-01,1.0000000000e+00,1.0000000000e+00,1.0000000000e+00
ADDVC1_ADDVG2VCNVAD2NF_A,6,0,9,2.3437500000e-02,2.1113909478e-01,9.0667363815e-01,9.9999999995e-01,1.0000000000e+00,1.0000000000e+00
P4_stem_SMVG2VG1VAD1NF_B,2,0,5,6.2500000000e-02,4.7553952495e-01,9.9842555447e-01,1.0000000000e+00,1.0000000000e+00,1.0000000000e+00
P7_stem_ADDVG4VCNVOR2NF_C,36,0,13,1.2011718750e-01,7.2186967493e-01,9.9999722998e-01,1.0000000000e+00,1.0000000000e+00,1.0000000000e+00
CT0_CNTVG1VZ1_A,2,0,4,1.8750000000e-01,8.7461843207e-01,9.9999999904e-01,1.0000000000e+00,1.0000000000e+00,1.0000000000e+00
A0,1,0,4,6.2500000000e-02,4.7553952495e-01,9.9842555447e-01,1.0000000000e+00,1.0000000000e+00,1.0000000000e+00
A1,1,0,4,6.2500000000e-02,4.7553952495e-01,9.9842555447e-01,1.0000000000e+00,1.0000000000e+00,1.0000000000e+00
B0,1,0,4,6.2500000000e-02,4.7553952495e-01,9.9842555447e-01,1.0000000000e+00,1.0000000000e+00,1.0000000000e+00
MRVSHLDN_MRVG2VDVAD2NF_A,4,0,5,1.8750000000e-01,8.7461843207e-01,9.9999999904e-01,1.0000000000e+00,1.0000000000e+00,1.0000000000e+00
MRVSHLDN_MRVG3VDVAD2NF_A,2,0,5,1.2500000000e-01,7.3692442384e-01,9.9999841217e-01,1.0000000000e+00,1.0000000000e+00,1.0000000000e+00
ADDVC1_ADDVG2VCNVAD2NF_A,15,0,9,1.6406250000e-01,8.3337579881e-01,9.9999998350e-01,1.0000000000e+00,1.0000000000e+00,1.0000000000e+00
READYN_READY_stem_A,3,0,3,8.7500000000e-01,9.9999999907e-01,1.0000000000e+00,1.0000000000e+00,1.0000000000e+00,1.0000000000e+00
P7_stem_ADDVG4VCNVOR2NF_C,36,0,13,1.2011718750e-01,7.2186967493e-01,9.9999722998e-01,1.0000000000e+00,1.0000000000e+00,1.0000000000e+00
CT0_CNTVG1VZ1_A,1,0,2,2.5000000000e-01,9.4368648529e-01,1.0000000000e+00,1.0000000000e+00,1.0000000000e+00,1.0000000000e+00
A1,1,0,4,6.2500000000e-02,4.7553952495e-01,9.9842555447e-01,1.0000000000e+00,1.0000000000e+00,1.0000000000e+00
A2,1,0,4,6.2500000000e-02,4.7553952495e-01,9.9842555447e-01,1.0000000000e+00,1.0000000000e+00,1.0000000000e+00
B0,1,0,4,6.2500000000e-02,4.7553952495e-01,9.9842555447e-01,1.0000000000e+00,1.0000000000e+00,1.0000000000e+00
B1,1,0,4,6.2500000000e-02,4.7553952495e-01,9.9842555447e-01,1.0000000000e+00,1.0000000000e+00,1.0000000000e+00
ADDVC2_ADDVG3VCNVAD2NF_A,18,0,11,3.5156250000e-02,3.0085077677e-01,9.7209392258e-01,1.0000000000e+00,1.0000000000e+00,1.0000000000e+00
MRVSHLDN_MRVG3VDVAD2NF_A,3,0,5,1.8750000000e-01,8.7461843207e-01,9.9999999904e-01,1.0000000000e+00,1.0000000000e+00,1.0000000000e+00
MRVSHLDN_MRVG4VDVAD2NF_A,2,0,5,1.2500000000e-01,7.3692442384e-01,9.9999841217e-01,1.0000000000e+00,1.0000000000e+00,1.0000000000e+00
ADDVC1_ADDVG2VCNVAD4NF_A,3,0,9,1.1718750000e-02,1.1119690418e-01,6.9235094430e-01,9.9999240451e-01,1.0000000000e+00,1.0000000000e+00
READYN_READY_stem_A,1,0,3,1.2500000000e-01,7.3692442384e-01,9.9999841217e-01,1.0000000000e+00,1.0000000000e+00,1.0000000000e+00
AX0_AD0N_B,6,0,5,1.8750000000e-01,8.7461843207e-01,9.9999999904e-01,1.0000000000e+00,1.0000000000e+00,1.0000000000e+00
CT1_CNTVG2VZ1_A,1,0,3,1.2500000000e-01,7.3692442384e-01,9.9999841217e-01,1.0000000000e+00,1.0000000000e+00,1.0000000000e+00
B2,1,0,4,6.2500000000e-02,4.7553952495e-01,9.9842555447e-01,1.0000000000e+00,1.0000000000e+00,1.0000000000e+00
A2,1,0,4,6.2500000000e-02,4.7553952495e-01,9.9842555447e-01,1.0000000000e+00,1.0000000000e+00,1.0000000000e+00
A3,1,0,4,6.2500000000e-02,4.7553952495e-01,9.9842555447e-01,1.0000000000e+00,1.0000000000e+00,1.0000000000e+00
B1,1,0,4,6.2500000000e-02,4.7553952495e-01,9.9842555447e-01,1.0000000000e+00,1.0000000000e+00,1.0000000000e+00
ADDVC2_ADDVG3VCNVAD2NF_A,33,0,11,1.5234375000e-01,8.0848725315e-01,9.9999993363e-01,1.0000000000e+00,1.0000000000e+00,1.0000000000e+00
MRVSHLDN_MRVG4VDVAD2NF_A,10,0,7,1.8750000000e-01,8.7461843207e-01,9.9999999904e-01,1.0000000000e+00,1.0000000000e+00,1.0000000000e+00
ADDVC1_ADDVG2VCNVAD4NF_A,6,0,9,3.5156250000e-02,3.0085077677e-01,9.7209392258e-01,1.0000000000e+00,1.0000000000e+00,1.0000000000e+00
ADDVG1VPVOR1NF,9,0,6,3.7500000000e-01,9.9090505298e-01,1.0000000000e+00,1.0000000000e+00,1.0000000000e+00,1.0000000000e+00
AX0_AD0N_B,6,0,5,1.8750000000e-01,8.7461843207e-01,9.9999999904e-01,1.0000000000e+00,1.0000000000e+00,1.0000000000e+00
CT1_CNTVG2VZ1_A,1,0,4,6.2500000000e-02,4.7553952495e-01,9.9842555447e-01,1.0000000000e+00,1.0000000000e+00,1.0000000000e+00
B2,1,0,4,6.2500000000e-02,4.7553952495e-01,9.9842555447e-01,1.0000000000e+00,1.0000000000e+00,1.0000000000e+00
A3,1,0,4,6.2500000000e-02,4.7553952495e-01,9.9842555447e-01,1.0000000000e+00,1.0000000000e+00,1.0000000000e+00
B3,1,0,4,6.2500000000e-02,4.7553952495e-01,9.9842555447e-01,1.0000000000e+00,1.0000000000e+00,1.0000000000e+00
ADDVC3_ADDVG4VCNVAD2NF_A,42,0,13,4.1015625000e-02,3.4216752179e-01,9.8482414687e-01,1.0000000000e+00,1.0000000000e+00,1.0000000000e+00
ADDVC2_ADDVG3VCNVAD4NF_A,9,0,11,1.7578125000e-02,1.6250882227e-01,8.3025288257e-01,9.9999998014e-01,1.0000000000e+00,1.0000000000e+00
ADDVG1VPVOR1NF,6,0,6,2.8125000000e-01,9.6320586674e-01,1.0000000000e+00,1.0000000000e+00,1.0000000000e+00,1.0000000000e+00
AX1_AD1N_B,18,0,6,9.3750000000e-02,6.2633691437e-01,9.9994693576e-01,1.0000000000e+00,1.0000000000e+00,1.0000000000e+00
CT2_CNTVG3VZ1_A,1,0,4,6.2500000000e-02,4.7553952495e-01,9.9842555447e-01,1.0000000000e+00,1.0000000000e+00,1.0000000000e+00
B3,1,0,4,6.2500000000e-02,4.7553952495e-01,9.9842555447e-01,1.0000000000e+00,1.0000000000e+00,1.0000000000e+00
ADDVC3_ADDVG4VCNVAD2NF_A,69,0,13,1.4648437500e-01,7.9482957411e-01,9.9999986783e-01,1.0000000000e+00,1.0000000000e+00,1.0000000000e+00
ADDVC2_ADDVG3VCNVAD4NF_A,15,0,11,2.9296875000e-02,2.5721302854e-01,9.4887388698e-01,1.0000000000e+00,1.0000000000e+00,1.0000000000e+00
MRVG1VD,6,0,6,5.0000000000e-01,9.9902343750e-01,1.0000000000e+00,1.0000000000e+00,1.0000000000e+00,1.0000000000e+00
AX1_AD1N_B,18,0,6,9.3750000000e-02,6.2633691437e-01,9.9994693576e-01,1.0000000000e+00,1.0000000000e+00,1.0000000000e+00
CT2_CNTVG3VZ1_A,1,0,4,6.2500000000e-02,4.7553952495e-01,9.9842555447e-01,1.0000000000e+00,1.0000000000e+00,1.0000000000e+00
ADDVC3_ADDVG4VCNVAD4NF_A,21,0,13,2.0507812500e-02,1.8715120958e-01,8.7407915248e-01,9.9999999900e-01,1.0000000000e+00,1.0000000000e+00
MRVG1VD,5,0,6,5.0000000000e-01,9.9902343750e-01,1.0000000000e+00,1.0000000000e+00,1.0000000000e+00,1.0000000000e+00
MRVG2VD,6,0,6,5.0000000000e-01,9.9902343750e-01,1.0000000000e+00,1.0000000000e+00,1.0000000000e+00,1.0000000000e+00
AD1_ADDVG2VCNVOR1NF_A,3,0,9,1.1718750000e-02,1.1119690418e-01,6.9235094430e-01,9.9999240451e-01,1.0000000000e+00,1.0000000000e+00
AX2_AD2N_B,48,0,6,9.3750000000e-02,6.2633691437e-01,9.9994693576e-01,1.0000000000e+00,1.0000000000e+00,1.0000000000e+00
ADDVC3_ADDVG4VCNVAD4NF_A,33,0,13,2.6367187500e-02,2.3448797581e-01,9.3089329805e-01,1.0000000000e+00,1.0000000000e+00,1.0000000000e+00
MRVG3VD,6,0,6,5.0000000000e-01,9.9902343750e-01,1.0000000000e+00,1.0000000000e+00,1.0000000000e+00,1.0000000000e+00
MRVG2VD,5,0,6,5.0000000000e-01,9.9902343750e-01,1.0000000000e+00,1.0000000000e+00,1.0000000000e+00,1.0000000000e+00
AD1_ADDVG2VCNVOR1NF_A,3,0,9,1.1718750000e-02,1.1119690418e-01,6.9235094430e-01,9.9999240451e-01,1.0000000000e+00,1.0000000000e+00
AX2_AD2N_B,48,0,6,9.3750000000e-02,6.2633691437e-01,9.9994693576e-01,1.0000000000e+00,1.0000000000e+00,1.0000000000e+00
MRVG4VD,11,0,8,5.0000000000e-01,9.9902343750e-01,1.0000000000e+00,1.0000000000e+00,1.0000000000e+00,1.0000000000e+00
MRVG3VD,5,0,6,5.0000000000e-01,9.9902343750e-01,1.0000000000e+00,1.0000000000e+00,1.0000000000e+00,1.0000000000e+00
MRVSHLDN,8,0,11,2.3437500000e-01,9.3079124123e-01,1.0000000000e+00,1.0000000000e+00,1.0000000000e+00,1.0000000000e+00
AD1_ADDVG2VCNVOR2NF_B,6,0,9,3.5156250000e-02,3.0085077677e-01,9.7209392258e-01,1.0000000000e+00,1.0000000000e+00,1.0000000000e+00
AD2_ADDVG3VCNVOR1NF_A,9,0,11,1.7578125000e-02,1.6250882227e-01,8.3025288257e-01,9.9999998014e-01,1.0000000000e+00,1.0000000000e+00
AX3_AD3N_B,108,0,6,9.3750000000e-02,6.2633691437e-01,9.9994693576e-01,1.0000000000e+00,1.0000000000e+00,1.0000000000e+00
MRVG4VD,11,0,8,5.0000000000e-01,9.9902343750e-01,1.0000000000e+00,1.0000000000e+00,1.0000000000e+00,1.0000000000e+00
MRVSHLDN,18,0,13,5.1269531250e-01,9.9924489753e-01,1.0000000000e+00,1.0000000000e+00,1.0000000000e+00,1.0000000000e+00
AMVG2VX,4,0,5,5.0000000000e-01,9.9902343750e-01,1.0000000000e+00,1.0000000000e+00,1.0000000000e+00,1.0000000000e+00
AD1_ADDVG2VCNVOR2NF_B,9,0,9,1.2890625000e-01,7.4843571864e-01,9.9999898494e-01,1.0000000000e+00,1.0000000000e+00,1.0000000000e+00
AD2_ADDVG3VCNVOR1NF_A,9,0,11,1.7578125000e-02,1.6250882227e-01,8.3025288257e-01,9.9999998014e-01,1.0000000000e+00,1.0000000000e+00
AX3_AD3N_B,108,0,6,9.3750000000e-02,6.2633691437e-01,9.9994693576e-01,1.0000000000e+00,1.0000000000e+00,1.0000000000e+00
BMVG2VX,2,0,5,1.2500000000e-01,7.3692442384e-01,9.9999841217e-01,1.0000000000e+00,1.0000000000e+00,1.0000000000e+00
AMVG3VX,4,0,5,5.0000000000e-01,9.9902343750e-01,1.0000000000e+00,1.0000000000e+00,1.0000000000e+00,1.0000000000e+00
AMVG2VX,4,0,5,5.0000000000e-01,9.9902343750e-01,1.0000000000e+00,1.0000000000e+00,1.0000000000e+00,1.0000000000e+00
AD3_ADDVG4VCNVOR1NF_A,21,0,13,2.0507812500e-02,1.8715120958e-01,8.7407915248e-01,9.9999999900e-01,1.0000000000e+00,1.0000000000e+00
AD2_ADDVG3VCNVOR2NF_B,15,0,11,2.9296875000e-02,2.5721302854e-01,9.4887388698e-01,1.0000000000e+00,1.0000000000e+00,1.0000000000e+00
BMVG2VX,2,0,5,1.2500000000e-01,7.3692442384e-01,9.9999841217e-01,1.0000000000e+00,1.0000000000e+00,1.0000000000e+00
BMVG3VX,2,0,5,1.2500000000e-01,7.3692442384e-01,9.9999841217e-01,1.0000000000e+00,1.0000000000e+00,1.0000000000e+00
AMVG4VX,4,0,5,5.0000000000e-01,9.9902343750e-01,1.0000000000e+00,1.0000000000e+00,1.0000000000e+00,1.0000000000e+00
AMVG3VX,4,0,5,5.0000000000e-01,9.9902343750e-01,1.0000000000e+00,1.0000000000e+00,1.0000000000e+00,1.0000000000e+00
AD3_ADDVG4VCNVOR1NF_A,21,0,13,2.0507812500e-02,1.8715120958e-01,8.7407915248e-01,9.9999999900e-01,1.0000000000e+00,1.0000000000e+00
AD2_ADDVG3VCNVOR2NF_B,18,0,11,1.2304687500e-01,7.3099286430e-01,9.9999801556e-01,1.0000000000e+00,1.0000000000e+00,1.0000000000e+00
ACVQN0,1,0,1,5.0000000000e-01,9.9902343750e-01,1.0000000000e+00,1.0000000000e+00,1.0000000000e+00,1.0000000000e+00
BMVG4VX,2,0,5,1.2500000000e-01,7.3692442384e-01,9.9999841217e-01,1.0000000000e+00,1.0000000000e+00,1.0000000000e+00
BMVG3VX,2,0,5,1.2500000000e-01,7.3692442384e-01,9.9999841217e-01,1.0000000000e+00,1.0000000000e+00,1.0000000000e+00
AMVG5VX,4,0,5,5.0000000000e-01,9.9902343750e-01,1.0000000000e+00,1.0000000000e+00,1.0000000000e+00,1.0000000000e+00
AMVG4VX,4,0,5,5.0000000000e-01,9.9902343750e-01,1.0000000000e+00,1.0000000000e+00,1.0000000000e+00,1.0000000000e+00
AD3_ADDVG4VCNVOR2NF_B,33,0,13,2.6367187500e-02,2.3448797581e-01,9.3089329805e-01,1.0000000000e+00,1.0000000000e+00,1.0000000000e+00
ACVQN0,1,0,1,5.0000000000e-01,9.9902343750e-01,1.0000000000e+00,1.0000000000e+00,1.0000000000e+00,1.0000000000e+00
ACVQN1,1,0,1,5.0000000000e-01,9.9902343750e-01,1.0000000000e+00,1.0000000000e+00,1.0000000000e+00,1.0000000000e+00
BMVG5VX,2,0,5,1.2500000000e-01,7.3692442384e-01,9.9999841217e-01,1.0000000000e+00,1.0000000000e+00,1.0000000000e+00
BMVG4VX,2,0,5,1.2500000000e-01,7.3692442384e-01,9.9999841217e-01,1.0000000000e+00,1.0000000000e+00,1.0000000000e+00
AMVG5VX,4,0,5,5.0000000000e-01,9.9902343750e-01,1.0000000000e+00,1.0000000000e+00,1.0000000000e+00,1.0000000000e+00
AD3_ADDVG4VCNVOR2NF_B,36,0,13,1.2011718750e-01,7.2186967493e-01,9.9999722998e-01,1.0000000000e+00,1.0000000000e+00,1.0000000000e+00
ACVQN1,1,0,1,5.0000000000e-01,9.9902343750e-01,1.0000000000e+00,1.0000000000e+00,1.0000000000e+00,1.0000000000e+00
ACVQN2,1,0,1,5.0000000000e-01,9.9902343750e-01,1.0000000000e+00,1.0000000000e+00,1.0000000000e+00,1.0000000000e+00
BMVG5VX,2,0,5,1.2500000000e-01,7.3692442384e-01,9.9999841217e-01,1.0000000000e+00,1.0000000000e+00,1.0000000000e+00
P0,1,0,1,5.0000000000e-01,9.9902343750e-01,1.0000000000e+00,1.0000000000e+00,1.0000000000e+00,1.0000000000e+00
AX0_AMVG2VG1VAD1NF_B,3,0,4,4.3750000000e-01,9.9682878806e-01,1.0000000000e+00,1.0000000000e+00,1.0000000000e+00,1.0000000000e+00
ACVQN2,1,0,1,5.0000000000e-01,9.9902343750e-01,1.0000000000e+00,1.0000000000e+00,1.0000000000e+00,1.0000000000e+00
ACVQN3,1,0,1,5.0000000000e-01,9.9902343750e-01,1.0000000000e+00,1.0000000000e+00,1.0000000000e+00,1.0000000000e+00
P1,1,0,1,5.0000000000e-01,9.9902343750e-01,1.0000000000e+00,1.0000000000e+00,1.0000000000e+00,1.0000000000e+00
P0,1,0,1,5.0000000000e-01,9.9902343750e-01,1.0000000000e+00,1.0000000000e+00,1.0000000000e+00,1.0000000000e+00
AX0_AMVG2VG1VAD1NF_B,3,0,4,4.3750000000e-01,9.9682878806e-01,1.0000000000e+00,1.0000000000e+00,1.0000000000e+00,1.0000000000e+00
ACVQN3,1,0,1,5.0000000000e-01,9.9902343750e-01,1.0000000000e+00,1.0000000000e+00,1.0000000000e+00,1.0000000000e+00
P2,1,0,1,5.0000000000e-01,9.9902343750e-01,1.0000000000e+00,1.0000000000e+00,1.0000000000e+00,1.0000000000e+00
P1,1,0,1,5.0000000000e-01,9.9902343750e-01,1.0000000000e+00,1.0000000000e+00,1.0000000000e+00,1.0000000000e+00
AX1_AMVG3VG1VAD1NF_B,3,0,4,4.3750000000e-01,9.9682878806e-01,1.0000000000e+00,1.0000000000e+00,1.0000000000e+00,1.0000000000e+00

circuit fault coverage,,,,,7.3973921245e-01,9.8427642555e-01,9.9999675967e-01,1.0000000000e+00,1.0000000000e+00
