fault name,cube num,test relation PI,BDD Var num
n1559gat_n1639gat_B,10,30,19
n2784gat_n78gat_A,100,40,36
n1986gat_n1663gat_A,19,30,19
n1658gat_n1728gat_C,10,30,19
n1797gat_n1571gat_C,19,30,19
n2784gat_n77gat_B,6,17,15
n297gat_n197gat_B,100,37,34
n2920gat,4,14,14
n1516gat,2,10,10
n1614gat,82,30,19
n3091gat,100,61,51
n2722gat,100,61,57
n1740gat,29,33,30
n1515gat,19,30,19
n2442gat,4,15,14
n17gat,100,60,44
n2461gat,100,62,36
n1246gat,100,62,25
n1291gat,100,62,20
n1723gat,10,30,19
n1264gat,4,15,9
n1093gat,100,23,18
n2470gat,2,1,1
n1606gat,2,2,2
n2560gat,2,1,1
n2532gat,2,1,1
n2632gat,2,1,1
n2541gat,2,1,1
n1918gat_n1865gat_B,7,13,13
n1713gat,6,5,5
n1991gat_n1667gat_A,32,30,29
n2307gat,2,1,1
n2199gat_n2197gat_A,55,19,19
n2199gat_n2637gat_B,55,20,20
n2613gat,33,6,6
n2985gat_n1760gat_C,100,31,31
n484gat_n477gat_C,65,20,3
n485gat_n478gat_A,65,20,3
n482gat_n479gat_C,65,20,3
n483gat_n479gat_B,65,20,3
n373gat_n868gat_B,3,4,4
n856gat_n962gat_A,3,4,4
n373gat_n959gat_A,3,4,4
n952gat_n946gat_B,65,20,3
n938gat_n934gat_A,65,20,9
n591gat_n588gat_A,65,20,3
n696gat_n690gat_A,65,20,3
n785gat_n780gat_B,65,88,3
n2649gat_n2647gat_A,5,24,4
n1659gat_n1647gat_B,53,30,29
n1893gat_n1962gat_B,45,23,21
n219gat_n969gat_A,100,23,23
n219gat_n968gat_B,100,22,22
n2214gat_II4023_C,2,10,10
n1774gat_n1686gat_A,100,31,27
n721gat_n989gat_A,100,24,18
n823gat_n995gat_A,100,23,18
n741gat_n987gat_A,100,23,21
n670gat_n977gat_A,100,34,32
n1719gat_n1794gat_B,11,13,13
n3108gat,6,6,6
n3109gat,6,5,5
n3117gat,100,13,10
n3118gat,100,20,20
n3126gat,2,1,1
n3127gat,2,1,1
n3135gat,68,15,15
n3136gat,18,15,15
n3144gat,100,56,41
n3145gat,19,8,8
n3064gat,100,22,22
n3055gat,100,20,20
n3063gat,100,21,21
n3037gat,50,22,20
n2910gat,100,29,29
n2911gat,40,29,29
n2901gat,71,20,20
n3054gat,59,20,20
n3036gat,13,15,15
n2163gat,90,28,28
n2119gat,2,1,1
n1632gat,6,5,5
n1380gat,3,85,4
n2317gat,2,2,2
n1228gat,100,20,9
n72gat,100,45,37
n2343gat,2,104,1
n2533gat,100,46,35
n1543gat,13,9,9
n2155gat,100,46,26
n1075gat,100,29,29
n1282gat,100,41,8
n2640gat,2,56,1
n2622gat,2,91,1
n2542gat,100,91,32
n2217gat,100,62,48
n1480gat,100,62,56
n1551gat,3,11,11
n2407gat,100,43,25
n1552gat,6,10,10
n1921gat,29,33,29
n2452gat,13,130,10
n2262gat,26,36,34
n2190gat,26,35,34
n2137gat,57,56,33
n1615gat,38,78,17
n2056gat,63,24,24
n1831gat,2,102,3
n1462gat,100,31,31
n2245gat,100,21,21
n1453gat,4,3,3
n1119gat,68,37,6
n2209gat,40,20,20
n2047gat,4,4,4
n2146gat,21,20,17
n2281gat,26,20,18
n1840gat,60,16,16
n1218gat,33,13,3
n1219gat,33,13,3
n45gat,65,20,9
n53gat,100,20,9
n62gat,100,21,9
n63gat,100,21,9
n1237gat,100,20,9
n1236gat,100,20,9
n1056gat,100,20,9
n1057gat,100,20,9
n2524gat,2,8,8
n2353gat,100,104,58
n1191gat,65,34,3
n1192gat,65,34,3
n1327gat,65,34,2
n1209gat,65,34,3
n1273gat,33,34,8
n2415gat,17,56,3
n2416gat,17,56,3
n2605gat,9,61,3
n2550gat,17,61,3
n2551gat,17,61,3
n2614gat,17,61,6
n1156gat,100,62,29
n1372gat,100,62,25
n1309gat,100,62,26
n3028gat,2,81,5
n1705gat,100,81,49
n1704gat,100,81,48
n2128gat,31,21,21
n1444gat,100,87,42
n1561gat,65,30,29
n1651gat,37,30,19
n1408gat,100,62,35
n2406gat,100,34,31
n2352gat,86,20,19
n2731gat,57,34,30
n2290gat,100,62,56
n2443gat,100,104,52
n1633gat,100,42,34
n1507gat,100,74,40
n1174gat,4,15,9
n1147gat,100,76,48
n1084gat,100,73,39
n3019gat,11,15,14
n2650gat,5,24,4
n1471gat,9,17,13
n1255gat,4,16,10
n1281gat,68,39,11
n1991gat_n1666gat_C,2,10,10
n1988gat_n1734gat_A,37,30,19
n1658gat_n1657gat_C,10,30,19
n1568gat_n1729gat_C,19,30,19
n1988gat_n1860gat_A,3,10,9
n1391gat,2,10,10
n1616gat,72,30,18
n1553gat,45,30,19
n3092gat,100,61,57
n2722gat,100,61,58
n82gat,12,17,15
n1076gat,52,29,29
n1247gat,100,62,26
n1562gat,37,30,19
n1643gat,36,30,19
n2642gat,44,20,20
n1490gat,22,23,18
n1085gat,100,73,47
n73gat,9,16,14
n1499gat_n1555gat_C,10,30,19
n289gat_n288gat_A,21,61,11
n2470gat,2,1,1
n1606gat,3,2,2
n2560gat,2,1,1
n2632gat,2,1,1
n1845gat_n1895gat_A,66,35,33
n2988gat_n2147gat_A,13,20,19
n2199gat_n2396gat_A,31,19,15
n2199gat_n2198gat_A,35,19,19
n1625gat,2,5,5
n2093gat,2,1,1
n1935gat_n1759gat_B,100,31,30
n55gat,100,9,9
n1869gat_n1745gat_A,3,3,3
n754gat_n749gat_B,17,13,7
n484gat_n478gat_C,65,20,3
n485gat_n479gat_A,65,20,3
n856gat_n963gat_A,3,4,4
n938gat_n935gat_A,65,20,9
n592gat_n587gat_B,65,20,3
n691gat_n687gat_A,65,20,3
n574gat_n568gat_C,65,20,9
n852gat_n795gat_B,35,20,20
n2574gat_n2569gat_B,9,56,3
n873gat_n982gat_A,100,62,29
n1893gat_n1846gat_B,35,34,32
n1691gat_n1599gat_A,4,5,5
n2174gat,2,1,1
n1769gat_n1755gat_A,7,8,8
n875gat_n980gat_A,100,23,18
n873gat_n981gat_B,100,23,19
n741gat_n997gat_A,100,23,21
n1859gat_n1916gat_B,61,33,30
n1719gat_n1994gat_A,64,33,30
n3109gat,5,5,5
n3118gat,100,20,20
n3119gat,100,20,20
n3127gat,2,1,1
n3128gat,2,1,1
n3136gat,76,15,15
n3137gat,19,16,16
n3145gat,8,8,8
n3146gat,5,10,10
n2732gat,2,1,1
n2921gat,3,4,4
n3064gat,100,22,22
n3055gat,100,20,20
n3056gat,100,19,19
n2920gat,23,14,14
n3047gat,45,19,19
n3037gat,20,22,20
n2911gat,100,29,29
n2912gat,39,29,29
n2903gat,67,20,20
n1516gat,11,10,10
n2119gat,2,1,1
n1319gat,9,87,3
n1148gat,100,76,9
n1228gat,100,20,9
n2462gat,2,8,8
n2543gat,2,91,1
n2155gat,100,46,28
n1282gat,100,41,8
n1184gat,100,34,8
n2561gat,100,104,71
n2390gat,2,24,1
n2624gat,100,91,35
n2542gat,100,91,35
n1706gat,100,81,49
n1832gat,2,102,3
n1480gat,100,62,34
n1850gat,100,54,43
n2407gat,100,43,39
n1517gat,6,10,10
n1921gat,55,33,32
n1661gat,46,39,32
n1670gat,59,30,29
n1742gat,10,30,15
n2660gat,5,42,5
n2452gat,13,130,10
n3029gat,100,61,52
n2039gat,2,3,3
n2137gat,100,56,46
n2138gat,100,51,47
n2056gat,37,24,23
n1831gat,4,102,3
n2444gat,2,15,2
n1544gat,31,12,12
n1634gat,6,10,10
n1462gat,100,31,31
n2237gat,100,24,24
n2246gat,100,20,20
n1841gat,3,3,3
n2209gat,16,20,16
n2146gat,66,20,20
n2281gat,49,20,20
n1219gat,33,13,3
n2723gat,100,126,70
n46gat,65,20,9
n64gat,100,21,9
n63gat,100,21,9
n1229gat,65,20,3
n1237gat,100,20,9
n1238gat,100,20,9
n1057gat,100,20,9
n1058gat,100,20,9
n2831gat,2,8,8
n2353gat,100,104,61
n2354gat,100,104,76
n1193gat,65,34,3
n1192gat,65,34,3
n1274gat,65,34,8
n2570gat,9,56,3
n2416gat,17,56,3
n2417gat,17,56,3
n2606gat,17,61,3
n2551gat,17,61,3
n2552gat,17,61,3
n2615gat,17,61,6
n1157gat,100,62,45
n1373gat,100,62,20
n1418gat,100,62,47
n1355gat,100,62,44
n1436gat,100,62,50
n1733gat,31,33,30
n1580gat,92,33,31
n1444gat,100,87,42
n1724gat,60,30,29
n1652gat,64,30,29
n1409gat,100,62,47
n2255gat,6,15,15
n2264gat,9,15,15
n2282gat,43,20,20
n2345gat,85,43,35
n37gat,24,20,19
n2840gat,4,33,12
n2731gat,57,34,30
n2290gat,100,62,49
n2443gat,100,104,67
n1633gat,100,42,34
n1507gat,100,74,52
n1175gat,4,15,9
n1147gat,100,76,48
n1094gat,100,23,18
n1067gat,100,75,42
n1084gat,100,73,39
n2426gat,100,46,31
n2650gat,9,24,4
n2930gat,100,62,32
n1607gat,100,62,30
n1922gat,19,33,30
n1472gat,35,17,17
n1427gat,100,79,39
n1823gat,100,36,30
n1454gat,100,31,30
n1265gat,28,15,13
n1499gat_n1639gat_A,10,30,19
n1626gat,2,5,5
n2488gat_n2538gat_C,4,15,14
n3138gat,3,15,14
n2913gat,4,14,14
n1553gat,37,30,19
n1662gat,37,30,19
n1563gat,10,30,19
n1644gat,10,30,19
n1077gat,4,22,13
n1923gat,27,33,31
n92gat,100,37,35
n1963gat_n1958gat_A,89,37,36
n1625gat,6,5,5
n2093gat,2,1,1
n55gat,100,9,9
n953gat_n946gat_C,65,20,3
n954gat_n947gat_A,65,20,3
n951gat_n948gat_C,65,20,3
n952gat_n948gat_B,65,20,3
n856gat_n792gat_B,3,4,4
n939gat_n934gat_B,65,20,9
n498gat_n494gat_A,65,21,3
n691gat_n688gat_A,65,20,3
n575gat_n569gat_B,65,20,9
n786gat_n780gat_C,65,88,3
n785gat_n782gat_B,65,88,3
n559gat_n874gat_A,100,88,9
n2388gat_n2567gat_B,5,24,2
n2337gat,2,1,1
n823gat_n996gat_B,100,62,20
n1659gat_n1649gat_B,47,30,29
n1891gat_n1894gat_B,25,34,28
n1896gat_n1971gat_A,55,23,23
n2174gat,2,1,1
n2443gat_II4023_A,2,10,10
n1584gat_n1399gat_C,28,17,16
n1392gat,2,1,1
n741gat_n988gat_B,100,23,22
n926gat_n984gat_A,100,23,21
n3119gat,100,20,20
n3128gat,2,1,1
n3129gat,100,30,30
n3137gat,68,16,16
n3146gat,8,10,10
n3147gat,3,2,2
n2670gat,2,1,1
n2732gat,2,1,1
n2922gat,3,4,4
n2921gat,5,4,4
n3056gat,99,19,19
n3057gat,100,21,21
n3048gat,13,19,15
n3047gat,15,19,19
n2912gat,100,29,29
n2904gat,68,20,20
n2903gat,69,20,20
n2661gat,6,5,5
n1391gat,11,10,10
n1616gat,82,30,19
n1319gat,5,87,3
n1446gat,9,111,5
n2733gat,2,34,1
n1068gat,100,75,9
n1148gat,100,76,9
n2490gat,2,91,1
n2543gat,2,91,1
n2562gat,2,104,1
n1184gat,100,34,8
n2148gat,100,46,45
n1725gat,100,36,36
n2561gat,100,104,55
n2390gat,2,24,1
n2624gat,100,91,24
n2634gat,2,61,1
n2508gat,2,42,5
n2355gat,100,104,56
n1482gat,100,62,53
n2139gat,100,56,45
n1850gat,100,54,36
n1707gat,31,12,12
n1670gat,28,30,19
n2660gat,2,42,5
n2256gat,6,14,14
n2138gat,100,51,38
n2048gat,99,31,31
n2444gat,2,15,2
n1518gat,19,8,8
n2625gat,2,91,1
n2283gat,57,42,37
n2049gat,16,16,16
n2058gat,6,20,15
n82gat,100,17,17
n1842gat,89,17,17
n2715gat,100,126,72
n2724gat,41,47,14
n2723gat,100,126,82
n47gat,65,20,9
n56gat,65,21,9
n64gat,100,21,9
n65gat,100,21,9
n1238gat,100,20,9
n1059gat,100,20,9
n1058gat,100,20,9
n2354gat,100,104,65
n1185gat,33,34,3
n1193gat,65,34,3
n1194gat,65,34,3
n1383gat,65,34,2
n1274gat,65,34,8
n1275gat,65,34,8
n2571gat,9,56,3
n2418gat,17,56,3
n2417gat,17,56,3
n2580gat,17,56,6
n2606gat,17,61,3
n2607gat,17,61,3
n2552gat,17,61,3
n2553gat,17,61,3
n1158gat,100,62,29
n1437gat,100,62,50
n1374gat,100,62,26
n1248gat,100,62,26
n1590gat,100,79,52
n1356gat,100,62,46
n1572gat,82,33,30
n1581gat,43,33,31
n1554gat,37,30,19
n1671gat,100,30,29
n1653gat,10,30,19
n2265gat,5,15,15
n2345gat,91,43,39
n2346gat,99,36,32
n2193gat,15,23,19
n2643gat,24,20,20
n38gat,76,20,19
n1490gat,78,23,18
n2840gat,4,33,12
n1338gat,9,17,13
n1806gat,4,17,8
n1455gat,19,17,13
n1293gat,100,76,46
n1257gat,4,15,9
n1085gat,100,73,47
n1067gat,100,75,42
n1095gat,18,34,13
n1176gat,4,30,9
n2427gat,100,46,26
n2652gat,9,24,2
n2616gat,33,61,3
n1608gat,100,79,52
n1428gat,100,62,47
n2850gat,100,56,42
n1635gat,100,42,34
n1743gat,87,33,31
n1427gat,100,79,40
n1823gat,100,36,30
n2931gat,100,24,21
n1266gat,31,15,13
n1284gat,100,34,25
n1986gat_n1666gat_A,2,10,10
n1769gat_n1756gat_B,2,10,10
n2353gat_II4024_A,2,10,10
n2290gat_II4023_B,2,10,10
n2784gat_n89gat_B,100,27,27
n2905gat,4,14,14
n1915gat,2,10,10
n1645gat,46,30,19
n2482gat,100,46,38
n1681gat,53,31,18
n1159gat,100,62,29
n1258gat,100,62,25
n1609gat,2,111,5
n1924gat,19,33,31
n92gat,100,37,35
n1717gat,2,5,5
n1673gat_n1798gat_B,47,33,32
n1626gat,6,5,5
n1891gat_n1895gat_B,49,35,28
n755gat_n749gat_C,17,13,7
n953gat_n947gat_C,65,20,3
n954gat_n948gat_A,65,20,3
n498gat_n495gat_A,65,21,3
n593gat_n587gat_C,65,20,3
n592gat_n589gat_B,65,20,3
n692gat_n687gat_B,65,20,3
n787gat_n781gat_B,65,88,3
n2575gat_n2569gat_C,9,56,3
n2337gat,2,1,1
n1958gat_n1847gat_A,31,34,32
n1392gat,2,1,1
n741gat_n989gat_B,100,24,22
n741gat_n998gat_B,100,23,21
n683gat_n886gat_A,100,23,18
n1816gat,3,2,2
n3129gat,100,30,30
n3138gat,15,15,14
n3139gat,92,31,31
n3147gat,2,2,2
n3148gat,2,1,1
n2670gat,2,1,1
n2914gat,3,4,4
n2922gat,5,4,4
n2913gat,30,14,14
n3057gat,100,21,21
n3058gat,100,20,20
n3048gat,14,19,15
n3049gat,49,19,19
n2904gat,71,20,20
n1636gat,3,8,8
n2661gat,2,5,5
n2590gat,2,1,1
n1564gat,56,19,19
n2671gat,2,31,1
n1627gat,5,12,5
n1447gat,100,85,49
n2725gat,65,126,1
n1446gat,5,111,5
n2733gat,2,34,1
n1068gat,100,75,9
n1294gat,100,76,9
n2490gat,2,91,1
n2626gat,2,91,1
n2562gat,2,104,1
n2148gat,100,46,45
n1725gat,34,36,16
n2634gat,2,61,1
n2356gat,100,92,53
n2355gat,100,104,67
n1482gat,100,62,34
n1528gat,100,62,55
n1591gat,100,62,50
n2139gat,100,56,46
n1735gat,31,13,13
n2347gat,100,44,31
n1662gat,19,30,19
n2257gat,6,15,15
n2266gat,13,15,13
n2059gat,100,56,48
n1960gat,48,31,31
n2437gat,69,23,22
n2644gat,67,20,20
n2158gat,100,61,30
n2625gat,2,91,1
n2283gat,81,42,37
n1339gat,100,36,30
n1690gat,6,15,4
n2184gat,11,14,13
n1384gat,3,2,1
n2049gat,16,16,16
n2328gat,47,20,20
n2058gat,62,20,20
n2716gat,100,45,37
n2715gat,100,126,73
n2724gat,41,47,14
n48gat,100,20,9
n57gat,65,21,9
n65gat,100,21,9
n1059gat,100,20,9
n2860gat,100,66,48
n2284gat,100,92,62
n1762gat,2,115,3
n2428gat,100,46,26
n1186gat,33,34,3
n1194gat,65,34,3
n1275gat,65,34,8
n1276gat,65,34,8
n1195gat,100,22,9
n1285gat,100,22,9
n2572gat,9,56,3
n2418gat,17,56,3
n2419gat,17,56,3
n2581gat,17,56,6
n2338gat,2,24,1
n2607gat,17,61,3
n2608gat,17,61,3
n2554gat,17,61,3
n2553gat,17,61,3
n1348gat,100,62,50
n1366gat,100,62,52
n1249gat,100,62,20
n1590gat,100,79,52
n1357gat,100,62,26
n1573gat,46,30,19
n1654gat,10,30,15
n1393gat,100,79,47
n2185gat,11,16,15
n2248gat,5,15,15
n2392gat,63,43,36
n2149gat,11,20,17
n2346gat,100,36,34
n2193gat,52,23,22
n39gat,100,23,21
n2842gat,4,34,12
n2734gat,57,33,30
n2167gat,5,10,10
n1293gat,100,76,39
n1267gat,4,15,9
n1375gat,4,15,9
n1087gat,6,16,11
n1177gat,10,15,13
n1096gat,10,34,13
n93gat,100,37,36
n2239gat,21,15,14
n2652gat,9,24,2
n2617gat,17,61,6
n2616gat,33,61,3
n1608gat,100,79,50
n2850gat,100,56,42
n1635gat,100,42,34
n1519gat,100,36,29
n1284gat,100,34,17
n1499gat_n1558gat_C,10,30,19
n1700gat_II2813_C,2,8,5
n1797gat_n1729gat_B,19,30,19
n2214gat_II1723_C,100,66,28
n1703gat_II2812_A,2,8,5
n1447gat,3,85,4
n1736gat,68,30,29
n2644gat,67,20,20
n2537gat,10,15,14
n1862gat,7,10,9
n85gat,9,16,14
n1358gat,100,62,26
n1574gat,37,30,19
n1646gat,10,30,19
n1727gat,64,30,29
n2564gat,45,20,20
n93gat,100,37,37
n1988gat_n1861gat_C,7,13,13
n1717gat,6,5,5
n1797gat_n1657gat_B,27,30,29
n2199gat_n2498gat_A,25,19,19
n949gat_n945gat_A,65,20,3
n939gat_n936gat_B,65,20,9
n499gat_n494gat_B,65,21,3
n594gat_n588gat_B,65,20,3
n576gat_n569gat_C,65,20,9
n1893gat_n1967gat_A,35,24,24
n1963gat_n1959gat_B,17,31,23
n1869gat_n1586gat_A,2,10,10
n725gat_n998gat_A,100,23,18
n159gat_n987gat_B,100,23,18
n419gat_n899gat_A,28,15,14
n1816gat,2,2,2
n1769gat_n1757gat_B,2,3,3
n3139gat,100,31,30
n3148gat,2,1,1
n3149gat,4,3,3
n2735gat,2,1,1
n2914gat,5,4,4
n2905gat,27,14,14
n3059gat,100,23,23
n3058gat,100,20,20
n3049gat,16,19,19
n2915gat,70,20,20
n1781gat,9,5,5
n1565gat,2,10,10
n1636gat,8,8,8
n2590gat,2,1,1
n2456gat,2,1,1
n1564gat,45,19,19
n1915gat,11,10,10
n2671gat,2,31,1
n1645gat,37,30,19
n1628gat,5,12,5
n2861gat,65,126,1
n2717gat,65,126,1
n2725gat,65,126,1
n2906gat,65,13,2
n1448gat,36,116,17
n1294gat,100,76,9
n2780gat,2,31,1
n2429gat,100,46,32
n2626gat,2,91,1
n2339gat,2,24,1
n2285gat,100,62,58
n2356gat,100,92,59
n1880gat,100,116,55
n1528gat,100,62,40
n1591gat,100,62,33
n1735gat,7,13,13
n2347gat,100,44,35
n1790gat,82,30,19
n1718gat,11,8,8
n1394gat,2,79,1
n2168gat,92,28,28
n2266gat,13,15,13
n2059gat,100,56,35
n2437gat,87,23,22
n1961gat,18,31,23
n1754gat,2,2,2
n2159gat,100,56,26
n2186gat,100,61,36
n2482gat,100,46,22
n1681gat,100,31,31
n1690gat,3,15,4
n2384gat,100,20,20
n1871gat,2,127,1
n2716gat,100,45,25
n2726gat,100,126,91
n48gat,100,20,9
n49gat,100,20,9
n58gat,65,21,9
n2860gat,100,66,45
n2474gat,2,8,8
n2284gat,100,92,60
n1187gat,33,34,3
n1276gat,65,34,8
n1277gat,65,34,8
n1196gat,100,22,9
n2573gat,17,56,3
n2419gat,17,56,3
n2338gat,2,24,1
n2608gat,17,61,3
n2609gat,17,61,3
n2546gat,9,61,3
n2554gat,17,61,3
n2555gat,17,61,3
n1439gat,100,62,47
n1367gat,100,62,26
n2078gat,100,33,32
n2591gat,100,62,38
n1393gat,100,79,45
n2185gat,21,16,15
n2249gat,5,15,15
n1709gat,28,34,29
n2438gat,100,44,38
n2392gat,74,43,37
n1970gat,23,23,21
n2393gat,100,46,41
n2852gat,4,34,12
n2842gat,4,34,12
n2672gat,58,38,30
n2734gat,57,33,30
n1691gat,8,120,10
n1466gat,100,31,27
n1079gat,100,79,50
n1178gat,10,15,13
n1088gat,100,23,19
n1097gat,8,16,10
n67gat,94,16,16
n76gat,100,17,17
n2239gat,21,15,14
n2582gat,33,56,3
n2617gat,33,61,6
n1592gat,100,62,41
n1609gat,100,111,30
n1673gat,3,115,3
n1925gat,31,33,31
n1916gat,19,33,30
n1519gat,100,36,35
n2960gat,7,15,10
n2942gat,7,15,10
n1259gat,28,15,13
n2214gat_II1734_B,100,46,40
n683gat_n887gat_B,100,62,20
n1665gat,4,10,10
n1736gat,37,30,19
n1368gat,100,62,20
n2079gat,11,21,21
n2178gat,11,21,21
n1566gat,37,30,19
n1647gat,10,30,19
n1683gat,4,10,10
n77gat,11,17,15
n1917gat,19,33,30
n2628gat,2,1,1
n1702gat_II2813_B,2,8,5
n1778gat_n1695gat_B,2,5,5
n1986gat_n1667gat_B,28,30,19
n2646gat,9,4,4
n949gat_n946gat_A,65,20,3
n693gat_n687gat_C,65,20,3
n692gat_n689gat_B,65,20,3
n788gat_n781gat_C,65,88,3
n789gat_n782gat_A,65,88,3
n786gat_n783gat_C,65,88,3
n787gat_n783gat_B,65,88,3
n2493gat,2,1,1
n2268gat,2,1,1
n1886gat_n1957gat_A,17,31,23
n882gat_n994gat_B,100,24,18
n419gat_n999gat_A,27,15,14
n393gat_n997gat_B,100,23,18
n926gat_n986gat_B,100,23,20
n894gat_n893gat_A,22,15,13
n1773gat,2,1,1
n3149gat,2,3,3
n2790gat,2,1,1
n2735gat,2,1,1
n2673gat,2,1,1
n1827gat,2,2,2
n3059gat,100,23,23
n2952gat,41,29,29
n2907gat,38,29,29
n2915gat,67,20,20
n1781gat,6,5,5
n1565gat,11,10,10
n1836gat,5,5,5
n2456gat,2,1,1
n1593gat,2,6,6
n2861gat,65,126,1
n2717gat,65,126,1
n2906gat,65,13,2
n1448gat,4,116,5
n2736gat,2,33,1
n2780gat,2,31,1
n2466gat,2,8,8
n2970gat,100,34,8
n1197gat,100,22,9
n2339gat,2,24,1
n2285gat,100,62,41
n1880gat,100,116,55
n2394gat,100,46,33
n1790gat,100,30,29
n2592gat,2,62,1
n1394gat,2,79,1
n2259gat,24,20,20
n1961gat,100,31,31
n2448gat,2,15,1
n2169gat,100,37,37
n1791gat,25,10,10
n1782gat,100,22,22
n2385gat,100,13,12
n2187gat,6,15,15
n1890gat,3,2,1
n1871gat,2,127,1
n85gat,100,16,16
n2726gat,100,126,98
n2727gat,41,54,14
n49gat,100,20,9
n59gat,65,21,9
n1692gat,2,115,3
n2286gat,100,46,46
n1188gat,33,34,3
n1278gat,65,34,8
n1277gat,65,34,8
n1287gat,100,22,9
n1269gat,100,34,8
n2718gat,4,30,12
n2573gat,17,56,3
n2574gat,17,56,3
n2609gat,17,61,3
n2547gat,9,61,3
n2555gat,17,61,3
n1449gat,100,62,56
n1359gat,100,62,26
n2078gat,91,33,32
n1656gat,53,30,29
n1629gat,100,34,33
n1845gat,100,35,34
n2438gat,67,44,38
n2439gat,100,47,40
n2349gat,21,20,18
n1962gat,9,23,15
n1971gat,23,23,21
n2393gat,93,46,43
n2565gat,43,20,20
n2844gat,4,31,12
n2852gat,4,34,12
n2781gat,54,34,30
n2672gat,57,38,30
n1691gat,8,120,10
n1755gat,7,8,8
n1674gat,13,17,14
n1467gat,100,31,28
n1079gat,100,79,50
n1098gat,100,23,17
n1089gat,4,16,10
n1179gat,100,23,22
n1935gat,100,36,35
n2583gat,17,56,6
n2582gat,33,56,3
n2619gat,33,61,3
n1673gat,3,115,3
n2664gat,100,42,30
n1926gat,37,33,31
n1719gat,100,42,20
n2097gat,9,33,12
n1476gat,100,68,35
n1818gat,100,31,29
n1584gat,100,93,60
n1458gat,100,31,31
n2862gat,100,77,51
n2943gat,7,16,10
n2961gat,7,15,10
n1988gat_n1576gat_B,24,39,36
n875gat_n877gat_A,100,62,29
n1567gat,2,10,10
n1738gat,11,33,30
n1495gat,29,33,30
n78gat,100,40,33
n1369gat,100,62,26
n1972gat,55,23,23
n2566gat,24,20,20
n1459gat,27,31,17
n1594gat,100,31,21
n1604gat_II1734_A,100,46,26
n2638gat,2,1,1
n2557gat,2,1,1
n2628gat,2,1,1
n1986gat_n1865gat_C,7,13,13
n2646gat,9,4,4
n2971gat,100,9,9
n499gat_n496gat_B,65,21,3
n595gat_n588gat_C,65,20,3
n596gat_n589gat_A,65,20,3
n694gat_n688gat_B,65,20,3
n788gat_n782gat_C,65,88,3
n789gat_n783gat_A,65,88,3
n2493gat,2,1,1
n2389gat_n2499gat_A,5,24,2
n2268gat,2,1,1
n1704gat_II2812_B,2,8,5
n1968gat_n1894gat_A,58,34,33
n1633gat_II4144_A,2,5,5
n1869gat_n1686gat_B,100,31,31
n983gat_n984gat_B,100,23,19
n579gat_n885gat_A,100,23,18
n679gat_n991gat_B,3,16,10
n1773gat,2,1,1
n2782gat,2,1,1
n2790gat,2,1,1
n2673gat,2,1,1
n1827gat,3,2,2
n2952gat,100,29,29
n2907gat,100,29,29
n2908gat,42,29,29
n2890gat,68,20,20
n1945gat,3,5,4
n1836gat,6,5,5
n1927gat,31,19,19
n1593gat,7,6,6
n2728gat,65,126,1
n1819gat,2,36,2
n2736gat,2,33,1
n2674gat,2,38,1
n2791gat,2,33,1
n1693gat,3,115,3
n2970gat,100,34,8
n1197gat,100,22,9
n2629gat,100,91,44
n2656gat,2,42,5
n1765gat,2,102,3
n2359gat,100,62,44
n1783gat,100,42,38
n2394gat,100,46,40
n1864gat,29,33,30
n1576gat,21,39,30
n1918gat,58,42,36
n2592gat,2,62,1
n1954gat,19,31,22
n1855gat,21,33,12
n2448gat,2,15,1
n2169gat,100,37,37
n2980gat,37,17,17
n2187gat,16,15,15
n2727gat,41,54,14
n2863gat,100,66,44
n2286gat,100,46,24
n1189gat,65,34,3
n1278gat,65,34,8
n1279gat,65,34,8
n1269gat,100,34,8
n2718gat,4,30,12
n2836gat,4,30,12
n2574gat,17,56,3
n2575gat,17,56,3
n2494gat,5,24,2
n2269gat,2,24,1
n2647gat,5,24,4
n2548gat,9,61,3
n1378gat,100,62,26
n1990gat,100,21,21
n1648gat,73,30,29
n1846gat,25,34,28
n1845gat,100,35,32
n1891gat,97,37,34
n2439gat,93,47,41
n1963gat,98,37,36
n2844gat,4,31,12
n2781gat,54,34,30
n1747gat,61,17,14
n1468gat,100,31,30
n1396gat,100,74,44
n1684gat,100,31,31
n1774gat,100,33,33
n1477gat,100,31,31
n1297gat,100,83,47
n1099gat,100,23,18
n1179gat,100,23,22
n1935gat,100,36,36
n1828gat,100,36,35
n2583gat,33,56,6
n2619gat,33,61,3
n1792gat,15,13,13
n1387gat,100,62,49
n2664gat,100,42,33
n1719gat,100,42,38
n1476gat,100,68,54
n1584gat,100,93,53
n2854gat,100,77,47
n2862gat,100,77,51
n2944gat,19,34,13
n2962gat,7,30,10
n1698gat_n1696gat_B,5,12,12
n2284gat_II4024_B,2,10,10
n1989gat_n1863gat_C,3,10,9
n2353gat_II1723_B,100,66,42
n2354gat_II1723_A,100,66,51
n1559gat,46,30,19
n2359gat,100,62,32
n1568gat,36,30,19
n1658gat,73,30,19
n2666gat,100,62,36
n1649gat,10,30,19
n1469gat,29,36,20
n2638gat,2,1,1
n2557gat,2,1,1
n1989gat_n1865gat_A,7,13,13
n1886gat_n1958gat_B,65,37,30
n2971gat,100,9,9
n595gat_n589gat_C,65,20,3
n888gat_n891gat_B,20,15,13
n926gat_n979gat_B,100,34,24
n1685gat,5,5,5
n2782gat,2,1,1
n2927gat,3,4,4
n2918gat,41,29,29
n2909gat,38,29,29
n2908gat,100,29,29
n2891gat,67,20,20
n2890gat,70,20,20
n1793gat,5,13,13
n1945gat,5,5,4
n1927gat,51,19,19
n1567gat,11,10,10
n2864gat,65,126,1
n2728gat,65,126,1
n1379gat,37,78,17
n2729gat,2,2,2
n2674gat,2,38,1
n1298gat,100,83,9
n2791gat,2,33,1
n2783gat,2,34,1
n79gat,100,40,40
n2495gat,2,24,1
n2629gat,100,91,45
n1739gat,11,33,30
n1864gat,63,33,31
n1576gat,100,39,36
n1918gat,63,42,36
n1775gat,2,63,1
n1855gat,9,33,12
n78gat,100,40,40
n1694gat,7,8,5
n2486gat,100,46,46
n2980gat,67,17,17
n2765gat,100,31,31
n1991gat,71,42,39
n1919gat,11,10,9
n1892gat,100,34,34
n2863gat,100,66,50
n2855gat,100,66,43
n1189gat,65,34,3
n1279gat,65,34,8
n2836gat,4,30,12
n2575gat,17,56,3
n2576gat,17,56,3
n2567gat,5,24,2
n2269gat,2,24,1
n2648gat,5,24,4
n2549gat,9,61,3
n1478gat,100,62,48
n1487gat,100,62,49
n1990gat,61,21,21
n1784gat,100,42,21
n2981gat,100,62,50
n2189gat,26,35,34
n1847gat,51,34,28
n1891gat,100,37,36
n1964gat,20,20,20
n1963gat,49,37,26
n1955gat,17,23,15
n1973gat,23,23,21
n2792gat,55,32,30
n2846gat,4,32,12
n1586gat,2,10,10
n1838gat,3,10,5
n1396gat,100,74,42
n1774gat,100,33,33
n1297gat,100,83,41
n2585gat,33,56,3
n88gat,100,27,27
n1397gat,51,17,17
n1595gat,77,31,19
n2854gat,100,77,39
n2945gat,100,34,31
n1199gat,100,30,24
n1757gat,2,3,3
n1568gat,19,30,19
n1919gat,3,10,9
n2289gat,100,66,60
n89gat,100,27,27
n2784gat,100,50,41
n1595gat,78,31,18
n2443gat_II1724_B,100,66,48
n2487gat,2,1,1
n2397gat,2,1,1
n1988gat_n1577gat_C,19,33,31
n1895gat_n1896gat_B,29,23,20
n695gat_n688gat_C,65,20,3
n696gat_n689gat_A,65,20,3
n2388gat,2,1,1
n1968gat_n1967gat_B,28,24,22
n1685gat,6,5,5
n2793gat,2,1,1
n2928gat,3,4,4
n2927gat,5,4,4
n2918gat,100,29,29
n2919gat,41,29,29
n2909gat,100,29,29
n2891gat,70,20,20
n1793gat,20,13,13
n1559gat,36,30,19
n2864gat,65,126,1
n2856gat,65,126,1
n1379gat,3,78,4
n1298gat,100,83,9
n2783gat,2,34,1
n2667gat,100,126,93
n2595gat,4,8,8
n2495gat,2,24,1
n1479gat,100,62,51
n1866gat,19,13,13
n1668gat,74,30,19
n1658gat,73,30,19
n2586gat,2,42,5
n1775gat,2,63,1
n1848gat,100,54,50
n2199gat,41,20,19
n1694gat,7,8,5
n2478gat,100,56,39
n2486gat,100,46,27
n1991gat,91,42,37
n1596gat,100,31,31
n1892gat,99,34,33
n2855gat,100,66,50
n2838gat,4,30,12
n2577gat,17,56,3
n2576gat,17,56,3
n1569gat,45,30,29
n1659gat,100,30,29
n2991gat,28,30,19
n1784gat,100,42,34
n1884gat,100,42,21
n1839gat,100,42,38
n1785gat,100,42,32
n2189gat,23,35,34
n1956gat,100,32,23
n1893gat,47,37,36
n1974gat,55,23,23
n2775gat,59,32,30
n2792gat,54,32,30
n2846gat,4,32,12
n1398gat,15,17,13
n1838gat,3,10,5
n1686gat,100,31,31
n1677gat,100,74,49
n2585gat,33,56,3
n2649gat,9,24,2
n2973gat,100,62,32
n2982gat,100,62,30
n1794gat,3,13,13
n1758gat,100,29,29
n1469gat,100,36,35
n1587gat,96,31,20
n2214gat_II1585_B,3,46,14
n2355gat_II1724_A,100,66,44
n1696gat,7,12,12
n1596gat,100,31,31
n2992gat,28,30,19
n2884gat,59,23,20
n1498gat,100,62,29
n2784gat,100,50,39
n2487gat,2,1,1
n2397gat,2,1,1
n1777gat,7,5,5
n1968gat_n1895gat_C,84,35,28
n695gat_n689gat_C,65,20,3
n2388gat,2,1,1
n698gat_n993gat_B,100,23,17
n985gat_n986gat_A,100,23,19
n1858gat,3,3,3
n2793gat,2,1,1
n2776gat,2,1,1
n2928gat,5,4,4
n2919gat,100,29,29
n2983gat,21,21,21
n2856gat,65,126,1
n2794gat,2,32,1
n2667gat,100,126,100
n2767gat,100,126,94
n2596gat,6,8,8
n2398gat,100,104,40
n1479gat,100,62,34
n2586gat,2,42,5
n1849gat,100,54,34
n1848gat,100,54,45
n1975gat,80,23,23
n2199gat,60,20,19
n1885gat,28,10,9
n2488gat,100,91,39
n2838gat,4,30,12
n2569gat,9,56,3
n2577gat,17,56,3
n2578gat,17,56,3
n2389gat,2,24,1
n1659gat,82,30,19
n1884gat,100,42,29
n1839gat,100,42,38
n1785gat,100,42,33
n1894gat,43,34,33
n1956gat,18,32,22
n1957gat,48,31,31
n1893gat,31,37,30
n2775gat,58,32,30
n1399gat,4,17,8
n1786gat,100,42,38
n2289gat,100,66,32
n1677gat,100,74,51
n2649gat,9,24,2
n2857gat,100,31,30
n2965gat,7,15,10
n1609gat_II2813_A,2,8,5
n2786gat,100,61,39
n1598gat,100,62,34
n1796gat,3,13,13
n1994gat,19,33,30
n1777gat,7,5,5
n2579gat,33,6,6
n1858gat,3,3,3
n2776gat,2,1,1
n2894gat,3,4,4
n2983gat,50,21,21
n1696gat,10,12,12
n1499gat,71,30,18
n2777gat,2,32,1
n2794gat,2,32,1
n2767gat,100,126,97
n2399gat,2,104,1
n2489gat,2,91,1
n2876gat,100,88,9
n2597gat,2,8,8
n2398gat,100,104,47
n1787gat,4,33,8
n1849gat,100,54,27
n1975gat,80,23,23
n2488gat,100,91,26
n2867gat,33,13,2
n2578gat,17,56,3
n2389gat,2,24,1
n1778gat,2,73,5
n1895gat,55,35,32
n1958gat,80,37,35
n1967gat,7,24,17
n1886gat,70,37,30
n2669gat,54,31,30
n2884gat,100,23,21
n1786gat,100,42,38
n2957gat,100,62,27
n1859gat,84,33,30
n1769gat,8,15,9
n2353gat_II1584_A,100,46,34
n1499gat,82,30,19
n2786gat,100,61,44
n2579gat,33,6,6
n897gat_n896gat_A,23,15,13
n2894gat,5,4,4
n2895gat,3,4,4
n2886gat,66,20,20
n2777gat,2,32,1
n2399gat,2,104,1
n2489gat,2,91,1
n1698gat,13,13,12
n2876gat,100,88,9
n1986gat,65,42,36
n1797gat,80,30,29
n1787gat,4,33,8
n1878gat,100,114,55
n2868gat,33,13,2
n2499gat,5,24,2
n1779gat,6,73,5
n1778gat,7,73,5
n1788gat,100,42,21
n1895gat,100,35,34
n1958gat,100,37,34
n1968gat,100,37,33
n1886gat,60,37,35
n1896gat,100,23,23
n2778gat,58,31,30
n2669gat,54,31,30
n2877gat,66,22,20
n1599gat,4,5,5
n1869gat,100,127,74
n2985gat,100,31,31
n1859gat,20,33,30
n2859gat,33,125,3
n2967gat,7,15,10
n1769gat,8,15,9
n1798gat,29,33,30
n2986gat,28,30,19
n2286gat_II1733_A,100,46,44
n1633gat_II2735_C,100,42,34
n898gat_n895gat_B,21,15,13
n2779gat,2,1,1
n2896gat,3,4,4
n2895gat,5,4,4
n2887gat,70,20,20
n2886gat,67,20,20
n2869gat,65,13,1
n1698gat,19,13,12
n1986gat,73,42,36
n1797gat,37,30,19
n1699gat,6,121,5
n1897gat,100,56,48
n1888gat,85,31,31
n1878gat,100,114,54
n1978gat,11,15,14
n1879gat,2,115,3
n1788gat,100,42,27
n1969gat,33,34,32
n1968gat,100,37,36
n2995gat,17,23,15
n1896gat,47,23,20
n2778gat,58,31,30
n2877gat,100,22,21
n1869gat,100,127,78
n2985gat,100,31,31
n2977gat,100,62,30
n2859gat,33,125,3
n2968gat,7,15,10
n2860gat_II1277_A,100,61,46
n1884gat_II2721_A,100,42,32
n2035gat_stem_n2014gat_A,9,33,12
n1633gat_II2925_C,2,33,5
n2897gat,3,4,4
n2779gat,2,1,1
n2896gat,5,4,4
n2888gat,68,20,20
n2887gat,68,20,20
n2869gat,65,13,1
n1798gat,55,33,32
n1699gat,6,121,5
n1897gat,100,56,48
n1898gat,20,37,26
n1889gat,42,11,11
n1988gat,85,42,38
n2789gat,55,33,30
n2978gat,100,62,32
n2969gat,7,15,10
n2898gat,4,14,14
n2354gat_II1584_C,100,46,34
n1603gat_stem_n1250gat_A,100,62,26
n1839gat_II2720_C,100,42,38
n1786gat_II2720_B,100,42,38
n1838gat_II4144_B,2,5,5
n1595gat_II4216_B,53,31,19
n2897gat,5,4,4
n2888gat,69,20,20
n2889gat,65,13,2
n1899gat,100,56,48
n1898gat,87,37,22
n2988gat,73,33,32
n1989gat,45,30,19
n1988gat,80,42,34
n2789gat,55,33,30
n2356gat_II1585_A,100,46,37
n2284gat_II1584_B,100,46,38
n1784gat_II4145_B,2,5,5
n1788gat_II2720_A,100,42,30
n1839gat_II2831_A,3,11,11
n2898gat,27,14,14
n2889gat,65,13,2
n1899gat,100,56,46
n1999gat,100,55,37
n2988gat,100,33,32
n1989gat,45,30,19
n2989gat,3,115,3
n1603gat_stem_n1161gat_B,100,62,26
n1677gat_II4216_C,53,31,18
n1784gat_II2832_B,3,11,11
n1884gat_II2832_A,3,11,11
n2999gat,76,23,23
II4023,4,10,10
n2989gat,3,115,3
n2289gat_II1733_C,100,46,44
n1786gat_II2831_B,3,11,11
n1839gat_II3148_A,3,8,8
n2031gat_II3999_B,5,10,10
n1786gat_II4144_C,2,5,5
n2855gat_II1277_B,100,61,47
n1603gat_stem_n1163gat_B,100,62,26
n2093gat_stem_n2014gat_B,9,33,12
n1788gat_II4145_A,2,5,5
n2863gat_II1277_C,100,61,38
n1778gat_II2812_C,2,8,5
n1784gat_II2925_A,2,33,5
n1784gat_II2934_A,2,33,5
n1784gat_II3148_C,3,8,8
n1884gat_II3148_B,3,8,8
II2720,100,42,38
n1603gat_stem_n1291gat_A,100,62,26
n1784gat_II2736_B,100,42,34
n1785gat_II2736_A,100,42,20
n1786gat_II3149_A,3,8,8
n1884gat_II2735_B,100,42,23
n1838gat_II3178_A,2,10,5
II1515,4,8,8
n1884gat_II2926_A,2,33,5
n1785gat_II2935_A,2,33,5
n1788gat_II2831_C,3,11,11
n1785gat_II2925_B,2,33,5
n1839gat_II2934_B,2,33,5
n420gat_n1001gat_A,47,15,15
II1723,100,66,46
II2812,4,8,5
II4144,4,5,5
II4216,40,31,15
n1884gat_II2935_B,2,33,5
n1787gat_II3149_B,3,8,8
n1784gat_II3179_B,2,10,5
n1839gat_II3179_A,2,10,5
n1788gat_II2735_A,100,42,33
n1633gat_II2889_B,2,10,10
n1785gat_II3178_B,2,10,5
II1733,100,46,26
II2831,7,11,11
n1786gat_II2890_B,2,10,10
n420gat_n1003gat_A,49,16,16
n1788gat_II2890_A,2,10,10
n1787gat_II2926_B,2,33,5
n2989gat_II4217_B,100,31,29
n1603gat_stem_n1249gat_B,100,62,26
II3148,7,8,8
n1788gat_II2934_C,2,33,5
n420gat_n1004gat_B,100,30,30
II1277,100,61,51
II2735,100,42,25
n1858gat_stem_n1402gat_A,100,36,32
n1788gat_II3178_C,2,10,5
II1584,100,46,34
II2925,4,33,5
II2934,4,33,5
n2174gat_II3999_C,5,10,10
II3178,4,10,5
n701gat_n1113gat_B,2,111,5
n1625gat_stem_n1780gat_B,2,5,5
n1784gat_II2889_A,2,10,10
n110gat_n1074gat_B,98,20,20
n401gat_n1323gat_B,4,15,9
n419gat_n1000gat_A,100,30,28
n3010gat_stem,100,20,9
n120gat_n2461gat_A,100,62,36
n120gat_n2460gat_B,100,20,9
n2201gat_stem,2,104,1
n3010gat_stem,100,20,9
n1626gat_stem_n1780gat_C,2,5,5
n110gat_n1077gat_A,100,22,22
n455gat_n1011gat_A,100,20,20
n455gat_n1010gat_B,100,20,19
n2201gat_stem,2,104,1
n2031gat_stem,2,10,1
n721gat_n1114gat_B,100,85,35
n325gat_n40gat_A,21,23,21
n92gat_n200gat_B,2,12,10
n1884gat_II2889_C,2,10,10
n455gat_n1030gat_A,100,21,20
n2031gat_stem,2,10,1
n720gat_n1117gat_A,2,85,5
n1006gat_n904gat_A,23,15,13
n1007gat_n903gat_A,20,15,13
n455gat_n1031gat_B,100,20,20
n2205gat_stem,2,104,1
n393gat_n1113gat_A,2,111,5
n1773gat_stem_n1755gat_B,7,8,8
n725gat_n1114gat_A,100,85,49
n1858gat_stem_n1581gat_A,15,33,30
n151gat_n37gat_A,23,20,14
n164gat_n1324gat_A,4,15,9
n455gat_n1005gat_B,100,20,20
n2341gat_stem,2,104,1
n2205gat_stem,2,104,1
n2035gat_stem,2,41,1
n1603gat_stem,4,79,3
n2723gat_n421gat_B,100,27,27
n2715gat_n421gat_A,100,27,27
n186gat_n12gat_A,2,11,10
n1490gat_n251gat_A,21,20,18
n701gat_n1318gat_B,5,111,5
n151gat_n38gat_A,73,20,18
n1006gat_n905gat_B,25,16,13
n2341gat_stem,2,104,1
n2035gat_stem,2,41,1
n2108gat_stem,2,10,1
n1712gat_stem,2,10,5
n43gat_stem,100,20,9
n1603gat_stem,2,79,3
II2889,4,10,10
n2720gat_n182gat_B,100,45,35
n1773gat_stem_n1756gat_C,2,10,10
n1858gat_stem_n1573gat_B,37,30,19
n164gat_n1325gat_B,100,62,25
n815gat_n1250gat_B,100,62,20
n383gat_n40gat_B,22,23,14
n918gat_n1012gat_B,4,16,9
n621gat_n1175gat_A,4,15,9
n420gat_n1178gat_A,49,15,15
n419gat_n1116gat_A,27,15,14
n420gat_n1177gat_B,46,15,15
n419gat_n1115gat_B,27,15,14
n930gat_n1253gat_A,4,15,10
n2532gat_stem,2,61,1
n2541gat_stem,2,91,1
n1713gat_stem,2,33,5
n2307gat_stem,2,42,1
n2108gat_stem,2,10,1
n2613gat_stem,33,61,6
n1712gat_stem,6,10,5
n43gat_stem,100,20,9
n278gat_n1320gat_B,100,62,25
n702gat_n1256gat_B,5,87,3
n1858gat_stem_n1476gat_A,100,68,41
n2726gat_n411gat_B,100,77,68
n2723gat_n415gat_A,100,77,76
n2715gat_n521gat_B,100,77,77
n2724gat_n423gat_A,33,13,2
n2337gat_n207gat_A,5,24,2
n233gat_n38gat_B,27,20,19
n1112gat_n991gat_A,27,16,14
n833gat_n1261gat_A,4,15,9
n1773gat_stem_n1758gat_B,100,29,29
n2470gat_stem,2,13,1
n1606gat_stem,2,9,2
n2560gat_stem,2,92,1
n2532gat_stem,2,61,1
n2632gat_stem,2,61,1
n2541gat_stem,2,91,1
n1713gat_stem,6,33,5
n2307gat_stem,2,42,1
n2613gat_stem,33,61,6
n725gat_n1117gat_B,3,85,4
n1858gat_stem_n1864gat_A,11,33,31
n78gat_n212gat_B,79,32,25
n583gat_n1161gat_A,100,62,20
n2723gat_n362gat_A,33,13,2
n2842gat_n440gat_B,3,4,4
n282gat_n1372gat_A,100,62,25
n956gat_n1103gat_A,100,62,25
n672gat_n1413gat_B,100,62,40
n154gat_n37gat_B,26,20,19
n860gat_n1090gat_B,100,23,18
n282gat_n1326gat_B,4,15,9
n455gat_n1028gat_A,100,22,22
n455gat_n1181gat_A,100,21,21
n2470gat_stem,2,13,1
n1606gat_stem,3,9,2
n2560gat_stem,2,92,1
n2632gat_stem,2,61,1
n1625gat_stem,2,12,5
n2093gat_stem,2,41,1
n55gat_stem,100,21,9
II3999,13,10,10
n2174gat_stem,2,10,1
n293gat_n15gat_C,100,37,33
n637gat_n15gat_A,100,37,34
n837gat_n1321gat_B,100,62,20
n375gat_n1082gat_A,28,22,22
n1626gat_stem,2,12,5
n1858gat_stem_n1469gat_A,100,36,32
n706gat_n1443gat_B,100,62,20
n926gat_n1152gat_A,100,23,20
n1112gat_n993gat_A,100,23,21
n613gat_n1267gat_A,4,15,9
n1112gat_n992gat_B,100,23,21
n270gat_n1097gat_A,8,16,10
n897gat_n1010gat_A,100,20,20
n2862gat_n520gat_B,100,70,66
n2862gat_n530gat_A,100,77,77
n1625gat_stem,6,12,5
n2093gat_stem,2,41,1
n55gat_stem,100,21,9
n2337gat_stem,2,24,1
n2174gat_stem,2,10,1
n1392gat_stem,2,31,1
n860gat_n1245gat_B,100,62,25
n392gat_n1318gat_A,5,111,5
n720gat_n1376gat_B,36,116,17
n2726gat_n423gat_B,33,13,2
n1112gat_n994gat_A,100,24,22
n278gat_n1260gat_B,4,15,9
n1112gat_n885gat_B,100,23,21
n455gat_n1029gat_B,100,24,24
n894gat_n1005gat_A,100,20,20
n455gat_n1182gat_B,100,13,13
n1717gat_stem,2,33,5
n1626gat_stem,6,12,5
n2337gat_stem,2,24,1
n1392gat_stem,2,31,1
n1816gat_stem,3,36,2
n2726gat_n361gat_B,100,37,35
n2727gat_n360gat_B,100,49,39
n566gat_n1153gat_B,100,62,29
n375gat_n1083gat_B,28,22,22
n392gat_n1256gat_A,5,87,3
n2723gat_n418gat_B,100,77,76
n2715gat_n516gat_B,100,70,59
n2844gat_n442gat_A,3,4,4
n93gat_n651gat_A,100,29,29
n833gat_n1373gat_A,100,62,20
n617gat_n1264gat_B,4,15,9
n1112gat_n886gat_B,100,23,23
n1717gat_stem,6,33,5
n1816gat_stem,2,36,2
n401gat_n1499gat_B,73,30,18
n721gat_n1377gat_B,39,78,17
n613gat_n1368gat_B,100,62,20
n274gat_n1258gat_A,100,62,25
n882gat_n1163gat_A,100,62,20
n1490gat_n248gat_B,25,21,19
n1858gat_stem_n1796gat_A,3,13,13
n200gat,3,12,10
n2711gat_n962gat_B,3,4,4
n2269gat_n207gat_B,5,24,2
n879gat_n1003gat_B,25,16,14
n1112gat_n995gat_B,100,23,21
n1111gat_n889gat_A,100,23,21
n274gat_n1257gat_B,4,15,9
n837gat_n1262gat_A,4,15,9
n978gat_n1004gat_A,100,30,28
n888gat_n1030gat_B,100,21,21
n898gat_n1011gat_B,100,20,20
n2854gat_n531gat_B,100,77,77
n2628gat_stem,2,61,1
n2646gat_stem,9,24,4
n2493gat_stem,2,24,1
n2268gat_stem,2,24,1
n110gat,100,27,27
n1773gat_stem,2,43,1
n845gat_n1614gat_B,72,30,18
n396gat_n1614gat_A,10,30,17
n247gat_n39gat_B,23,23,21
n110gat,100,27,21
n724gat_n1376gat_A,4,116,5
n2727gat_n362gat_B,33,13,2
n2846gat_n441gat_B,3,4,4
n93gat_n652gat_B,100,29,29
n2846gat_n450gat_B,35,20,20
n383gat_n39gat_A,100,23,20
n845gat_n1174gat_A,4,15,9
n706gat_n1375gat_B,4,15,9
n336gat_n1098gat_A,100,23,17
n741gat_n1097gat_B,16,16,14
n2638gat_stem,2,56,1
n2557gat_stem,2,61,1
n2628gat_stem,2,61,1
n2646gat_stem,9,24,4
n2971gat_stem,100,22,9
n2493gat_stem,2,24,1
n2268gat_stem,2,24,1
n120gat,100,88,9
n111gat,100,40,40
n1773gat_stem,2,43,1
n2724gat_n529gat_A,100,42,40
n2723gat_n286gat_B,100,61,39
n2711gat_n964gat_B,2,14,10
n864gat_n1246gat_A,100,62,25
n111gat,10,40,18
n724gat_n1377gat_A,3,78,4
n2726gat_n356gat_A,100,77,76
n2840gat_n790gat_B,3,4,4
n2781gat_n444gat_B,3,4,4
n2711gat_n965gat_A,35,20,20
n2734gat_n960gat_A,35,20,20
n583gat_n1094gat_B,100,23,18
n741gat_n1098gat_B,100,23,21
n2638gat_stem,2,56,1
n2557gat_stem,2,61,1
n2971gat_stem,100,22,9
n121gat,65,88,8
n130gat,100,88,9
n120gat,100,88,9
n1685gat_stem,5,36,5
n2715gat_n529gat_B,100,42,39
n2723gat_n746gat_B,100,40,34
n743gat_n86gat_A,100,40,35
n2860gat_n357gat_B,12,17,15
n2726gat_n357gat_A,12,17,15
n637gat_n82gat_C,56,17,15
n2718gat_n653gat_A,2,14,10
n2840gat_n971gat_B,2,22,10
n918gat_n1616gat_A,73,30,18
n2716gat_n745gat_A,33,13,2
n2715gat_n638gat_A,33,13,2
n93gat_n645gat_B,100,29,29
n93gat_n646gat_A,100,29,29
n2840gat_n791gat_B,35,20,20
n864gat_n1093gat_B,100,23,18
n956gat_n1091gat_B,100,23,17
n221gat,100,88,9
n2487gat_stem,2,61,1
n2397gat_stem,2,62,1
n320gat,100,93,36
n500gat,100,21,9
n230gat,100,88,9
n122gat,65,88,8
n130gat,100,88,9
n2388gat_stem,2,24,1
n140gat,42,23,19
n401gat,100,53,30
n1685gat_stem,6,36,5
n396gat_n1616gat_B,10,30,17
n396gat_n1605gat_D,10,30,16
n2716gat_n746gat_A,100,40,36
n2859gat_n360gat_A,100,49,34
n2715gat_n287gat_B,100,61,37
n743gat_n87gat_A,5,12,10
n294gat_n84gat_C,100,27,27
n1392gat_stem_II4217_A,100,31,20
n294gat_n85gat_B,31,16,14
n2734gat_n961gat_B,3,14,11
n2672gat_n763gat_A,50,29,29
n2884gat_n460gat_B,36,23,21
n2842gat_n772gat_B,2,23,10
n2781gat_n446gat_B,3,23,11
n141gat,24,20,19
n93gat_n763gat_B,100,29,29
n2672gat_n556gat_A,36,20,20
n698gat_n1162gat_A,100,62,20
n926gat_n1087gat_A,23,16,13
n1601gat_n979gat_A,100,34,28
n402gat,100,53,9
n221gat,100,88,9
n2487gat_stem,2,61,1
n2397gat_stem,2,62,1
n312gat,100,90,44
n320gat,100,93,49
n1777gat_stem,7,5,5
n500gat,100,21,9
n501gat,100,21,9
n510gat,100,21,9
n132gat,100,88,9
n222gat,65,88,3
n230gat,100,88,9
n231gat,100,88,9
n123gat,65,88,8
n2388gat_stem,2,24,1
n150gat,23,20,19
n330gat,100,30,19
n240gat,100,21,20
n140gat,100,23,20
n401gat,100,53,32
n1858gat_stem,3,115,3
n411gat,100,77,77
n420gat,100,70,48
n2859gat_n361gat_A,100,37,34
n294gat_n86gat_B,100,40,36
n2731gat_n767gat_B,3,14,11
n2836gat_n447gat_A,2,14,10
n250gat,24,21,19
n142gat,21,23,21
n2859gat_n522gat_B,100,77,71
n2731gat_n795gat_A,36,20,20
n2844gat_n654gat_B,35,20,20
n2842gat_n774gat_A,34,20,20
n819gat_n1096gat_A,10,34,13
n829gat_n1176gat_A,4,30,9
n2854gat_n519gat_A,100,70,65
n160gat,100,33,9
n402gat,100,53,9
n322gat,100,93,9
n312gat,100,90,54
n1777gat_stem,7,5,5
n331gat,100,30,19
n2579gat_stem,33,56,6
n502gat,100,21,9
n501gat,100,21,9
n510gat,100,21,9
n511gat,100,21,9
n223gat,65,88,3
n231gat,100,88,9
n124gat,65,88,8
n330gat,100,30,19
n151gat,100,26,19
n241gat,100,23,21
n340gat,100,34,26
n1858gat_stem,3,115,3
n520gat,100,70,60
n412gat,10,70,17
n411gat,100,77,63
n420gat,100,70,51
n293gat_n87gat_C,5,12,10
n637gat_n85gat_C,17,16,14
n2792gat_n645gat_A,49,29,29
n579gat_n1291gat_B,100,62,20
n2731gat_n796gat_A,4,22,13
n2863gat_n564gat_B,100,61,51
n2731gat_n768gat_B,3,4,4
n2718gat_n655gat_B,3,4,4
n2852gat_n792gat_A,3,4,4
n2778gat_n443gat_A,3,4,4
n93gat_n766gat_A,100,29,29
n93gat_n765gat_B,100,29,29
n983gat_n1158gat_A,100,62,29
n985gat_n1156gat_A,100,62,29
n926gat_n1088gat_B,100,23,20
n160gat,100,33,9
n341gat,100,34,9
n701gat,100,116,10
n314gat,100,90,9
n322gat,100,93,9
n152gat,100,26,19
n331gat,100,30,19
n2579gat_stem,33,56,6
n521gat,100,77,71
n260gat,65,20,3
n170gat,65,21,3
n350gat,100,21,9
n440gat,3,4,4
n710gat,65,21,3
n502gat,100,21,9
n503gat,100,21,9
n511gat,100,21,9
n512gat,100,21,9
n224gat,65,88,3
n125gat,100,88,9
n800gat,100,20,19
n233gat,23,21,18
n251gat,75,20,18
n143gat,100,22,20
n134gat,100,23,21
n151gat,100,26,19
n242gat,22,21,20
n241gat,39,23,21
n340gat,100,34,26
n413gat,10,70,17
n530gat,100,77,77
n2726gat_n288gat_B,100,61,52
n2838gat_n771gat_A,2,14,10
n2731gat_n769gat_B,52,29,29
n2734gat_n766gat_B,52,29,29
n2781gat_n765gat_A,52,29,29
n180gat,5,16,13
n801gat,100,24,18
n612gat,2,1,1
n504gat,100,9,9
n2836gat_n439gat_B,3,4,4
n2852gat_n793gat_A,35,20,20
n2718gat_n656gat_B,36,20,20
n2792gat_n555gat_B,35,20,20
n2836gat_n449gat_A,35,20,20
n2781gat_n764gat_B,35,20,20
n978gat_n1029gat_A,100,24,24
n879gat_n1028gat_B,100,22,22
n341gat,100,34,9
n720gat,100,125,23
n701gat,100,116,10
n314gat,100,90,9
n152gat,100,26,19
n521gat,100,77,77
n414gat,100,77,77
n630gat,100,77,72
n423gat,33,13,2
n261gat,65,20,3
n171gat,65,21,3
n350gat,100,21,9
n351gat,100,21,9
n441gat,3,4,4
n711gat,65,21,3
n503gat,100,21,9
n513gat,100,21,9
n512gat,100,21,9
n810gat,100,20,9
n450gat,35,20,20
n225gat,65,88,3
n125gat,100,88,9
n126gat,100,88,9
n207gat,5,24,2
n234gat,75,19,18
n233gat,75,21,18
n333gat,89,20,18
n144gat,100,25,21
n252gat,100,22,21
n324gat,24,22,21
n621gat,100,27,17
n702gat,100,109,18
n900gat,10,15,12
n270gat,100,35,19
n522gat,100,77,68
n531gat,100,77,77
n2855gat_n564gat_C,100,61,48
n2778gat_n445gat_A,3,14,11
n2778gat_n651gat_B,51,29,29
n2846gat_n448gat_B,2,21,10
n244gat,23,20,18
n145gat,22,22,20
n144gat,37,25,21
n325gat,23,28,20
n612gat,2,1,1
n504gat,100,9,9
n2792gat_n647gat_A,3,4,4
n2338gat_n299gat_B,5,24,2
n2877gat_n390gat_B,38,22,21
n336gat_n1599gat_B,4,5,5
n2859gat_n526gat_A,100,77,77
n703gat,100,137,10
n271gat,100,35,10
n720gat,100,125,10
n343gat,100,21,9
n622gat,100,27,9
n820gat,2,44,1
n370gat,35,20,16
n316gat,100,93,50
n414gat,100,77,76
n630gat,100,77,76
n523gat,100,77,77
n180gat,56,16,16
n442gat,3,4,4
n262gat,65,20,3
n172gat,100,21,9
n910gat,65,21,3
n352gat,100,21,9
n351gat,100,21,9
n712gat,65,21,3
n730gat,65,21,3
n505gat,65,21,9
n513gat,100,21,9
n514gat,100,21,9
n810gat,100,20,9
n811gat,100,20,9
n226gat,100,88,9
n126gat,100,88,9
n127gat,100,88,9
n235gat,89,19,18
n334gat,100,32,20
n460gat,100,23,21
n451gat,100,23,21
n136gat,68,22,20
n154gat,24,24,18
n253gat,100,27,20
n802gat,100,21,20
n721gat,100,136,49
n621gat,100,27,17
n702gat,100,109,27
n613gat,100,77,36
n901gat,10,15,12
n270gat,100,35,19
n522gat,100,77,55
n406gat,100,70,69
n415gat,100,77,74
n2844gat_n974gat_A,2,20,10
n2669gat_n870gat_A,3,20,11
n182gat,100,45,30
n245gat,59,23,20
n334gat,65,32,17
n461gat,33,23,21
n325gat,23,28,20
n146gat,22,22,21
n93gat_n769gat_A,100,29,29
n2789gat_n650gat_B,35,20,20
n2268gat_n299gat_A,5,24,2
n679gat_n1249gat_A,100,62,20
n722gat,100,141,10
n703gat,100,137,10
n271gat,100,35,9
n343gat,100,21,9
n622gat,100,27,9
n830gat,2,41,1
n614gat,2,77,1
n820gat,2,44,1
n803gat,100,20,9
n641gat,100,29,29
n371gat,33,20,16
n316gat,100,93,53
n551gat,100,89,39
n470gat,100,22,21
n416gat,19,70,35
n632gat,69,77,8
n524gat,100,77,76
n523gat,100,77,77
n362gat,33,13,2
n263gat,100,20,9
n172gat,100,21,9
n173gat,100,21,9
n911gat,100,21,9
n344gat,65,21,3
n352gat,100,21,9
n353gat,100,21,9
n443gat,3,4,4
n713gat,65,21,3
n731gat,65,21,3
n506gat,65,21,9
n514gat,100,21,9
n812gat,100,20,9
n811gat,100,20,9
n560gat,100,88,9
n650gat,35,20,20
n226gat,100,88,9
n227gat,100,88,9
n127gat,100,88,9
n128gat,100,88,9
n155gat,100,25,18
n137gat,23,19,18
n452gat,100,21,19
n326gat,100,25,21
n154gat,26,24,18
n253gat,57,27,17
n254gat,26,25,20
n380gat,100,22,21
n721gat,100,136,27
n902gat,10,16,12
n613gat,100,77,36
n164gat,100,78,41
n740gat,100,126,70
n290gat,100,77,77
n407gat,100,70,36
n406gat,37,70,26
n415gat,100,77,77
n2789gat_n652gat_A,52,29,29
n2852gat_n975gat_B,2,23,10
n651gat,51,29,29
n246gat,42,23,20
n372gat,100,32,32
n705gat,2,1,1
n822gat,2,1,1
n2838gat_n773gat_B,35,20,20
n722gat,100,141,10
n165gat,100,78,9
n830gat,2,41,1
n614gat,2,77,1
n803gat,100,20,9
n642gat,100,29,29
n561gat,100,90,9
n318gat,100,93,9
n551gat,100,89,49
n156gat,91,27,13
n182gat,100,45,45
n327gat,100,28,20
n470gat,100,22,21
n632gat,100,77,67
n524gat,100,77,67
n633gat,100,77,41
n750gat,17,13,7
n263gat,100,20,9
n264gat,100,20,9
n480gat,100,20,9
n173gat,100,21,9
n174gat,100,21,9
n911gat,100,21,9
n912gat,100,21,9
n345gat,65,21,3
n353gat,100,21,9
n444gat,3,4,4
n714gat,100,21,9
n732gat,65,21,3
n507gat,65,21,9
n804gat,65,20,3
n812gat,100,20,9
n813gat,100,20,9
n570gat,65,20,9
n227gat,100,88,9
n228gat,100,88,9
n129gat,100,88,9
n128gat,100,88,9
n155gat,100,25,18
n453gat,100,21,19
n462gat,100,23,21
n326gat,100,25,21
n219gat,100,40,40
n390gat,100,22,21
n381gat,100,22,21
n255gat,100,23,21
n254gat,25,25,20
n237gat,100,22,21
n147gat,100,22,21
n903gat,4,15,9
n164gat,100,78,41
n336gat,100,27,21
n282gat,100,78,41
n741gat,100,77,77
n417gat,10,70,8
n354gat,100,70,63
n516gat,100,70,56
n740gat,100,126,64
n290gat,100,77,77
n408gat,100,70,51
n407gat,100,70,66
n291gat,100,77,77
n930gat,68,39,12
n2669gat_n646gat_B,50,29,29
n2734gat_n797gat_B,4,21,13
n445gat,3,14,11
n652gat,51,29,29
n382gat,25,23,21
n247gat,41,25,19
n219gat,19,40,19
n705gat,2,1,1
n832gat,2,1,1
n822gat,2,1,1
n2838gat_n963gat_B,3,4,4
n2734gat_n959gat_B,3,4,4
n2672gat_n967gat_B,3,4,4
n2669gat_n557gat_A,34,20,20
n337gat,100,27,13
n724gat,100,126,10
n165gat,100,78,9
n283gat,100,78,9
n580gat,100,77,9
n760gat,100,29,29
n643gat,100,29,29
n931gat,100,41,8
n661gat,34,20,16
n553gat,100,89,9
n561gat,100,90,9
n318gat,100,93,9
n156gat,87,27,13
n463gat,100,23,21
n327gat,100,28,20
n256gat,100,25,20
n148gat,100,22,21
n517gat,100,70,40
n418gat,100,77,77
n634gat,100,77,77
n633gat,100,77,22
n751gat,17,13,7
n264gat,100,20,9
n265gat,100,20,9
n480gat,100,20,9
n481gat,100,20,9
n174gat,100,21,9
n175gat,100,21,9
n912gat,100,21,9
n913gat,100,21,9
n346gat,65,21,3
n373gat,19,20,20
n940gat,100,20,9
n714gat,100,21,9
n715gat,100,21,9
n733gat,100,21,9
n508gat,65,21,9
n805gat,65,20,3
n813gat,100,20,9
n571gat,65,20,9
n364gat,100,91,49
n228gat,100,88,9
n229gat,100,88,9
n129gat,100,88,9
n372gat,100,32,22
n139gat,39,22,20
n391gat,39,22,21
n255gat,100,23,21
n238gat,24,22,21
n147gat,100,22,21
n625gat,100,28,17
n823gat,100,75,43
n490gat,100,27,17
n904gat,4,15,9
n274gat,100,77,41
n706gat,100,77,36
n336gat,100,27,21
n282gat,100,78,41
n741gat,100,77,58
n841gat,100,44,21
n516gat,100,70,70
n526gat,100,77,77
n670gat,100,40,36
n292gat,100,77,77
n291gat,100,77,77
n409gat,37,70,26
n930gat,68,39,12
n396gat_n1499gat_A,10,30,17
n293gat,100,37,34
n743gat,100,40,36
n653gat,2,14,10
n329gat,24,21,19
n446gat,3,23,11
n832gat,2,1,1
n337gat,100,27,13
n842gat,100,44,9
n392gat,100,130,10
n724gat,100,126,10
n283gat,100,78,9
n275gat,100,77,9
n167gat,100,21,9
n491gat,100,27,9
n626gat,100,28,9
n707gat,2,77,1
n580gat,100,77,9
n680gat,100,74,9
n824gat,2,75,1
n644gat,100,29,29
n761gat,100,29,29
n931gat,100,41,10
n662gat,34,20,16
n553gat,100,89,9
n463gat,100,23,21
n256gat,100,25,20
n148gat,100,22,21
n527gat,10,70,25
n418gat,100,77,71
n634gat,100,77,76
n635gat,100,77,54
n752gat,17,13,7
n265gat,100,20,9
n266gat,100,20,9
n481gat,100,20,9
n482gat,100,20,9
n176gat,100,21,9
n175gat,100,21,9
n913gat,100,21,9
n914gat,100,21,9
n347gat,65,21,3
n950gat,100,20,9
n373gat,19,20,20
n940gat,100,20,9
n941gat,100,20,9
n715gat,100,21,9
n716gat,100,21,9
n733gat,100,21,9
n734gat,100,21,9
n509gat,100,21,9
n806gat,65,20,3
n590gat,65,20,3
n572gat,100,20,9
n365gat,100,88,9
n364gat,100,91,54
n851gat,100,36,36
n229gat,100,88,9
n248gat,74,21,19
n247gat,100,25,20
n383gat,100,23,21
n625gat,100,28,17
n905gat,4,16,9
n725gat,100,102,47
n823gat,100,75,45
n617gat,100,23,17
n490gat,100,27,17
n274gat,100,77,41
n706gat,100,77,36
n815gat,100,74,45
n860gat,100,77,50
n833gat,100,77,36
n671gat,10,34,13
n841gat,100,44,21
n455gat,100,77,77
n194gat,100,37,36
n374gat,100,126,85
n670gat,100,40,22
n356gat,100,77,76
n419gat,100,70,49
n2778gat_n377gat_B,4,19,13
n2672gat_n969gat_B,3,23,11
n293gat,100,37,35
n743gat,100,40,36
n564gat,100,61,47
n294gat,100,49,38
n186gat,7,17,14
n771gat,2,14,10
n447gat,2,14,10
n645gat,52,29,29
n249gat,21,21,19
n870gat,3,20,11
n375gat,100,27,27
n933gat,100,9,9
n2669gat_n648gat_B,3,4,4
n2775gat_n794gat_B,35,20,20
n842gat,100,44,9
n726gat,100,134,10
n392gat,100,130,10
n258gat,100,20,9
n275gat,100,77,9
n906gat,100,21,9
n167gat,100,21,9
n861gat,100,77,9
n618gat,100,23,9
n491gat,100,27,9
n626gat,100,28,9
n834gat,2,77,1
n707gat,2,77,1
n816gat,100,74,9
n680gat,100,74,9
n824gat,2,75,1
n762gat,100,29,29
n366gat,100,91,9
n663gat,33,20,16
n384gat,100,23,21
n528gat,100,70,24
n635gat,100,77,72
n753gat,33,13,7
n267gat,100,20,9
n266gat,100,20,9
n482gat,100,20,9
n483gat,100,20,9
n168gat,65,21,3
n176gat,100,21,9
n177gat,100,21,9
n915gat,100,21,9
n914gat,100,21,9
n348gat,100,21,9
n950gat,100,20,9
n951gat,100,20,9
n942gat,100,20,9
n941gat,100,20,9
n716gat,100,21,9
n717gat,100,21,9
n734gat,100,21,9
n735gat,100,21,9
n509gat,100,21,9
n807gat,65,20,3
n591gat,100,20,9
n690gat,65,20,3
n572gat,100,20,9
n573gat,100,20,9
n960gat,34,20,20
n780gat,65,88,3
n555gat,35,20,20
n654gat,34,20,20
n851gat,100,36,36
n852gat,100,36,36
n383gat,100,23,21
n725gat,100,102,27
n617gat,100,23,17
n393gat,100,120,27
n815gat,100,74,45
n159gat,100,33,26
n860gat,100,77,50
n833gat,100,77,36
n455gat,100,77,77
n195gat,20,12,12
n519gat,100,70,53
n374gat,100,126,100
n672gat,100,81,33
n356gat,100,77,77
n419gat,100,70,42
n2775gat_n867gat_B,3,14,11
n294gat,100,49,42
n286gat,100,61,39
n637gat,100,42,38
n295gat,23,17,15
n961gat,3,14,11
n646gat,52,29,29
n763gat,52,29,29
n448gat,2,21,10
n772gat,2,23,10
n196gat,2,12,9
n682gat,2,1,1
n933gat,100,9,9
n2775gat_n868gat_A,3,4,4
n2778gat_n649gat_A,34,20,20
n1079gat_n889gat_B,100,23,18
n726gat,100,134,10
n394gat,100,134,10
n475gat,100,20,9
n258gat,100,20,9
n906gat,100,21,9
n861gat,100,77,9
n618gat,100,23,9
n834gat,2,77,1
n493gat,100,21,9
n709gat,100,21,9
n816gat,100,74,9
n664gat,33,20,16
n366gat,100,91,9
n384gat,100,23,21
n564gat,100,61,40
n673gat,100,90,43
n925gat,4,4,4
n186gat,84,17,17
n745gat,33,13,2
n753gat,33,13,7
n754gat,33,13,7
n259gat,65,20,3
n267gat,100,20,9
n268gat,100,20,9
n484gat,100,20,9
n483gat,100,20,9
n169gat,65,21,3
n177gat,100,21,9
n907gat,65,21,3
n915gat,100,21,9
n916gat,100,21,9
n348gat,100,21,9
n349gat,100,21,9
n655gat,3,4,4
n951gat,100,20,9
n952gat,100,20,9
n439gat,3,4,4
n790gat,3,4,4
n934gat,65,20,9
n942gat,100,20,9
n943gat,100,20,9
n718gat,100,21,9
n717gat,100,21,9
n735gat,100,21,9
n736gat,100,21,9
n808gat,100,20,9
n591gat,100,20,9
n592gat,100,20,9
n691gat,100,20,9
n573gat,100,20,9
n574gat,100,20,9
n556gat,33,20,20
n781gat,65,88,3
n852gat,100,36,36
n457gat,100,23,21
n970gat,100,22,20
n871gat,100,21,20
n375gat,100,27,22
n880gat,100,24,18
n393gat,100,120,27
n583gat,100,78,28
n159gat,100,33,26
n358gat,100,70,67
n672gat,100,81,38
n2792gat_n869gat_B,3,21,11
n827gat,4,12,12
n179gat,100,45,28
n296gat,100,27,27
n637gat,100,42,40
n287gat,100,61,28
n377gat,4,19,13
n386gat,25,27,18
n971gat,2,22,10
n197gat,100,37,34
n836gat,2,1,1
n818gat,2,1,1
n881gat,2,1,1
n682gat,2,1,1
n394gat,100,134,10
n475gat,100,20,9
n944gat,100,20,9
n728gat,100,21,9
n493gat,100,21,9
n709gat,100,21,9
n584gat,100,78,9
n368gat,38,20,16
n673gat,100,90,42
n188gat,100,60,51
n286gat,100,61,36
n638gat,33,13,2
n754gat,33,13,7
n755gat,33,13,7
n268gat,100,20,9
n476gat,65,20,3
n484gat,100,20,9
n485gat,100,20,9
n908gat,65,21,3
n916gat,100,21,9
n349gat,100,21,9
n962gat,3,4,4
n953gat,100,20,9
n952gat,100,20,9
n647gat,3,4,4
n935gat,65,20,9
n943gat,100,20,9
n718gat,100,21,9
n719gat,100,21,9
n737gat,100,21,9
n736gat,100,21,9
n494gat,65,21,3
n808gat,100,20,9
n809gat,100,20,9
n592gat,100,20,9
n593gat,100,20,9
n691gat,100,20,9
n692gat,100,20,9
n574gat,100,20,9
n575gat,100,20,9
n656gat,33,20,20
n773gat,37,20,20
n782gat,65,88,3
n557gat,35,20,20
n449gat,37,20,20
n791gat,34,20,20
n764gat,36,20,20
n665gat,100,20,9
n872gat,100,20,19
n458gat,100,23,21
n566gat,100,81,46
n980gat,100,23,18
n845gat,100,53,32
n890gat,100,23,18
n683gat,100,78,45
n583gat,100,78,45
n278gat,100,78,39
n926gat,100,77,77
n359gat,19,70,16
n179gat,100,45,33
n188gat,100,60,43
n288gat,100,61,47
n287gat,100,61,47
n765gat,50,29,29
n386gat,24,27,18
n459gat,34,23,21
n297gat,100,37,34
n836gat,2,1,1
n828gat,2,1,1
n818gat,2,1,1
n881gat,2,1,1
n567gat,100,9,9
n827gat,17,12,12
n279gat,100,78,9
n846gat,100,53,9
n396gat,100,47,24
n944gat,100,20,9
n728gat,100,21,9
n684gat,2,78,1
n584gat,100,78,9
n855gat,100,37,37
n558gat,34,20,16
n369gat,34,20,16
n657gat,100,90,41
n639gat,100,77,67
n189gat,100,42,41
n648gat,3,4,4
n755gat,33,13,7
n756gat,33,13,7
n477gat,65,20,3
n485gat,100,20,9
n909gat,65,21,3
n963gat,3,4,4
n945gat,65,20,3
n953gat,100,20,9
n954gat,100,20,9
n792gat,3,4,4
n936gat,65,20,9
n719gat,100,21,9
n729gat,65,21,3
n737gat,100,21,9
n738gat,100,21,9
n495gat,65,21,3
n809gat,100,20,9
n593gat,100,20,9
n594gat,100,20,9
n692gat,100,20,9
n693gat,100,20,9
n576gat,100,20,9
n575gat,100,20,9
n783gat,65,88,3
n774gat,35,20,20
n666gat,100,20,9
n378gat,84,19,18
n387gat,100,29,18
n972gat,100,23,21
n468gat,38,22,21
n882gat,100,82,42
n566gat,100,81,46
n918gat,100,54,32
n845gat,100,53,32
n981gat,100,23,19
n873gat,100,77,47
n683gat,100,78,45
n891gat,10,15,13
n864gat,100,79,50
n837gat,100,77,36
n278gat,100,78,39
n819gat,100,44,21
n926gat,100,77,76
n990gat,18,34,13
n189gat,100,42,39
n964gat,2,14,10
n766gat,52,29,29
n297gat,100,37,34
n828gat,2,1,1
n567gat,100,9,9
n748gat,65,7,7
n279gat,100,78,9
n919gat,100,54,9
n846gat,100,53,9
n396gat,100,47,24
n865gat,100,79,9
n838gat,2,77,1
n883gat,2,82,1
n684gat,2,78,1
n586gat,100,20,9
n289gat,100,61,47
n855gat,100,37,36
n667gat,100,20,9
n657gat,100,90,42
n775gat,100,92,44
n388gat,100,32,13
n639gat,100,77,68
n739gat,2,3,3
n288gat,100,61,56
n757gat,33,13,7
n756gat,33,13,7
n478gat,65,20,3
n946gat,65,20,3
n954gat,100,20,9
n856gat,19,20,20
n937gat,65,20,9
n738gat,100,21,9
n496gat,65,21,3
n595gat,100,20,9
n594gat,100,20,9
n693gat,100,20,9
n694gat,100,20,9
n568gat,65,20,9
n576gat,100,20,9
n577gat,100,20,9
n793gat,36,20,20
n784gat,100,88,9
n874gat,100,88,9
n559gat,100,90,39
n649gat,34,20,20
n982gat,100,62,29
n387gat,100,29,18
n973gat,88,20,18
n469gat,100,22,21
n882gat,100,82,44
n918gat,100,54,32
n873gat,100,77,47
n892gat,10,15,12
n397gat,100,27,17
n864gat,100,79,41
n837gat,100,77,36
n991gat,3,16,10
n819gat,100,44,21
n829gat,100,41,17
n199gat,32,12,12
n289gat,100,61,45
n767gat,3,14,11
n974gat,2,20,10
n748gat,65,7,7
n2789gat_n966gat_A,3,4,4
n919gat,100,54,9
n398gat,100,53,9
n865gat,100,79,9
n838gat,2,77,1
n883gat,2,82,1
n586gat,100,20,9
n686gat,100,20,9
n659gat,100,90,9
n667gat,100,20,9
n775gat,100,92,45
n388gat,99,32,13
n929gat,66,36,5
n848gat,4,4,4
n749gat,17,13,7
n757gat,33,13,7
n758gat,33,13,7
n479gat,65,20,3
n947gat,65,20,3
n856gat,19,20,20
n938gat,100,20,9
n497gat,65,21,3
n587gat,65,20,3
n595gat,100,20,9
n596gat,100,20,9
n695gat,100,20,9
n694gat,100,20,9
n569gat,65,20,9
n577gat,100,20,9
n794gat,37,20,20
n965gat,33,20,20
n784gat,100,88,9
n785gat,100,88,9
n559gat,100,90,44
n299gat,5,24,2
n875gat,100,74,41
n397gat,100,27,17
n983gat,100,77,47
n956gat,100,73,41
n992gat,100,23,18
n893gat,10,15,13
n829gat,100,41,17
n867gat,3,14,11
n975gat,2,23,10
n398gat,100,53,9
n957gat,100,73,9
n686gat,100,20,9
n759gat,100,29,29
n777gat,100,92,9
n659gat,100,90,9
n929gat,66,36,5
n849gat,5,5,5
n758gat,33,13,7
n768gat,3,4,4
n948gat,65,20,3
n966gat,3,4,4
n938gat,100,20,9
n939gat,100,20,9
n498gat,100,21,9
n588gat,65,20,3
n596gat,100,20,9
n687gat,65,20,3
n695gat,100,20,9
n696gat,100,20,9
n795gat,35,20,20
n785gat,100,88,9
n786gat,100,88,9
n876gat,100,62,44
n875gat,100,74,41
n993gat,100,23,17
n984gat,100,23,19
n983gat,100,77,46
n956gat,100,73,41
n885gat,100,23,18
n579gat,100,77,45
n894gat,100,23,21
n740gat_II1278_A,100,61,47
n2789gat_n968gat_A,3,22,11
n769gat,50,29,29
n877gat,100,62,29
n796gat,4,22,13
n697gat,2,1,1
n957gat,100,73,9
n777gat,100,92,9
n868gat,3,4,4
n949gat,100,20,9
n967gat,3,4,4
n939gat,100,20,9
n498gat,100,21,9
n499gat,100,21,9
n589gat,65,20,3
n688gat,65,20,3
n696gat,100,20,9
n786gat,100,88,9
n787gat,100,88,9
n994gat,100,24,18
n886gat,100,23,18
n895gat,10,15,13
n985gat,100,76,38
n579gat,100,77,45
n679gat,100,74,37
n976gat,10,34,12
n894gat,100,23,21
n887gat,100,62,20
n869gat,3,21,11
n968gat,3,22,11
n797gat,4,21,13
n697gat,2,1,1
n779gat,100,88,9
n959gat,3,4,4
n949gat,100,20,9
n499gat,100,21,9
n689gat,65,20,3
n788gat,100,88,9
n787gat,100,88,9
n878gat,100,22,20
n995gat,100,23,18
n698gat,100,74,36
n896gat,10,15,13
n986gat,100,23,19
n985gat,100,76,38
n679gat,100,74,37
n977gat,10,34,13
n969gat,3,23,11
n699gat,2,74,1
n779gat,100,88,9
n788gat,100,88,9
n789gat,100,88,9
n996gat,100,62,20
n698gat,100,74,36
n987gat,100,23,18
n888gat,100,23,22
n897gat,100,23,21
n879gat,100,24,22
n978gat,100,34,24
n699gat,2,74,1
n789gat,100,88,9
n889gat,100,23,18
n997gat,100,23,18
n988gat,100,23,18
n979gat,100,34,28
n888gat,100,23,22
n898gat,100,23,21
n897gat,100,23,20
n879gat,100,24,22
n978gat,100,34,24
n989gat,100,24,18
n998gat,100,23,18
n899gat,10,15,12
n898gat,100,23,21
n1002gat_n1001gat_B,24,15,13
n999gat,10,15,12
n1111gat_n1100gat_B,100,24,22
n1120gat_n1200gat_A,4,15,10
n1002gat_n1031gat_A,100,20,20
n270gat_n1606gat_stem_B,2,9,2
n1020gat_n1014gat_C,65,20,3
n1123gat_n1200gat_B,18,15,12
n1021gat_n1015gat_B,65,20,3
n1210gat_n1203gat_C,33,34,3
n1211gat_n1204gat_A,33,34,3
n2401gat_n2210gat_A,6,20,16
n1007gat_n1012gat_A,23,16,13
n2011gat_n1422gat_A,100,62,42
n1410gat_n1420gat_A,100,62,42
n1210gat_n1204gat_C,33,34,3
n1211gat_n1205gat_A,33,34,3
n1123gat_n1212gat_A,16,15,12
n1022gat_n1015gat_C,65,20,3
n1023gat_n1016gat_A,65,20,3
n1020gat_n1017gat_C,65,20,3
n1021gat_n1017gat_B,65,20,3
n1206gat_n1202gat_A,33,34,3
n130gat_n123gat_A,65,88,8
n1403gat_n1400gat_B,54,17,17
n1111gat_n1090gat_A,100,23,21
n1220gat_n1214gat_C,17,13,3
n1022gat_n1016gat_C,65,20,3
n1023gat_n1017gat_A,65,20,3
n1233gat_n1230gat_A,65,20,3
n1206gat_n1203gat_A,33,34,3
n130gat_n124gat_A,65,88,8
n2402gat_n2211gat_B,35,20,20
n2151gat_n2210gat_B,31,20,20
n2401gat_n2150gat_A,6,20,17
n1111gat_n1091gat_A,100,23,21
n1034gat_n1212gat_B,4,15,10
n151gat_n140gat_A,48,23,19
n1150gat_n1151gat_B,100,62,29
n1221gat_n1215gat_B,17,13,3
n1018gat_n1014gat_A,65,20,3
n1060gat_n1053gat_A,65,20,3
n1207gat_n1202gat_B,33,34,3
n125gat_n121gat_A,65,88,8
n2134gat_n2130gat_A,11,16,16
n2402gat_n2213gat_A,6,20,17
n140gat_n240gat_B,29,21,20
n1123gat_n1251gat_A,17,15,12
n182gat_n110gat_A,100,27,21
n1601gat_n2421gat_A,100,62,34
n2401gat_n2331gat_B,9,20,16
n2011gat_n1426gat_A,100,62,36
n1018gat_n1015gat_A,65,20,3
n1060gat_n1054gat_A,65,20,3
n125gat_n122gat_A,65,88,8
n1007gat_n1323gat_A,27,15,13
n1150gat_n1152gat_B,100,23,19
n1111gat_n1092gat_B,100,23,21
n1111gat_n1093gat_A,100,23,22
n1007gat_n1260gat_A,22,15,13
n1442gat_n1321gat_A,100,62,26
n1310gat_n2163gat_B,92,28,28
n1222gat_n1215gat_C,17,13,3
n1223gat_n1216gat_A,17,13,3
n1220gat_n1217gat_C,17,13,3
n1221gat_n1217gat_B,17,13,3
n1019gat_n1014gat_B,65,20,3
n1234gat_n1231gat_B,65,20,3
n1055gat_n1051gat_A,65,20,3
n1208gat_n1202gat_C,33,34,3
n1207gat_n1204gat_B,33,34,3
n230gat_n223gat_C,65,88,3
n231gat_n224gat_A,65,88,3
n126gat_n121gat_B,65,88,8
n2414gat_n2410gat_A,9,56,3
n1590gat_n1101gat_A,100,62,21
n2151gat_n2213gat_B,11,20,17
n1006gat_n1261gat_B,21,15,13
n1123gat_n1243gat_B,18,15,12
n1123gat_n1244gat_A,18,15,12
n2011gat_n1481gat_B,100,62,36
n1444gat_n1320gat_A,100,62,21
n2720gat_n13gat_A,6,17,14
n2217gat_n2220gat_B,100,62,46
n2290gat_n2220gat_A,100,62,54
n2162gat_n1421gat_A,100,62,31
n2162gat_n1420gat_B,100,62,31
n411gat_n414gat_A,100,77,77
n1222gat_n1216gat_C,17,13,3
n1223gat_n1217gat_A,17,13,3
n1236gat_n1230gat_B,65,20,3
n1055gat_n1052gat_A,65,20,3
n1209gat_n1203gat_B,33,34,3
n230gat_n224gat_C,65,88,3
n231gat_n225gat_A,65,88,3
n2414gat_n2411gat_A,9,56,3
n1293gat_n1101gat_B,100,62,25
n1112gat_n1094gat_A,100,23,22
n1007gat_n1324gat_B,22,15,13
n1006gat_n1262gat_B,22,15,13
n1123gat_n1254gat_A,21,15,12
n1123gat_n1253gat_B,20,15,12
n1071gat_n1251gat_B,4,15,10
n182gat_n212gat_A,40,32,24
n1590gat_n1102gat_B,100,62,21
n2016gat_n2009gat_A,100,29,28
n2016gat_n2017gat_B,44,20,19
n1530gat_n1423gat_B,100,62,42
n2152gat_n1801gat_A,37,30,19
n2402gat_n2215gat_C,11,21,17
n2151gat_n2215gat_B,21,21,17
n253gat_n140gat_B,100,23,20
n1604gat_n1402gat_C,100,36,25
n1218gat_n1214gat_A,17,13,3
n1019gat_n1016gat_B,65,20,3
n1056gat_n1051gat_B,65,20,3
n226gat_n222gat_A,65,88,3
n127gat_n121gat_C,65,88,8
n126gat_n123gat_B,65,88,8
n1601gat_n2423gat_B,100,20,9
n2415gat_n2410gat_B,9,56,3
n241gat_n242gat_B,100,21,20
n1006gat_n1264gat_A,20,15,13
n1007gat_n1326gat_A,24,15,13
n1111gat_n1095gat_B,100,34,32
n1007gat_n1173gat_A,100,30,27
n2016gat_n2018gat_A,5,33,12
n1123gat_n1255gat_A,18,16,12
n1590gat_n1103gat_B,100,62,21
n1603gat_stem_n887gat_A,100,62,26
n155gat_n141gat_A,23,20,19
n140gat_n237gat_A,25,22,21
n2162gat_n1423gat_A,100,62,32
n2162gat_n1422gat_B,100,62,33
n1218gat_n1215gat_A,17,13,3
n1237gat_n1230gat_C,65,20,3
n1238gat_n1231gat_A,65,20,3
n1235gat_n1232gat_C,65,20,3
n1236gat_n1232gat_B,65,20,3
n510gat_n505gat_B,65,21,9
n1208gat_n1205gat_C,33,34,3
n1209gat_n1205gat_B,33,34,3
n226gat_n223gat_A,65,88,3
n128gat_n122gat_B,65,88,8
n1603gat_n1162gat_B,100,62,26
n2193gat_n2211gat_A,6,20,16
n2405gat_n2350gat_A,6,20,18
n253gat_n141gat_B,75,20,19
n1403gat_n1533gat_B,100,31,29
n1297gat_n1100gat_A,100,24,18
n1025gat_n1173gat_B,4,30,9
n1134gat_n1244gat_B,4,15,10
n2081gat_n1415gat_A,100,62,32
n1530gat_n1308gat_B,100,62,36
n1700gat_n1604gat_D,2,71,5
n2212gat_n1660gat_C,13,39,30
n82gat_n12gat_B,2,11,10
n1704gat_n2421gat_B,100,62,36
n1590gat_n1104gat_B,100,62,21
n330gat_n246gat_A,38,23,20
n2214gat_n2218gat_A,100,62,50
n1410gat_n1347gat_B,100,62,36
n2217gat_n2223gat_B,100,62,49
n1590gat_n1401gat_B,100,79,48
n155gat_n140gat_C,45,23,19
n1219gat_n1214gat_B,17,13,3
n1237gat_n1231gat_C,65,20,3
n1238gat_n1232gat_A,65,20,3
n1057gat_n1051gat_C,65,20,3
n1056gat_n1053gat_B,65,20,3
n111gat_n653gat_B,25,14,14
n227gat_n222gat_B,65,88,3
n2416gat_n2410gat_C,9,56,3
n2415gat_n2412gat_B,9,56,3
n2610gat_n2603gat_C,9,61,3
n2611gat_n2604gat_A,9,61,3
n1603gat_stem_n996gat_A,100,62,26
n1147gat_n1305gat_A,100,62,25
n233gat_n234gat_B,23,19,18
n144gat_n142gat_C,100,23,21
n255gat_n240gat_A,100,21,20
n241gat_n324gat_C,100,22,21
n1006gat_n1175gat_B,25,15,13
n1007gat_n1174gat_B,22,15,13
n1112gat_n1096gat_B,100,34,33
n1240gat_n1095gat_A,18,34,13
n1180gat_n1182gat_A,13,13,13
n1427gat_n1600gat_B,100,36,29
n406gat_n410gat_D,10,70,16
n411gat_n354gat_A,100,70,51
n1281gat_n1243gat_A,4,15,10
n1044gat_n1254gat_B,4,15,10
n2215gat_n2352gat_B,9,20,16
n1297gat_n1102gat_A,100,62,25
n1079gat_n1104gat_A,100,62,25
n326gat_n142gat_B,22,23,21
n2720gat_n70gat_B,5,16,13
n92gat_n22gat_A,100,37,35
n1380gat_n1621gat_B,3,12,5
n1380gat_n1622gat_A,100,81,49
n17gat_n15gat_B,100,37,35
n2081gat_n1416gat_A,100,62,34
n2081gat_n1308gat_A,100,62,32
n2354gat_n2223gat_A,100,62,50
n1530gat_n1354gat_B,100,62,35
n1702gat_n1604gat_C,2,71,5
n2212gat_n1734gat_B,10,30,15
n2442gat_n1721gat_A,11,15,14
n740gat_n521gat_A,28,77,26
n522gat_n523gat_A,100,77,70
n263gat_n260gat_A,65,20,3
n50gat_n44gat_C,65,20,9
n1233gat_n1229gat_A,65,20,3
n1058gat_n1052gat_B,65,20,3
n511gat_n505gat_C,65,21,9
n510gat_n507gat_B,65,21,9
n111gat_n771gat_B,24,14,14
n111gat_n447gat_B,26,14,14
n1224gat_n1327gat_B,65,34,2
n129gat_n122gat_C,65,88,8
n127gat_n124gat_C,65,88,8
n128gat_n124gat_B,65,88,8
n2417gat_n2411gat_B,9,56,3
n2610gat_n2604gat_C,9,61,3
n2611gat_n2605gat_A,9,61,3
n1442gat_n1443gat_A,100,62,26
n1067gat_n1304gat_B,100,62,25
n1590gat_n1304gat_A,100,62,21
n2185gat_n2130gat_B,6,16,16
n110gat_n377gat_A,86,19,19
n334gat_n250gat_C,79,21,19
n111gat_n448gat_A,100,21,21
n144gat_n145gat_A,100,22,20
n326gat_n143gat_A,100,22,20
n111gat_n772gat_A,100,23,23
n254gat_n242gat_A,25,21,20
n1507gat_n1531gat_A,100,31,28
n1111gat_n1099gat_A,100,23,21
n1007gat_n1257gat_A,23,15,13
n1006gat_n1375gat_A,22,15,13
n1111gat_n1089gat_B,25,16,14
n1006gat_n1176gat_B,100,30,27
n1608gat_n1411gat_B,100,62,30
n1614gat_n1605gat_A,10,30,19
n2214gat_n2219gat_B,100,62,38
n2162gat_n1417gat_A,100,62,33
n1700gat_n1690gat_A,2,15,5
n2283gat_n1521gat_A,19,30,19
n1444gat_n1325gat_A,100,62,21
n1635gat_n1800gat_A,6,10,10
n1310gat_n1593gat_B,2,6,6
n1319gat_n1621gat_A,3,12,5
n1448gat_n1501gat_A,3,111,5
n2621gat_n2531gat_C,100,46,28
n1584gat_n1401gat_A,100,79,42
n2437gat_n2330gat_A,39,22,22
n1393gat_n1402gat_B,100,36,26
n1602gat_n1760gat_B,94,31,20
n374gat_n411gat_A,100,77,71
n415gat_n414gat_B,100,77,77
n414gat_n632gat_A,37,77,16
n1219gat_n1216gat_B,17,13,3
n51gat_n45gat_B,65,20,9
n173gat_n170gat_B,65,21,3
n714gat_n710gat_A,65,21,3
n512gat_n506gat_B,65,21,9
n1274gat_n1270gat_A,33,34,8
n364gat_n132gat_B,100,88,9
n228gat_n222gat_C,65,88,3
n227gat_n224gat_B,65,88,3
n129gat_n123gat_C,65,88,8
n2606gat_n2602gat_A,9,61,3
n2345gat_n2213gat_C,6,20,17
n2346gat_n2150gat_B,6,20,15
n155gat_n234gat_A,76,19,18
n330gat_n248gat_A,81,21,18
n334gat_n244gat_A,82,20,18
n111gat_n971gat_A,100,22,22
n253gat_n136gat_A,100,22,19
n1006gat_n1267gat_B,22,15,13
n1225gat_n1255gat_B,4,16,10
n612gat_stem,2,21,1
n504gat_stem,100,21,9
n2134gat_n2129gat_B,11,21,21
n2212gat_n1737gat_A,37,30,19
n1515gat_n1732gat_A,19,30,19
n1515gat_n1731gat_B,19,30,19
n330gat_n247gat_C,38,25,19
n1590gat_n1305gat_B,100,62,21
n325gat_n145gat_B,19,22,20
n151gat_n139gat_B,40,22,20
n1446gat_n1620gat_B,3,4,4
n1551gat_n1516gat_A,6,10,10
n2081gat_n1481gat_A,100,62,34
n2212gat_n1582gat_C,19,33,31
n2346gat_n2215gat_A,11,21,17
n1602gat_n1761gat_B,96,31,20
n350gat_n344gat_C,65,21,3
n60gat_n56gat_A,65,21,9
n1234gat_n1229gat_B,65,20,3
n1059gat_n1052gat_C,65,20,3
n1057gat_n1054gat_C,65,20,3
n1058gat_n1054gat_B,65,20,3
n714gat_n711gat_A,65,21,3
n1281gat_n1327gat_A,65,34,2
n1274gat_n1271gat_A,33,34,8
n229gat_n223gat_B,65,88,3
n2418gat_n2411gat_C,9,56,3
n2419gat_n2412gat_A,9,56,3
n2416gat_n2413gat_C,9,56,3
n2417gat_n2413gat_B,9,56,3
n2606gat_n2603gat_A,9,61,3
n2261gat_n2255gat_A,6,15,15
n2215gat_n2282gat_B,6,20,18
n154gat_n137gat_A,27,19,18
n154gat_n136gat_B,70,22,20
n255gat_n324gat_A,25,22,21
n1147gat_n1092gat_A,100,23,18
n1584gat_n1510gat_A,100,31,22
n612gat_stem,2,21,1
n504gat_stem,100,21,9
n2081gat_n1347gat_A,100,62,32
n1085gat_n1155gat_A,100,62,29
n247gat_n143gat_B,24,22,20
n1448gat_n1620gat_A,3,4,4
n1480gat_n1416gat_B,100,62,36
n2162gat_n1419gat_A,100,62,33
n1921gat_n1920gat_B,11,33,30
n1961gat_n2330gat_B,5,22,14
n740gat_n415gat_B,100,77,77
n524gat_n630gat_C,100,77,72
n634gat_n630gat_A,100,77,63
n521gat_n634gat_B,100,77,76
n523gat_n632gat_B,41,77,17
n264gat_n261gat_B,65,20,3
n52gat_n45gat_C,65,20,9
n53gat_n46gat_A,65,20,9
n50gat_n47gat_C,65,20,9
n51gat_n47gat_B,65,20,9
n351gat_n345gat_B,65,21,3
n60gat_n57gat_A,65,21,9
n1059gat_n1053gat_C,65,20,3
n715gat_n710gat_B,65,21,3
n513gat_n506gat_C,65,21,9
n514gat_n507gat_A,65,21,9
n511gat_n508gat_C,65,21,9
n512gat_n508gat_B,65,21,9
n111gat_n964gat_A,23,14,14
n1225gat_n1383gat_B,65,34,2
n1280gat_n1383gat_A,65,34,2
n1275gat_n1270gat_B,33,34,8
n2418gat_n2412gat_C,9,56,3
n2419gat_n2413gat_A,9,56,3
n2607gat_n2602gat_B,9,61,3
n1442gat_n1373gat_B,100,62,26
n1507gat_n1408gat_A,100,62,36
n2406gat_n2282gat_A,21,20,18
n2393gat_n2331gat_A,29,20,19
n253gat_n137gat_B,73,19,18
n330gat_n249gat_B,22,21,14
n334gat_n245gat_B,100,23,19
n1180gat_n1177gat_A,21,15,13
n1604gat_n1471gat_C,7,17,11
n522gat_n354gat_B,38,70,35
n2442gat_n1391gat_B,6,10,10
n1553gat_n1641gat_B,10,30,19
n1616gat_n1605gat_B,10,30,19
n2621gat_n2534gat_C,100,46,26
n2353gat_n2363gat_A,100,62,37
n1703gat_n1608gat_B,100,79,50
n2212gat_n1666gat_B,2,10,10
n2261gat_n2129gat_C,11,21,21
n1590gat_n1245gat_A,100,62,21
n325gat_n246gat_B,41,23,20
n372gat_n451gat_B,28,23,23
n1790gat_n2017gat_A,82,20,20
n1446gat_n1622gat_B,3,81,5
n1319gat_n1624gat_A,3,78,5
n2625gat_n2531gat_B,100,46,39
n2290gat_n2218gat_B,100,62,36
n2356gat_n2306gat_A,100,62,39
n2081gat_n1483gat_A,100,62,34
n2353gat_n2291gat_A,100,62,37
n1704gat_n1608gat_A,100,79,50
n1480gat_n1417gat_B,100,62,42
n1702gat_n1690gat_B,2,15,5
n2261gat_n2185gat_A,11,16,15
n334gat_n247gat_A,100,25,20
n2444gat_n2830gat_A,2,2,2
n2216gat_n1860gat_B,3,10,9
n374gat_n522gat_A,100,77,61
n524gat_n631gat_C,100,34,28
n633gat_n631gat_B,10,34,13
n290gat_n291gat_A,100,77,76
n266gat_n260gat_B,65,20,3
n52gat_n46gat_C,65,20,9
n53gat_n47gat_A,65,20,9
n177gat_n170gat_A,65,21,3
n174gat_n171gat_C,65,21,3
n175gat_n171gat_B,65,21,3
n61gat_n56gat_B,65,21,9
n1235gat_n1229gat_C,65,20,3
n733gat_n730gat_A,65,21,3
n513gat_n507gat_C,65,21,9
n514gat_n508gat_A,65,21,9
n810gat_n804gat_C,65,20,3
n1190gat_n1185gat_B,33,34,3
n851gat_n450gat_A,34,20,20
n228gat_n225gat_C,65,88,3
n229gat_n225gat_B,65,88,3
n1444gat_n1372gat_B,100,62,21
n3006gat_n2249gat_B,9,15,15
n2393gat_n2053gat_A,6,20,15
n253gat_n139gat_A,100,22,20
n419gat_n900gat_A,28,15,14
n1685gat_n1600gat_A,100,36,29
n1401gat_n1397gat_B,53,17,13
n670gat_n801gat_B,100,24,22
n406gat_n409gat_A,100,70,60
n415gat_n292gat_A,100,77,77
n1123gat_n1199gat_A,100,30,21
n705gat_stem,2,21,1
n822gat_stem,2,20,1
n1645gat_n1641gat_A,10,30,19
n1616gat_n1642gat_B,10,30,19
n2624gat_n2534gat_A,100,46,35
n2354gat_n2219gat_A,100,62,36
n2284gat_n2306gat_B,100,62,37
n2353gat_n2364gat_A,100,62,37
n1609gat_n1604gat_B,2,71,5
n1670gat_n1571gat_A,19,30,19
n2620gat_n2538gat_A,4,15,14
n1690gat_n1721gat_B,5,15,14
n372gat_n453gat_A,22,21,21
n1774gat_n2015gat_B,2,3,3
n1446gat_n1623gat_B,3,73,5
n2443gat_n2292gat_A,100,62,39
n2081gat_n1484gat_A,100,62,40
n2359gat_n1421gat_B,100,62,42
n2216gat_n1861gat_B,7,13,13
n2664gat_n2014gat_D,25,33,12
n1711gat_n2556gat_A,46,22,21
n48gat_n44gat_A,65,20,9
n176gat_n170gat_C,65,21,3
n177gat_n171gat_A,65,21,3
n352gat_n345gat_C,65,21,3
n353gat_n346gat_A,65,21,3
n350gat_n347gat_C,65,21,3
n351gat_n347gat_B,65,21,3
n716gat_n710gat_C,65,21,3
n715gat_n712gat_B,65,21,3
n500gat_n494gat_C,65,21,3
n509gat_n505gat_A,65,21,9
n811gat_n805gat_B,65,20,3
n1276gat_n1270gat_C,33,34,8
n1275gat_n1272gat_B,33,34,8
n2608gat_n2602gat_C,9,61,3
n2607gat_n2604gat_B,9,61,3
n2616gat_n2614gat_A,17,61,6
n1393gat_n1407gat_A,100,62,35
n111gat_n974gat_B,100,20,20
n334gat_n246gat_C,100,23,20
n111gat_n975gat_A,100,23,23
n420gat_n891gat_A,47,15,15
n419gat_n901gat_A,28,15,14
n407gat_n408gat_B,100,70,43
n516gat_n408gat_A,100,70,69
n672gat_n801gat_A,100,24,18
n705gat_stem,2,21,1
n832gat_stem,2,21,1
n822gat_stem,2,20,1
n1000gat,100,30,26
n1614gat_n1556gat_A,10,30,19
n1319gat_n1617gat_A,3,78,5
n2443gat_n2291gat_C,100,62,39
n2152gat_n1737gat_B,32,30,29
n1670gat_n1570gat_C,19,30,19
n2512gat_n1756gat_A,2,10,10
n286gat_n180gat_A,5,16,13
n1442gat_n1368gat_A,100,62,26
n1590gat_n1246gat_B,100,62,21
n1444gat_n1573gat_A,10,30,18
n254gat_n238gat_B,23,22,21
n1790gat_n2163gat_A,100,28,28
n2353gat_n2293gat_A,100,62,43
n2081gat_n1349gat_B,100,62,34
n1591gat_n1354gat_A,100,62,32
n1591gat_n1435gat_A,100,62,40
n2049gat_n2057gat_A,13,15,15
n17gat_n84gat_B,100,27,25
n356gat_n523gat_B,100,77,77
n633gat_n632gat_C,100,77,37
n17gat_n85gat_A,33,16,14
n267gat_n260gat_C,65,20,3
n268gat_n261gat_A,65,20,3
n265gat_n262gat_C,65,20,3
n266gat_n262gat_B,65,20,3
n48gat_n45gat_A,65,20,9
n172gat_n168gat_A,65,21,3
n913gat_n910gat_C,65,21,3
n914gat_n910gat_B,65,21,3
n352gat_n346gat_C,65,21,3
n353gat_n347gat_A,65,21,3
n62gat_n56gat_C,65,21,9
n61gat_n58gat_B,65,21,9
n373gat_n443gat_B,3,4,4
n373gat_n444gat_A,3,4,4
n717gat_n711gat_B,65,21,3
n501gat_n495gat_B,65,21,3
n509gat_n506gat_A,65,21,9
n1191gat_n1185gat_C,33,34,3
n1190gat_n1187gat_B,33,34,3
n1277gat_n1271gat_B,33,34,8
n2609gat_n2603gat_B,9,61,3
n2550gat_n2546gat_A,9,61,3
n2078gat_n2073gat_A,39,21,17
n110gat_n797gat_A,100,21,21
n147gat_n238gat_A,22,22,14
n147gat_n237gat_B,100,22,20
n110gat_n796gat_B,100,22,22
n2652gat_n2650gat_B,5,24,4
n407gat_n409gat_B,91,70,26
n832gat_stem,2,21,1
n2000gat,100,55,55
n1100gat,100,24,18
n1001gat,10,15,13
n1010gat,100,20,20
n1616gat_n1555gat_A,10,30,19
n1319gat_n1618gat_A,3,12,5
n286gat_n181gat_A,100,45,38
n2285gat_n2306gat_C,100,62,37
n2351gat_n1576gat_A,13,39,30
n1991gat_n1521gat_B,19,30,19
n1736gat_n1570gat_A,10,30,18
n1681gat_n1760gat_A,53,31,18
n1084gat_n1159gat_B,100,62,29
n1444gat_n1258gat_B,100,62,21
n387gat_n250gat_B,25,21,19
n2512gat_n1755gat_C,7,8,8
n2664gat_n2009gat_B,100,29,29
n1919gat_n1800gat_B,6,10,10
n1551gat_n1593gat_A,6,6,6
n2486gat_n2430gat_B,100,46,30
n2470gat_n1934gat_A,19,13,12
n2355gat_n2291gat_B,100,62,38
n1480gat_n1438gat_B,100,62,35
n1591gat_n1426gat_B,100,62,33
n2162gat_n1494gat_B,100,62,40
n2162gat_n1485gat_B,100,62,33
n1528gat_n1435gat_B,100,62,36
n2660gat_n2662gat_A,5,5,5
n2444gat_n2238gat_B,11,15,14
n740gat_n356gat_B,100,77,76
n414gat_n629gat_A,100,77,62
n418gat_n634gat_A,100,77,77
n267gat_n261gat_C,65,20,3
n268gat_n262gat_A,65,20,3
n49gat_n44gat_B,65,20,9
n172gat_n169gat_A,65,21,3
n916gat_n910gat_A,65,21,3
n348gat_n344gat_A,65,21,3
n63gat_n57gat_B,65,21,9
n734gat_n731gat_B,65,21,3
n812gat_n805gat_C,65,20,3
n813gat_n806gat_A,65,20,3
n810gat_n807gat_C,65,20,3
n811gat_n807gat_B,65,20,3
n219gat_n445gat_B,23,14,14
n93gat_n1076gat_A,100,29,29
n1192gat_n1186gat_B,33,34,3
n852gat_n650gat_A,35,20,20
n2550gat_n2547gat_A,9,61,3
n2617gat_n2614gat_B,17,61,6
n2617gat_n2615gat_A,17,61,6
n2352gat_n2565gat_A,24,20,20
n219gat_n446gat_A,100,23,23
n254gat_n139gat_C,42,22,20
n419gat_n902gat_B,28,16,14
n1084gat_n1087gat_B,6,16,11
n1179gat_n1181gat_B,100,21,21
n3000gat,100,55,47
n933gat_stem,100,20,9
n1020gat,100,20,9
n1101gat,100,62,25
n1002gat,100,23,21
n1011gat,100,20,20
n1200gat,4,15,10
n1645gat_n1642gat_C,10,30,19
n1614gat_n1558gat_A,10,30,19
n2482gat_n2480gat_B,100,46,36
n2152gat_n1578gat_A,2,10,10
n1673gat_n1921gat_B,47,33,32
n1736gat_n1732gat_B,19,30,19
n1085gat_n1088gat_A,100,23,19
n1609gat_n1607gat_B,100,62,30
n1300gat,100,62,26
n1102gat,100,62,25
n740gat_n853gat_A,100,36,36
n2443gat_n2293gat_C,100,62,42
n2359gat_n1415gat_B,100,62,36
n2355gat_n2363gat_C,100,62,37
n2356gat_n2363gat_B,100,62,39
n1864gat_n1920gat_A,11,33,31
n2283gat_n1582gat_A,19,33,31
n2307gat_n2663gat_C,100,42,33
n2437gat_n2436gat_A,45,22,21
n374gat_n418gat_A,100,77,63
n3010gat,100,9,9
n188gat_n180gat_B,58,16,16
n753gat_n750gat_A,17,13,7
n263gat_n259gat_A,65,20,3
n173gat_n168gat_B,65,21,3
n911gat_n907gat_A,65,21,3
n348gat_n345gat_A,65,21,3
n856gat_n440gat_A,3,4,4
n718gat_n711gat_C,65,21,3
n719gat_n712gat_A,65,21,3
n716gat_n713gat_C,65,21,3
n717gat_n713gat_B,65,21,3
n736gat_n730gat_B,65,21,3
n502gat_n495gat_C,65,21,3
n503gat_n496gat_A,65,21,3
n500gat_n497gat_C,65,21,3
n501gat_n497gat_B,65,21,3
n812gat_n806gat_C,65,20,3
n813gat_n807gat_A,65,20,3
n1278gat_n1271gat_C,33,34,8
n1279gat_n1272gat_A,33,34,8
n1276gat_n1273gat_C,33,34,8
n1277gat_n1273gat_B,33,34,8
n2573gat_n2570gat_A,9,56,3
n2608gat_n2605gat_C,9,61,3
n2609gat_n2605gat_B,9,61,3
n2551gat_n2546gat_B,9,61,3
n1673gat_n1733gat_A,19,33,31
n1393gat_n1408gat_C,100,62,37
n1891gat_n2055gat_A,29,24,22
n2193gat_n2149gat_A,6,20,17
n387gat_n251gat_B,82,20,18
n625gat_n905gat_A,4,16,9
n702gat_n890gat_B,100,23,18
n490gat_n904gat_B,4,15,9
n420gat_n893gat_B,49,15,15
n2850gat_n2239gat_A,21,15,14
n2616gat_n2617gat_A,17,61,6
n291gat_n419gat_B,100,70,42
n682gat_stem,2,20,1
n1201gat,100,34,8
n2011gat,100,62,54
n2200gat,31,23,22
n933gat_stem,100,20,9
n1020gat,100,20,9
n1021gat,100,20,9
n1210gat,65,34,3
n1012gat,4,16,9
n1003gat,11,16,14
n1111gat,100,77,76
n1002gat,100,23,21
n1030gat,100,21,21
n2002gat,100,31,31
n1120gat,68,39,12
n1614gat_n1557gat_C,10,30,19
n1553gat_n1557gat_A,10,30,19
n179gat_n181gat_B,100,45,39
n2443gat_n2357gat_C,100,62,35
n2284gat_n2364gat_B,100,62,37
n1918gat_n1660gat_A,16,39,32
n1658gat_n1731gat_A,10,30,19
n287gat_n180gat_C,5,16,13
n1444gat_n1574gat_C,10,30,18
n386gat_n244gat_B,22,20,18
n386gat_n245gat_A,65,23,20
n372gat_n970gat_A,25,22,22
n1103gat,100,62,25
n1698gat_n1610gat_A,5,9,9
n2664gat_n2163gat_C,100,28,28
n1379gat_n1623gat_A,3,73,5
n1823gat_n1817gat_B,2,36,2
n17gat_n86gat_C,100,40,33
n2201gat,2,1,1
n2284gat_n2292gat_B,100,62,37
n1482gat_n1483gat_B,100,62,36
n1591gat_n1438gat_A,100,62,33
n1591gat_n1365gat_B,100,62,33
n2351gat_n1577gat_B,19,33,31
n2660gat_n2663gat_B,100,42,30
n17gat_n87gat_B,9,12,10
n2393gat_n2193gat_A,25,23,22
n2146gat_n2196gat_B,17,19,16
n634gat_n635gat_B,100,77,64
n633gat_n636gat_B,100,40,24
n3010gat,100,9,9
n49gat_n46gat_B,65,20,9
n911gat_n908gat_A,65,21,3
n349gat_n344gat_B,65,21,3
n64gat_n57gat_C,65,21,9
n65gat_n58gat_A,65,21,9
n62gat_n59gat_C,65,21,9
n63gat_n59gat_B,65,21,9
n856gat_n441gat_A,3,4,4
n718gat_n712gat_C,65,21,3
n719gat_n713gat_A,65,21,3
n502gat_n496gat_C,65,21,3
n503gat_n497gat_A,65,21,3
n219gat_n961gat_A,25,14,14
n808gat_n804gat_A,65,20,3
n573gat_n570gat_B,65,20,9
n1193gat_n1186gat_C,33,34,3
n1194gat_n1187gat_A,33,34,3
n1191gat_n1188gat_C,33,34,3
n1192gat_n1188gat_B,33,34,3
n1278gat_n1272gat_C,33,34,8
n1279gat_n1273gat_A,33,34,8
n2582gat_n2580gat_A,17,56,6
n1990gat_n2073gat_B,51,21,17
n2346gat_n2149gat_B,11,20,16
n219gat_n870gat_B,91,20,20
n1392gat_n1466gat_A,100,31,27
n1677gat_n1532gat_A,100,31,26
n420gat_n895gat_A,47,15,15
n1067gat_n1089gat_A,4,16,10
n1476gat_n1472gat_A,64,17,14
n1823gat_n1818gat_A,100,31,29
n290gat_n359gat_A,55,70,16
n356gat_n292gat_B,100,77,76
n3110gat,5,4,4
n1013gat,100,20,9
n836gat_stem,2,21,1
n818gat_stem,2,20,1
n881gat_stem,2,20,1
n682gat_stem,2,20,1
n1121gat,100,42,8
n1201gat,100,34,8
n2011gat,100,62,34
n1310gat,100,28,28
n3020gat,2,9,2
n2012gat,100,31,31
n1220gat,33,13,3
n1022gat,100,20,9
n1021gat,100,20,9
n1202gat,33,34,3
n1210gat,65,34,3
n1211gat,65,34,3
n1301gat,100,62,44
n2210gat,6,20,16
n3011gat,81,20,19
n1400gat,13,17,14
n1112gat,100,77,76
n1111gat,100,77,72
n1004gat,100,30,28
n1031gat,100,20,20
n1120gat,68,39,12
n1559gat_n1642gat_A,10,30,19
n1616gat_n1556gat_C,10,30,19
n1446gat_n1619gat_B,3,81,5
n188gat_n181gat_C,100,45,40
n1662gat_n1655gat_B,19,30,19
n1681gat_n1761gat_C,53,31,18
n2775gat_n1074gat_A,4,20,13
n2672gat_n1077gat_B,4,22,13
n1500gat,3,111,5
n3021gat,2,12,5
n11gat,3,11,11
n1320gat,100,62,25
n1302gat,100,62,26
n1104gat,100,62,25
n1735gat_n1565gat_A,6,10,10
n1447gat_n1618gat_B,3,12,5
n1447gat_n1619gat_A,100,81,49
n1448gat_n1617gat_B,35,78,17
n2488gat_n2531gat_A,100,46,38
n2201gat,2,1,1
n2284gat_n2293gat_B,100,62,44
n1528gat_n1529gat_A,100,62,33
n2355gat_n2357gat_B,100,62,35
n2356gat_n2364gat_C,100,62,36
n1482gat_n1485gat_A,100,62,41
n2351gat_n1578gat_B,2,10,10
n2448gat_n2238gat_A,11,15,14
n2056gat_n2387gat_A,54,22,22
n2281gat_n2197gat_B,21,19,17
n523gat_n629gat_C,100,77,63
n264gat_n259gat_B,65,20,3
n480gat_n476gat_A,65,20,3
n174gat_n168gat_C,65,21,3
n912gat_n907gat_B,65,21,3
n64gat_n58gat_C,65,21,9
n65gat_n59gat_A,65,21,9
n737gat_n730gat_C,65,21,3
n738gat_n731gat_A,65,21,3
n735gat_n732gat_C,65,21,3
n736gat_n732gat_B,65,21,3
n808gat_n805gat_A,65,20,3
n1193gat_n1187gat_C,33,34,3
n1194gat_n1188gat_A,33,34,3
n1284gat_n1287gat_A,100,22,9
n851gat_n654gat_A,35,20,20
n2650gat_n2647gat_B,5,24,4
n2650gat_n2648gat_A,5,24,4
n2552gat_n2546gat_C,9,61,3
n2551gat_n2548gat_B,9,61,3
n2619gat_n2615gat_B,17,61,6
n1635gat_n1573gat_C,100,30,29
n1869gat_n1413gat_A,100,62,41
n1396gat_n1408gat_B,100,62,42
n1895gat_n1630gat_A,26,34,29
n2031gat,2,1,1
n741gat_n890gat_A,100,23,22
n2850gat_n2664gat_A,100,42,26
n3110gat,4,4,4
n3111gat,5,3,3
n3120gat,100,21,21
n1013gat,100,20,9
n1050gat,100,20,9
n836gat_stem,2,21,1
n828gat_stem,2,21,1
n818gat_stem,2,20,1
n881gat_stem,2,20,1
n1121gat,100,42,8
n2202gat,100,62,40
n1410gat,100,62,50
n2004gat,100,29,29
n1310gat,100,28,28
n3030gat,100,61,47
n567gat_stem,100,20,9
n1032gat,6,6,6
n1220gat,33,13,3
n1221gat,33,13,3
n1014gat,65,20,3
n1022gat,100,20,9
n1023gat,100,20,9
n1230gat,65,20,3
n1203gat,33,34,3
n1211gat,65,34,3
n2130gat,11,16,16
n2211gat,11,20,16
n1112gat,100,77,67
n1005gat,100,20,20
n1311gat,100,29,29
n1401gat,100,79,41
n1212gat,4,15,10
n1559gat_n1641gat_C,10,30,19
n1645gat_n1556gat_B,19,30,19
n1553gat_n1558gat_B,19,30,19
n2189gat_n2129gat_A,11,21,21
n1736gat_n1655gat_A,23,30,29
n1658gat_n1570gat_B,10,30,19
n2283gat_n1575gat_B,19,30,19
n1662gat_n1657gat_A,19,30,19
n2625gat_n2538gat_B,4,15,14
n2482gat_n2483gat_B,4,15,14
n2283gat_n1863gat_B,3,10,9
n1659gat_n1650gat_B,54,30,29
n372gat_n972gat_A,28,23,23
n1321gat,100,62,20
n1303gat,100,62,26
n1105gat,100,62,26
n1584gat_n1636gat_A,3,8,8
n1584gat_n1564gat_A,11,19,13
n1379gat_n1624gat_B,35,78,17
n2285gat_n2292gat_C,100,62,38
n2285gat_n2357gat_A,100,62,35
n1528gat_n1484gat_B,100,62,36
n1482gat_n1486gat_A,100,62,36
n1528gat_n1494gat_A,100,62,42
n1778gat_n1604gat_A,2,71,5
n1590gat_n1476gat_B,100,68,37
n2187gat_n2194gat_A,5,14,14
n1855gat_n2192gat_B,21,13,12
n1855gat_n2057gat_B,31,15,15
n1855gat_n2147gat_B,100,20,19
n2439gat_n2193gat_B,25,23,22
n2209gat_n2396gat_B,36,19,19
n1878gat_n2016gat_B,100,65,53
n1584gat_n1519gat_A,100,36,34
n856gat_n442gat_B,3,4,4
n754gat_n751gat_B,17,13,7
n480gat_n477gat_A,65,20,3
n175gat_n169gat_B,65,21,3
n349gat_n346gat_B,65,21,3
n737gat_n731gat_C,65,21,3
n738gat_n732gat_A,65,21,3
n809gat_n804gat_B,65,20,3
n1189gat_n1185gat_A,33,34,3
n852gat_n555gat_A,35,20,20
n2574gat_n2571gat_B,9,56,3
n2583gat_n2580gat_B,17,56,6
n2583gat_n2581gat_A,17,56,6
n2553gat_n2547gat_B,9,61,3
n1659gat_n1723gat_A,49,30,29
n2031gat,2,1,1
n420gat_n896gat_B,48,15,15
n1816gat_n1935gat_A,100,36,36
n2649gat_n2650gat_A,5,24,4
n1635gat_n1926gat_B,100,33,31
n3111gat,2,3,3
n3112gat,4,2,0
n3120gat,100,21,21
n3121gat,100,20,20
n3130gat,18,15,15
n3040gat,73,22,22
n3031gat,13,14,14
n1330gat,2,1,1
n2023gat,2,1,1
n1213gat,65,13,3
n1050gat,100,20,9
n828gat_stem,2,21,1
n2203gat,2,104,1
n2500gat,2,42,5
n2202gat,100,62,46
n1410gat,100,62,32
n2212gat,77,42,38
n1312gat,100,30,30
n3022gat,2,12,5
n567gat_stem,100,20,9
n748gat_stem,65,13,7
n2050gat,5,5,5
n1033gat,70,39,8
n1222gat,33,13,3
n1221gat,33,13,3
n1015gat,65,20,3
n1023gat,100,20,9
n1231gat,65,20,3
n1051gat,65,20,3
n1060gat,100,20,9
n1204gat,33,34,3
n2410gat,9,56,3
n2131gat,11,16,16
n2401gat,51,36,32
n1150gat,100,74,42
n1240gat,100,44,21
n1006gat,100,70,51
n21gat,100,37,35
n1411gat,100,62,36
n1600gat,100,36,25
n1401gat,100,79,54
n2005gat,100,31,30
n1510gat,100,31,25
n1123gat,100,70,57
n1790gat_n1564gat_C,37,19,19
n1645gat_n1557gat_B,10,30,19
n1553gat_n1639gat_C,10,30,19
n1703gat_n1695gat_D,2,5,5
n1658gat_n1732gat_C,10,30,19
n1658gat_n1571gat_B,10,30,19
n188gat_n184gat_B,2,12,9
n189gat_n184gat_A,2,12,9
n2078gat_n2079gat_A,35,21,20
n1673gat_n1574gat_B,100,30,29
n372gat_n973gat_A,19,20,20
n1700gat,2,78,5
n1151gat,100,62,29
n1322gat,100,62,26
n40gat,23,23,21
n13gat,6,17,14
n22gat,100,37,35
n1635gat_n1927gat_B,65,19,19
n1719gat_n1564gat_B,51,19,13
n2239gat_n1934gat_C,19,13,12
n2355gat_n2358gat_C,100,62,35
n2356gat_n2358gat_B,100,62,35
n2285gat_n2358gat_A,100,62,35
n1704gat_n1695gat_C,2,5,5
n1855gat_n2329gat_A,31,15,15
n2437gat_n2556gat_B,55,22,20
n2108gat_II4000_A,5,10,10
n634gat_n629gat_B,100,77,53
n373gat_n648gat_A,3,4,4
n756gat_n750gat_B,17,13,7
n265gat_n259gat_C,65,20,3
n481gat_n476gat_B,65,20,3
n913gat_n907gat_C,65,21,3
n912gat_n909gat_B,65,21,3
n373gat_n647gat_B,3,4,4
n940gat_n934gat_C,65,20,9
n733gat_n729gat_A,65,21,3
n577gat_n570gat_A,65,20,9
n574gat_n571gat_C,65,20,9
n575gat_n571gat_B,65,20,9
n1189gat_n1186gat_A,33,34,3
n1269gat_n1285gat_B,100,22,9
n851gat_n656gat_A,36,20,20
n851gat_n773gat_A,34,20,20
n852gat_n960gat_B,34,20,20
n851gat_n791gat_A,35,20,20
n2576gat_n2570gat_B,9,56,3
n1719gat_n1574gat_A,100,30,29
n1677gat_n1407gat_C,100,62,36
n1293gat_n1099gat_B,100,23,18
n741gat_n990gat_B,100,34,32
n841gat_n990gat_A,13,34,13
n2582gat_n2583gat_A,17,56,6
n2619gat_n2617gat_B,17,61,6
n3104gat,9,17,17
n3113gat,5,4,4
n3121gat,100,20,20
n3122gat,100,21,21
n3130gat,77,15,15
n3131gat,18,15,15
n3140gat,92,31,31
n3050gat,42,19,19
n3040gat,21,22,22
n3041gat,38,22,21
n1610gat,7,9,9
n3031gat,12,14,14
n1330gat,2,1,1
n2015gat,2,3,3
n2042gat,2,1,1
n2023gat,2,1,1
n2123gat,2,1,1
n1213gat,65,13,3
n1241gat,100,44,9
n2203gat,2,104,1
n1520gat,58,33,31
n2212gat,100,42,38
n1312gat,100,30,30
n2141gat,100,45,30
n2060gat,100,56,46
n3023gat,2,78,5
n2051gat,7,5,5
n1412gat,100,62,52
n1340gat,100,36,31
n748gat_stem,65,13,7
n1133gat,68,37,6
n1043gat,65,35,3
n1070gat,69,38,7
n1033gat,70,39,8
n1214gat,17,13,3
n1222gat,33,13,3
n1223gat,33,13,3
n1016gat,65,20,3
n1232gat,65,20,3
n1052gat,65,20,3
n1060gat,100,20,9
n1205gat,33,34,3
n2411gat,9,56,3
n1160gat,100,62,49
n1502gat,100,62,30
n1250gat,100,62,20
n1304gat,100,62,25
n1106gat,100,62,26
n2132gat,6,16,16
n2213gat,6,20,17
n2402gat,100,45,41
n2150gat,6,20,17
n2401gat,51,36,32
n1403gat,100,36,36
n1150gat,100,74,47
n1115gat,10,15,12
n1240gat,100,44,21
n1601gat,100,88,40
n1006gat,28,70,17
n1025gat,100,41,17
n1007gat,100,70,55
n1034gat,68,39,12
n1123gat,100,70,24
n374gat_n564gat_D,100,61,46
n1918gat_n1663gat_B,19,30,19
n1736gat_n1728gat_B,19,30,19
n179gat_n184gat_C,2,12,9
n387gat_n247gat_B,40,25,19
n2775gat_n1076gat_B,53,29,29
n375gat_n872gat_A,22,20,20
n386gat_n249gat_A,24,21,19
n375gat_n871gat_B,25,21,21
n2784gat_n73gat_B,5,16,14
n1858gat_n1471gat_B,21,17,15
n1469gat_n1472gat_C,3,17,9
n1519gat_n1397gat_A,7,17,11
n1800gat,2,10,10
n3024gat,2,78,5
n2421gat,100,62,36
n1440gat,100,62,26
n1161gat,100,62,20
n2331gat,9,20,15
n1698gat_n1613gat_B,5,12,12
n1790gat_n1927gat_A,46,19,19
n1735gat_n1567gat_B,6,10,10
n1935gat_n1934gat_B,7,13,12
n2486gat_n2480gat_C,100,46,26
n374gat_n854gat_B,100,36,36
n2205gat,2,1,1
n1591gat_n1486gat_B,100,62,33
n1479gat_n1365gat_A,100,62,36
n1855gat_n2194gat_B,31,14,14
n2437gat_n2539gat_B,31,22,22
n1892gat_n2436gat_B,56,22,22
n2058gat_n2198gat_B,5,19,14
n2035gat_II4000_C,5,10,10
n1608gat_n1469gat_B,100,36,25
n639gat_n635gat_A,100,77,72
n176gat_n169gat_C,65,21,3
n914gat_n908gat_B,65,21,3
n941gat_n935gat_B,65,20,9
n219gat_n767gat_A,24,14,14
n809gat_n806gat_B,65,20,3
n576gat_n570gat_C,65,20,9
n577gat_n571gat_A,65,20,9
n852gat_n556gat_B,35,20,20
n851gat_n449gat_B,35,20,20
n852gat_n764gat_A,35,20,20
n2652gat_n2648gat_B,5,24,4
n2554gat_n2547gat_C,9,61,3
n2555gat_n2548gat_A,9,61,3
n2552gat_n2549gat_C,9,61,3
n2553gat_n2549gat_B,9,61,3
n1958gat_n2055gat_B,32,24,24
n397gat_n903gat_B,4,15,9
n340gat_n988gat_A,100,23,18
n1179gat_n1178gat_B,20,15,13
n1284gat_n1199gat_B,100,30,24
n3104gat,86,17,17
n3105gat,8,16,16
n3113gat,4,4,4
n3114gat,5,3,3
n3122gat,100,21,21
n3123gat,100,20,20
n3131gat,67,15,15
n3132gat,18,15,15
n3140gat,100,31,31
n3141gat,37,17,17
n3150gat,5,5,5
n1620gat,2,4,4
n3060gat,100,22,22
n3051gat,57,19,19
n3050gat,20,19,19
n3042gat,33,22,21
n3041gat,19,22,21
n1610gat,7,9,9
n1431gat,2,1,1
n1314gat,2,1,1
n2015gat,4,3,3
n2042gat,2,1,1
n2123gat,2,1,1
n1026gat,100,41,9
n1241gat,100,44,9
n1080gat,100,79,9
n1035gat,100,44,8
n2520gat,2,8,8
n1530gat,100,62,54
n2061gat,100,56,46
n2403gat,100,45,36
n2141gat,100,45,33
n2142gat,100,54,43
n2060gat,100,56,53
n2052gat,6,20,15
n2115gat,3,5,5
n2124gat,3,5,5
n1701gat,42,78,17
n1700gat,39,78,17
n1412gat,100,62,23
n1340gat,100,36,30
n1133gat,68,37,6
n1043gat,65,35,3
n1070gat,69,38,7
n1215gat,17,13,3
n1223gat,33,13,3
n1017gat,65,20,3
n50gat,100,20,9
n1233gat,100,20,9
n1053gat,65,20,3
n1224gat,65,35,2
n1206gat,65,34,3
n2412gat,9,56,3
n2610gat,17,61,3
n1305gat,100,62,25
n1503gat,100,111,30
n1413gat,100,62,43
n2133gat,6,16,16
n3006gat,17,15,14
n2250gat,9,15,15
n1710gat,28,34,32
n2151gat,68,23,22
n2402gat,90,45,41
n3015gat,70,20,20
n2214gat,100,104,63
n1403gat,100,36,25
n1323gat,4,15,9
n1152gat,100,23,19
n1116gat,10,15,12
n1260gat,4,15,9
n1601gat,100,88,42
n1025gat,100,41,17
n1007gat,28,70,17
n14gat,79,17,17
n2016gat,100,65,54
n1602gat,97,31,20
n1134gat,68,39,12
n1044gat,68,39,12
n1008gat,30,15,13
n1071gat,68,39,12
n1251gat,4,15,10
n1034gat,68,39,12
n1499gat_n1605gat_C,10,30,19
n1559gat_n1555gat_B,19,30,19
n1609gat_n1695gat_A,2,5,5
n1918gat_n1575gat_A,19,30,19
n287gat_n186gat_B,7,17,14
n375gat_n378gat_A,19,19,19
n1427gat_n1498gat_B,100,62,29
n1153gat,100,62,29
n1504gat,100,62,29
n1360gat,100,62,26
n2512gat,8,15,15
n2422gat,100,62,34
n1735gat_n1793gat_B,21,13,13
n1919gat_n1915gat_B,6,10,10
n2341gat,2,1,1
n2205gat,2,1,1
n1479gat_n1419gat_B,100,62,42
n1991gat_n1582gat_B,19,33,31
n2189gat_n2185gat_B,11,16,15
n1855gat_n2195gat_B,100,23,22
n2437gat_n2387gat_B,33,22,21
n2239gat_n1882gat_C,3,5,5
n2035gat,2,1,1
n189gat_n186gat_A,81,17,17
n757gat_n750gat_C,17,13,7
n758gat_n751gat_A,17,13,7
n755gat_n752gat_C,17,13,7
n756gat_n752gat_B,17,13,7
n482gat_n476gat_C,65,20,3
n481gat_n478gat_B,65,20,3
n950gat_n945gat_B,65,20,3
n734gat_n729gat_B,65,21,3
n219gat_n867gat_A,26,14,14
n593gat_n590gat_C,65,20,3
n594gat_n590gat_B,65,20,3
n572gat_n568gat_A,65,20,9
n852gat_n557gat_B,35,20,20
n851gat_n774gat_B,34,20,20
n2577gat_n2570gat_C,9,56,3
n2578gat_n2571gat_A,9,56,3
n2575gat_n2572gat_C,9,56,3
n2576gat_n2572gat_B,9,56,3
n2585gat_n2581gat_B,17,56,6
n2554gat_n2548gat_C,9,61,3
n2555gat_n2549gat_A,9,61,3
n1603gat,4,3,3
n1845gat_n1846gat_A,42,34,32
n1963gat_n1962gat_A,37,23,20
n926gat_n880gat_A,100,24,22
n419gat_n892gat_A,27,15,14
n3105gat,59,16,16
n3106gat,2,1,1
n3114gat,2,3,3
n3115gat,4,2,0
n3123gat,100,20,20
n3124gat,100,22,22
n3132gat,64,15,15
n3133gat,18,15,15
n3141gat,64,17,17
n3142gat,37,17,17
n3150gat,7,5,5
n3151gat,6,11,11
n1620gat,5,4,4
n3060gat,100,22,22
n3061gat,100,23,23
n3051gat,19,19,19
n3042gat,16,22,21
n3052gat,3,5,5
n3016gat,9,8,8
n3034gat,9,13,12
n1431gat,2,1,1
n1314gat,2,1,1
n2017gat,80,20,20
n1800gat,11,10,10
n1026gat,100,41,9
n1080gat,100,79,9
n697gat_stem,2,20,1
n2530gat,100,46,33
n1072gat,100,43,8
n1035gat,100,44,8
n1135gat,100,42,8
n1045gat,100,40,8
n2206gat,100,62,39
n1530gat,100,62,32
n2061gat,100,56,43
n2403gat,100,45,36
n2143gat,100,54,37
n2440gat,100,47,34
n2152gat,69,30,29
n1315gat,2,3,3
n2251gat,6,14,14
n2142gat,100,54,36
n2332gat,24,20,20
n2125gat,2,5,1
n1702gat,2,78,5
n1513gat,6,10,10
n2620gat,17,61,3
n1711gat,100,34,33
n1216gat,17,13,3
n1018gat,100,20,9
n50gat,100,20,9
n51gat,100,20,9
n60gat,100,21,9
n1233gat,100,20,9
n1234gat,100,20,9
n1054gat,65,20,3
n1224gat,65,35,2
n1206gat,65,34,3
n1207gat,65,34,3
n1270gat,33,34,8
n2413gat,9,56,3
n2602gat,9,61,3
n2610gat,17,61,3
n2611gat,17,61,3
n1414gat,100,62,49
n1441gat,100,62,26
n1450gat,100,62,51
n1306gat,100,62,26
n1351gat,100,62,26
n1162gat,100,62,20
n3025gat,2,111,5
n2260gat,9,17,14
n2134gat,21,33,33
n3006gat,9,15,14
n3007gat,13,15,15
n1630gat,100,34,32
n2350gat,6,20,18
n2215gat,11,21,17
n2151gat,21,23,19
n2214gat,100,104,58
n1531gat,100,31,28
n1324gat,4,15,9
n1090gat,100,23,18
n1261gat,4,15,9
n1180gat,34,16,14
n2016gat,100,65,55
n1602gat,100,31,31
n1225gat,68,36,11
n1009gat,34,16,13
n1171gat,32,15,13
n1243gat,4,15,10
n1134gat,68,39,12
n1044gat,68,39,12
n1071gat,68,39,12
n1252gat,100,30,27
n1576gat_n1564gat_D,3,19,13
n287gat_n187gat_B,100,37,34
n189gat_n187gat_A,100,37,34
n1986gat_n1660gat_B,13,39,30
n1568gat_n1728gat_A,19,30,19
n1991gat_n1863gat_A,3,10,9
n1609gat_n1498gat_A,100,62,29
n297gat_n196gat_A,2,12,9
n1613gat,7,12,12
n1163gat,100,62,20
n3026gat,2,73,5
n1703gat,2,81,5
n70gat,5,16,13
n2720gat,100,50,38
n1334gat,9,17,13
n2489gat_n2534gat_B,100,46,33
n2341gat,2,1,1
n1479gat_n1349gat_A,100,62,36
n1777gat_n1780gat_A,7,5,5
n1989gat_n1801gat_B,36,30,19
n1797gat_n1731gat_C,19,30,19
n1670gat_n1669gat_C,23,30,25
n2586gat_n2663gat_A,100,42,33
n2586gat_n2662gat_B,2,5,5
n2437gat_n2559gat_B,61,23,23
n2035gat,2,1,1
n2108gat,2,1,1
n1712gat,2,5,5
n43gat,100,9,9
n757gat_n751gat_C,17,13,7
n758gat_n752gat_A,17,13,7
n483gat_n477gat_B,65,20,3
n915gat_n908gat_C,65,21,3
n916gat_n909gat_A,65,21,3
n373gat_n768gat_A,3,4,4
n942gat_n935gat_C,65,20,9
n943gat_n936gat_A,65,20,9
n940gat_n937gat_C,65,20,9
n941gat_n937gat_B,65,20,9
n596gat_n590gat_A,65,20,3
n572gat_n569gat_A,65,20,9
n851gat_n793gat_B,36,20,20
n784gat_n780gat_A,65,88,3
n2577gat_n2571gat_C,9,56,3
n2578gat_n2572gat_A,9,56,3
n2493gat_n2567gat_A,5,24,2
n1603gat,2,3,3
n1659gat_n1563gat_C,50,30,29
n1659gat_n1654gat_B,50,30,25
n1659gat_n1653gat_C,56,30,29
n1659gat_n1644gat_C,47,30,29
n2189gat_n2258gat_B,6,15,15
n1396gat_n1466gat_C,100,31,30
n566gat_n880gat_B,100,24,18
n815gat_n992gat_A,100,23,18
n1673gat_n1794gat_A,3,13,13
n1773gat_n1757gat_A,2,3,3
n3106gat,2,1,1
n3107gat,3,3,3
n3116gat,100,8,8
n3124gat,100,22,22
n3125gat,100,24,24
n3133gat,70,15,15
n3134gat,18,15,15
n3142gat,73,17,17
n3143gat,100,61,58
n3151gat,14,11,11
n3152gat,3,10,0
n2027gat,2,1,1
n3062gat,100,22,22
n3061gat,100,23,23
n3044gat,75,22,22
n3052gat,5,5,5
n3016gat,2,8,8
n3034gat,11,13,12
n3035gat,13,15,15
n3053gat,26,23,23
n1361gat,2,1,1
n2009gat,100,29,29
n2017gat,83,20,20
n697gat_stem,2,20,1
n2630gat,2,91,1
n2621gat,2,91,1
n1072gat,100,43,8
n1226gat,100,37,8
n1135gat,100,42,8
n1045gat,100,40,8
n3017gat,2,8,8
n2342gat,100,92,58
n2207gat,2,104,1
n2270gat,2,24,1
n2504gat,2,42,5
n1523gat,100,62,35
n2081gat,100,62,56
n2206gat,100,62,51
n2162gat,100,62,57
n2143gat,100,54,35
n2090gat,29,33,30
n2440gat,100,47,40
n2351gat,32,39,32
n2152gat,74,30,19
n1316gat,2,3,1
n2135gat,26,33,33
n2252gat,9,15,14
n2125gat,2,5,1
n1702gat,37,78,17
n2450gat,2,15,1
n2620gat,17,61,3
n2216gat,90,30,19
n2243gat,100,21,21
n1451gat,2,3,3
n2054gat,6,6,6
n16gat,45,17,15
n1711gat,100,34,32
n1217gat,17,13,3
n1018gat,100,20,9
n1019gat,100,20,9
n52gat,100,20,9
n51gat,100,20,9
n60gat,100,21,9
n61gat,100,21,9
n1234gat,100,20,9
n1235gat,100,20,9
n1055gat,100,20,9
n1190gat,65,34,3
n1280gat,66,36,4
n1207gat,65,34,3
n1208gat,65,34,3
n1271gat,33,34,8
n2711gat,4,30,12
n2423gat,100,20,9
n2414gat,17,56,3
n2603gat,9,61,3
n2611gat,17,61,3
n1307gat,100,62,48
n1325gat,100,62,25
n1442gat,100,87,76
n1370gat,100,62,50
n1352gat,100,62,26
n1424gat,100,62,48
n1640gat,36,30,19
n1730gat,74,30,29
n2260gat,6,17,14
n2261gat,26,35,34
n2134gat,21,33,33
n1631gat,100,34,33
n2405gat,69,40,33
n2215gat,62,21,20
n2333gat,28,20,15
n1082gat,100,22,21
n2512gat,8,15,15
n1532gat,100,31,26
n1091gat,100,23,17
n1262gat,4,15,9
n1028gat,100,22,22
n1181gat,100,21,21
n1180gat,18,16,14
n2432gat,100,46,32
n2153gat,100,46,33
n1154gat,100,62,49
n1406gat,100,62,49
n2018gat,9,33,12
n1604gat,6,71,5
n1460gat,100,31,28
n1225gat,68,36,11
n1244gat,4,15,10
n1253gat,4,15,10
n1172gat,32,15,13
n188gat_n187gat_C,100,37,34
n1798gat_n1920gat_C,11,33,30
n1658gat_n1655gat_C,10,30,19
n1658gat_n1729gat_A,10,30,19
n2486gat_n2483gat_C,4,15,14
n288gat_n186gat_C,7,17,14
n2289gat_n1467gat_A,100,31,28
n1595gat_n1459gat_A,27,31,18
n1515gat,37,30,19
n3027gat,2,81,5
n1155gat,100,62,29
n1371gat,100,62,26
n1245gat,100,62,25
n1164gat,100,62,26
n1722gat,37,30,19
n1560gat,36,30,19
n1650gat,10,30,19
n1074gat,4,20,13
n1524gat,100,31,20
n1533gat,100,31,20
n2720gat,100,50,46
n2433gat,100,46,26
n1859gat_n1915gat_A,6,10,10
n289gat_n286gat_A,31,61,12
n2532gat,2,1,1
n2541gat,2,1,1
n1878gat_n1831gat_C,2,102,3
n1713gat,2,5,5
n1790gat_n1929gat_B,100,29,29
n2307gat,2,1,1
n2199gat_n2196gat_A,45,19,19
n2093gat_II4000_B,5,10,10
n2108gat,2,1,1
n2613gat,33,6,6
n1712gat,6,5,5
n2985gat_n1761gat_A,100,31,31
n639gat_n636gat_C,100,40,30
n43gat,100,9,9
n753gat_n749gat_A,17,13,7
n915gat_n909gat_C,65,21,3
n856gat_n655gat_A,3,4,4
n951gat_n945gat_C,65,20,3
n950gat_n947gat_B,65,20,3
n373gat_n967gat_A,3,4,4
n856gat_n439gat_A,3,4,4
n373gat_n966gat_B,3,4,4
n856gat_n790gat_A,3,4,4
n942gat_n936gat_C,65,20,9
n943gat_n937gat_A,65,20,9
n735gat_n729gat_C,65,21,3
n591gat_n587gat_A,65,20,3
n693gat_n690gat_C,65,20,3
n694gat_n690gat_B,65,20,3
n573gat_n568gat_B,65,20,9
n852gat_n794gat_A,37,20,20
n851gat_n965gat_B,35,20,20
n784gat_n781gat_A,65,88,3
n852gat_n649gat_B,35,20,20
n2573gat_n2569gat_A,9,56,3
n1990gat_n2079gat_C,51,21,20
n1659gat_n1646gat_B,50,30,29
n1845gat_n1847gat_B,68,34,34
n2439gat_n1964gat_B,6,20,15
n219gat_n869gat_A,100,21,21
n926gat_n980gat_B,100,23,20
n926gat_n981gat_A,100,23,21
n2585gat_n2583gat_B,17,56,6
n1635gat_n1796gat_B,11,13,13
n2989gat_n1602gat_C,100,31,30
n3107gat,3,3,3
n3108gat,7,6,6
n3116gat,100,8,8
n3117gat,73,13,13
n3125gat,100,24,24
n3126gat,2,1,1
n3134gat,66,15,15
n3135gat,18,15,15
n3143gat,100,61,49
n3144gat,100,56,55
n2027gat,2,1,1
n3063gat,100,21,21
n3062gat,100,22,22
n3044gat,22,22,22
n2910gat,39,29,29
n2901gat,67,20,20
n3054gat,20,20,20
n3036gat,14,15,15
n3035gat,14,15,15
n3053gat,81,23,23
n1361gat,2,1,1
n2009gat,90,29,29
n2163gat,99,28,28
n1613gat,10,12,12
n1632gat,2,5,5
n1614gat,73,30,18
n1380gat,100,85,49
n2343gat,2,104,1
n2630gat,2,91,1
n2621gat,2,91,1
n1226gat,100,37,8
n2342gat,100,92,65
n2640gat,2,56,1
n2207gat,2,104,1
n2270gat,2,24,1
n2622gat,2,91,1
n2081gat,100,62,36
n2217gat,100,62,56
n2162gat,100,62,42
n1551gat,11,11,11
n1740gat,29,33,30
n2351gat,64,39,32
n2262gat,26,36,34
n2190gat,26,35,34
n1316gat,2,3,1
n2135gat,26,33,33
n2253gat,9,15,14
n2450gat,2,15,1
n2019gat,100,65,54
n2216gat,90,30,19
n2442gat,16,15,14
n2325gat,100,20,20
n2244gat,100,20,20
n1452gat,4,4,4
n1119gat,68,37,6
n17gat,100,60,41
n1218gat,33,13,3
n1019gat,100,20,9
n44gat,65,20,9
n52gat,100,20,9
n53gat,100,20,9
n61gat,100,21,9
n62gat,100,21,9
n1235gat,100,20,9
n1236gat,100,20,9
n1055gat,100,20,9
n1056gat,100,20,9
n1190gat,65,34,3
n1191gat,65,34,3
n1280gat,66,36,4
n1208gat,65,34,3
n1209gat,65,34,3
n1272gat,33,34,8
n2711gat,4,30,12
n2460gat,100,20,9
n2414gat,17,56,3
n2415gat,17,56,3
n2604gat,9,61,3
n2550gat,17,61,3
n1443gat,100,62,20
n1442gat,100,87,76
n1353gat,100,62,48
n1425gat,100,62,43
n1704gat,2,81,5
n1703gat,100,81,48
n2073gat,41,21,21
n2181gat,41,21,21
n1407gat,100,62,39
n2261gat,19,35,35
n2055gat,31,24,23
n2405gat,37,40,33
n2406gat,100,34,31
n2352gat,46,20,19
n1083gat,100,22,21
n1470gat,65,17,14
n1461gat,100,31,28
n1092gat,100,23,18
n1326gat,4,15,9
n1173gat,4,30,9
n1029gat,100,24,24
n1182gat,9,13,13
n71gat,53,16,16
n2154gat,100,46,35
n2082gat,100,62,30
n3018gat,100,42,33
n1604gat,5,71,5
n1281gat,68,39,11
n1254gat,4,15,10
n1263gat,25,15,13
