net_name,f_type,cube_cnt,fdp
R182_U39_U497_B,sa1,30,1.0791015625e-01
U301_U472_A,sa1,30,1.4422988892e-01
U303_U451_B,sa1,30,1.5209579468e-01
U303_U442_B,sa1,30,8.1680297852e-02
U303_U433_B,sa1,30,1.6155052185e-01
R182_U89,sa1,30,7.4218750000e-02
R182_U26_R182_U89_A,sa0,,7.4218750000e-02
R182_U98,sa1,3,6.2500000000e-02
U418_U500_A,sa1,7,6.2500000000e-02
U301_U464_A,sa1,30,8.4547042847e-02
U406_U304_B,sa1,30,9.4665527344e-02
U300,sa0,30,3.6637042649e-04
U412,sa0,,3.6637042649e-04
U372_U412_A,sa1,,3.6637042649e-04
STATO_REG_2__SCAN_IN_U300_B,sa0,,3.6637042649e-04
U301_U474_A,sa1,15,1.7138862610e-01
U302_U455_A,sa1,24,2.6550388336e-01
U302_U446_A,sa1,30,2.6550313085e-01
U302_U437_A,sa1,30,2.6531991514e-01
U413_U334_B,sa1,3,1.5625000000e-02
U373_U302_B,sa1,30,1.2931413949e-06
U375_U301_A,sa1,30,1.4748573303e-01
U400,sa0,30,4.1936838627e-01
U581,sa0,,4.1936838627e-01
U416_U581_A,sa0,,4.1936838627e-01
R182_U31_U581_B,sa0,,4.1936838627e-01
U580,sa0,,4.1936838627e-01
U407_U580_A,sa0,,4.1936838627e-01
T_REG_6__SCAN_IN_U580_B,sa0,,4.1936838627e-01
U310,sa0,30,6.7836761475e-02
U539,sa0,,6.7836761475e-02
U537_U539_A,sa0,,6.7836761475e-02
X_REG_6__SCAN_IN_U539_B,sa0,,6.7836761475e-02
U538,sa0,,6.7836761475e-02
U536_U538_A,sa0,,6.7836761475e-02
CONT_REG_6__SCAN_IN_U538_B,sa0,,6.7836761475e-02
U301,sa0,30,7.4526667595e-04
U375_U301_A,sa0,,7.4526667595e-04
STATO_REG_2__SCAN_IN_U301_B,sa0,,7.4526667595e-04
U300,sa1,30,1.4096245170e-01
U306_U560_A,sa1,6,3.1250000000e-01
U304_U508_A,sa1,3,9.3750000000e-02
U305_U507_A,sa1,25,1.0937500000e-01
U304_U490_A,sa1,30,7.1989536285e-02
U301_U466_A,sa1,30,8.6418151855e-02
U303_U454_B,sa1,30,1.0946512222e-01
U303_U445_B,sa1,30,8.6174011230e-02
U303_U436_B,sa1,30,7.8739881516e-02
U427_U430_A,sa1,30,2.2338911916e-02
U411_U428_A,sa1,2,4.8828125000e-04
U413_U335_B,sa1,3,1.5625000000e-02
U407_U324_A,sa1,11,2.4975585938e-01
U401,sa0,30,4.3735504150e-01
U583,sa0,,4.3735504150e-01
U416_U583_A,sa0,,4.3735504150e-01
R182_U39_U583_B,sa0,,4.3735504150e-01
U582,sa0,,4.3735504150e-01
U407_U582_A,sa0,,4.3735504150e-01
T_REG_2__SCAN_IN_U582_B,sa0,,4.3735504150e-01
U400,sa1,30,4.4091475010e-01
U320,sa0,30,9.0026869439e-02
U525,sa0,,9.0026869439e-02
U408_U525_A,sa0,,9.0026869439e-02
T_REG_3__SCAN_IN_U525_B,sa0,,9.0026869439e-02
U526,sa0,,9.0026869439e-02
U368_U526_A,sa0,,9.0026869439e-02
X_REG_3__SCAN_IN_U526_B,sa0,,9.0026869439e-02
U524,sa0,,9.0026869439e-02
U409_U524_A,sa0,,9.0026869439e-02
Y_REG_3__SCAN_IN_U524_B,sa0,,9.0026869439e-02
U311,sa0,30,6.0440063477e-02
U541,sa0,,6.0440063477e-02
U537_U541_A,sa0,,6.0440063477e-02
X_REG_5__SCAN_IN_U541_B,sa0,,6.0440063477e-02
U540,sa0,,6.0440063477e-02
U536_U540_A,sa0,,6.0440063477e-02
CONT_REG_5__SCAN_IN_U540_B,sa0,,6.0440063477e-02
U310,sa1,30,8.2556724548e-02
U302,sa0,30,4.5514106750e-04
U300_U302_A,sa0,,4.5514106750e-04
U373_U302_B,sa0,,4.5514106750e-04
U301,sa1,30,2.8603363037e-01
U360_U560_B,sa1,9,1.8701171875e-01
U411_U536_B,sa1,30,2.9102340341e-04
U408_U531_A,sa1,30,1.9592054188e-02
U409_U530_A,sa1,30,5.0978899002e-02
U408_U522_A,sa1,30,2.6776297018e-03
U409_U521_A,sa1,30,1.7150878906e-02
U372_U450_A,sa1,20,3.1372070313e-02
U372_U441_A,sa1,30,3.1371923164e-02
U419_U420_B,sa1,9,6.2255859375e-02
U419_U411_B,sa1,9,1.2451171875e-01
U413_U336_B,sa1,3,1.5625000000e-02
U414_U327_A,sa1,3,1.5625000000e-02
U406_U326_A,sa1,2,1.2500000000e-01
U370_U323_D,sa1,30,4.7453403473e-02
U371_U306_B,sa1,5,5.8593750000e-02
U501,sa0,7,9.3750000000e-02
U567_U501_A,sa0,,9.3750000000e-02
U499,sa0,,9.3750000000e-02
U359_U499_A,sa0,,9.3750000000e-02
MAR_REG_0__SCAN_IN_U499_B,sa0,,9.3750000000e-02
U500,sa0,,9.3750000000e-02
U418_U500_A,sa0,,9.3750000000e-02
MAR_REG_3__SCAN_IN_U500_B,sa0,,9.3750000000e-02
U500,sa1,3,1.5625000000e-02
U510,sa0,6,6.2500000000e-02
U386_U510_A,sa1,,6.2500000000e-02
U411,sa0,30,3.2714909315e-01
U415_U411_A,sa0,,3.2714909315e-01
U419_U411_B,sa0,,3.2714909315e-01
U410,sa1,30,7.0585918729e-04
U374_U410_A,sa0,,7.0585918729e-04
U402,sa0,7,4.6875000000e-01
U585,sa0,,4.6875000000e-01
U386_U585_A,sa0,,4.6875000000e-01
Y_REG_0__SCAN_IN_U585_B,sa0,,4.6875000000e-01
U584,sa0,,4.6875000000e-01
U510_U584_A,sa0,,4.6875000000e-01
U506_U584_B,sa0,,4.6875000000e-01
U401,sa1,30,4.6114349365e-01
U330,sa0,6,4.5312500000e-01
U414_U330_A,sa0,,4.5312500000e-01
U511,sa0,,4.5312500000e-01
U386_U511_A,sa0,,4.5312500000e-01
Y_REG_3__SCAN_IN_U511_B,sa0,,4.5312500000e-01
U321,sa0,30,1.0589790344e-01
U528,sa0,,1.0589790344e-01
U408_U528_A,sa0,,1.0589790344e-01
T_REG_2__SCAN_IN_U528_B,sa0,,1.0589790344e-01
U529,sa0,,1.0589790344e-01
U368_U529_A,sa0,,1.0589790344e-01
X_REG_2__SCAN_IN_U529_B,sa0,,1.0589790344e-01
U527,sa0,,1.0589790344e-01
U409_U527_A,sa0,,1.0589790344e-01
Y_REG_2__SCAN_IN_U527_B,sa0,,1.0589790344e-01
U320,sa1,30,9.3139648438e-02
U312,sa0,30,6.2164306641e-02
U543,sa0,,6.2164306641e-02
U537_U543_A,sa0,,6.2164306641e-02
X_REG_4__SCAN_IN_U543_B,sa0,,6.2164306641e-02
U542,sa0,,6.2164306641e-02
U536_U542_A,sa0,,6.2164306641e-02
CONT_REG_4__SCAN_IN_U542_B,sa0,,6.2164306641e-02
U311,sa1,30,7.7873580623e-02
U303,sa0,30,1.8591526896e-06
U300_U303_A,sa0,,1.8591526896e-06
U432_U303_B,sa0,,1.8591526896e-06
U302,sa1,30,7.0971775055e-01
U307_U552_A,sa1,3,3.1250000000e-01
U304_U492_A,sa1,30,7.5773239136e-02
U301_U468_A,sa1,30,8.9683532715e-02
U302_U449_A,sa1,30,2.6550328732e-01
U406_U426_A,sa1,2,2.4414062500e-04
U413_U337_B,sa1,3,1.5625000000e-02
U414_U328_A,sa1,3,1.5625000000e-02
U362_U308_A,sa1,5,3.1250000000e-02
U393_U304_A,sa1,30,1.5824508667e-01
U501,sa1,10,1.5625000000e-01
U420,sa1,2,2.4414062500e-04
U510,sa1,30,2.1783447266e-01
U386_U510_A,sa0,,2.1783447266e-01
U411,sa1,30,6.1085633934e-04
U403,sa0,7,4.6093750000e-01
U587,sa0,,4.6093750000e-01
U386_U587_A,sa0,,4.6093750000e-01
Y_REG_2__SCAN_IN_U587_B,sa0,,4.6093750000e-01
U586,sa0,,4.6093750000e-01
U510_U586_A,sa0,,4.6093750000e-01
U383_U586_B,sa0,,4.6093750000e-01
U402,sa1,9,5.3125000000e-01
U340,sa0,5,2.8125000000e-01
U477_U340_A,sa0,,2.8125000000e-01
MAR_REG_5__SCAN_IN_U340_B,sa0,,2.8125000000e-01
U331,sa0,11,4.6875000000e-01
U509,sa0,,4.6875000000e-01
U564_U509_A,sa0,,4.6875000000e-01
X_REG_0__SCAN_IN_U509_B,sa0,,4.6875000000e-01
U507,sa0,,4.6875000000e-01
U305_U507_A,sa0,,4.6875000000e-01
U506_U507_B,sa0,,4.6875000000e-01
U508,sa0,,4.6875000000e-01
U304_U508_A,sa0,,4.6875000000e-01
R182_U21_U508_B,sa0,,4.6875000000e-01
U330,sa1,14,5.4687500000e-01
U322,sa0,30,1.6755676270e-01
U531,sa0,,1.6755676270e-01
U408_U531_A,sa0,,1.6755676270e-01
T_REG_1__SCAN_IN_U531_B,sa0,,1.6755676270e-01
U532,sa0,,1.6755676270e-01
U368_U532_A,sa0,,1.6755676270e-01
X_REG_1__SCAN_IN_U532_B,sa0,,1.6755676270e-01
U530,sa0,,1.6755676270e-01
U409_U530_A,sa0,,1.6755676270e-01
Y_REG_1__SCAN_IN_U530_B,sa0,,1.6755676270e-01
U321,sa1,30,1.0133361910e-01
U313,sa0,30,1.0217285156e-01
U545,sa0,,1.0217285156e-01
U537_U545_A,sa0,,1.0217285156e-01
X_REG_3__SCAN_IN_U545_B,sa0,,1.0217285156e-01
U544,sa0,,1.0217285156e-01
U536_U544_A,sa0,,1.0217285156e-01
CONT_REG_3__SCAN_IN_U544_B,sa0,,1.0217285156e-01
U312,sa1,30,7.9029324464e-02
U304,sa0,30,1.7957305908e-01
U393_U304_A,sa0,,1.7957305908e-01
U406_U304_B,sa0,,1.7957305908e-01
U303,sa1,30,1.7664766312e-01
U510_U584_A,sa1,10,1.0937500000e-01
U407_U570_A,sa1,30,3.9237976074e-02
U536_U540_A,sa1,30,2.7160644531e-02
U304_U484_A,sa1,30,8.6717367172e-02
U361_U480_B,sa1,7,4.6386718750e-02
U371_U480_A,sa1,3,2.3437500000e-02
U303_U448_B,sa1,30,9.2422485352e-02
U303_U439_B,sa1,30,7.9768180847e-02
U392_U413_B,sa1,6,1.0937500000e-01
U413_U338_B,sa1,3,1.5625000000e-02
U414_U329_A,sa1,3,1.5625000000e-02
U393_U305_A,sa1,30,1.1312866211e-01
U430,sa1,9,6.2255859375e-02
U421,sa1,10,1.2475585938e-01
U403,sa1,11,5.3906250000e-01
U350,sa0,30,2.4993799627e-01
U461,sa0,,2.4993799627e-01
U459_U461_A,sa0,,2.4993799627e-01
CONT_REG_7__SCAN_IN_U461_B,sa0,,2.4993799627e-01
U460,sa0,,2.4993799627e-01
U301_U460_A,sa0,,2.4993799627e-01
R182_U30_U460_B,sa0,,2.4993799627e-01
U341,sa0,5,2.8125000000e-01
U477_U341_A,sa0,,2.8125000000e-01
MAR_REG_6__SCAN_IN_U341_B,sa0,,2.8125000000e-01
U340,sa1,6,7.1875000000e-01
U413,sa0,30,3.3390753437e-02
U305_U413_A,sa0,,3.3390753437e-02
U392_U413_B,sa0,,3.3390753437e-02
U332,sa0,19,4.8437500000e-01
U504,sa0,,4.8437500000e-01
U564_U504_A,sa0,,4.8437500000e-01
X_REG_1__SCAN_IN_U504_B,sa0,,4.8437500000e-01
U502,sa0,,4.8437500000e-01
U305_U502_A,sa0,,4.8437500000e-01
U501_U502_B,sa0,,4.8437500000e-01
U503,sa0,,4.8437500000e-01
U304_U503_A,sa0,,4.8437500000e-01
R182_U20_U503_B,sa0,,4.8437500000e-01
U502,sa1,4,4.6875000000e-02
U331,sa1,12,5.3125000000e-01
U511,sa1,4,4.3750000000e-01
U323,sa0,30,3.1297254562e-01
U535,sa0,,3.1297254562e-01
U368_U535_A,sa0,,3.1297254562e-01
X_REG_0__SCAN_IN_U535_B,sa0,,3.1297254562e-01
U534,sa0,,3.1297254562e-01
U408_U534_A,sa0,,3.1297254562e-01
T_REG_0__SCAN_IN_U534_B,sa0,,3.1297254562e-01
U533,sa0,,3.1297254562e-01
U409_U533_A,sa0,,3.1297254562e-01
Y_REG_0__SCAN_IN_U533_B,sa0,,3.1297254562e-01
U370_U323_D,sa0,,3.1297254562e-01
U322,sa1,30,1.3282775879e-01
U520,sa1,3,6.2500000000e-02
U314,sa0,30,1.1415100936e-01
U547,sa0,,1.1415100936e-01
U537_U547_A,sa0,,1.1415100936e-01
X_REG_2__SCAN_IN_U547_B,sa0,,1.1415100936e-01
U546,sa0,,1.1415100936e-01
U536_U546_A,sa0,,1.1415100936e-01
CONT_REG_2__SCAN_IN_U546_B,sa0,,1.1415100936e-01
U313,sa1,30,9.5995308831e-02
U305,sa0,6,6.2500000000e-02
U393_U305_A,sa0,,6.2500000000e-02
U368_U305_B,sa0,,6.2500000000e-02
U304,sa1,30,2.4029541016e-01
U412,sa1,30,9.3537688255e-02
U372_U412_A,sa0,,9.3537688255e-02
U407_U580_A,sa1,30,3.3182442188e-02
U416_U571_A,sa1,30,6.8603515625e-02
U306_U555_A,sa1,6,3.9062500000e-02
U536_U550_A,sa1,7,9.3750000000e-02
U408_U534_A,sa1,4,6.2500000000e-02
U409_U533_A,sa1,4,6.2500000000e-02
U408_U525_A,sa1,30,2.1362308413e-02
U409_U524_A,sa1,30,5.6396484375e-02
U368_U520_A,sa1,30,2.6512145996e-02
U408_U516_A,sa1,30,5.2111595869e-04
U409_U515_A,sa1,30,3.5322185606e-02
U386_U511_A,sa1,6,5.4687500000e-02
U506_U507_B,sa1,5,9.3750000000e-02
U564_U504_A,sa1,11,1.0156250000e-01
U567_U501_A,sa1,3,1.5625000000e-02
U360_U482_B,sa1,8,9.3261718750e-02
U372_U453_A,sa1,15,3.1372070313e-02
U372_U444_A,sa1,30,3.1371958554e-02
U372_U435_A,sa1,30,3.1370644690e-02
U419_U424_A,sa1,9,6.2255859375e-02
U392_U414_B,sa1,6,1.0937500000e-01
U415_U374_A,sa1,30,3.0865484476e-01
U417_U363_A,sa1,30,5.4443359375e-02
U431,sa1,30,9.3612909342e-02
U404,sa1,21,2.2734642029e-02
U360,sa0,6,2.0312500000e-01
MAR_REG_0__SCAN_IN_U360_A,sa1,,2.0312500000e-01
U440,sa1,9,2.4318695068e-04
U351,sa0,23,4.6875000000e-01
U455,sa0,,4.6875000000e-01
U302_U455_A,sa0,,4.6875000000e-01
CONT_REG_0__SCAN_IN_U455_B,sa0,,4.6875000000e-01
U454,sa0,,4.6875000000e-01
R182_U21_U454_A,sa0,,4.6875000000e-01
U303_U454_B,sa0,,4.6875000000e-01
U456,sa0,,4.6875000000e-01
U372_U456_A,sa0,,4.6875000000e-01
PUNTI_RETTA_REG_0__SCAN_IN_U456_B,sa0,,4.6875000000e-01
U350,sa1,30,3.9572051167e-01
U342,sa0,5,2.8125000000e-01
U477_U342_A,sa0,,2.8125000000e-01
MAR_REG_7__SCAN_IN_U342_B,sa0,,2.8125000000e-01
U341,sa1,6,7.1875000000e-01
U413,sa1,3,1.5625000000e-02
U333,sa0,30,4.3359375000e-01
U498,sa0,,4.3359375000e-01
U564_U498_A,sa0,,4.3359375000e-01
X_REG_2__SCAN_IN_U498_B,sa0,,4.3359375000e-01
U496,sa0,,4.3359375000e-01
U305_U496_A,sa0,,4.3359375000e-01
U383_U496_B,sa0,,4.3359375000e-01
U497,sa0,,4.3359375000e-01
U304_U497_A,sa0,,4.3359375000e-01
R182_U39_U497_B,sa0,,4.3359375000e-01
U332,sa1,30,5.0781250000e-01
U503,sa1,13,1.2500000000e-01
U512,sa1,4,4.3750000000e-01
U414,sa0,30,9.2578125000e-01
U510_U414_A,sa0,,9.2578125000e-01
U392_U414_B,sa0,,9.2578125000e-01
U324,sa0,4,5.0024414063e-01
U407_U324_A,sa0,,5.0024414063e-01
U422,sa0,,5.0024414063e-01
U421,sa0,,5.0024414063e-01
U420,sa0,,5.0024414063e-01
START_U420_A,sa0,,5.0024414063e-01
U419_U420_B,sa0,,5.0024414063e-01
STATO_REG_1__SCAN_IN_U421_B,sa0,,5.0024414063e-01
STATO_REG_2__SCAN_IN_U422_B,sa0,,5.0024414063e-01
U422,sa1,3,2.5024414063e-01
U323,sa1,7,1.8750000000e-01
U530,sa1,30,9.7488403320e-02
U521,sa1,30,2.8121948242e-02
U315,sa0,30,1.4013671875e-01
U549,sa0,,1.4013671875e-01
U537_U549_A,sa0,,1.4013671875e-01
X_REG_1__SCAN_IN_U549_B,sa0,,1.4013671875e-01
U548,sa0,,1.4013671875e-01
U536_U548_A,sa0,,1.4013671875e-01
CONT_REG_1__SCAN_IN_U548_B,sa0,,1.4013671875e-01
U314,sa1,30,8.8498354889e-02
U306,sa0,9,3.5156250000e-01
U376_U306_A,sa0,,3.5156250000e-01
U371_U306_B,sa0,,3.5156250000e-01
U305,sa1,30,1.1804199219e-01
U432,sa0,30,9.6072116867e-04
U373_U432_A,sa1,,9.6072116867e-04
U510_U586_A,sa1,10,8.2031250000e-02
U416_U581_A,sa1,30,4.5066833496e-02
U407_U572_A,sa1,30,3.4012317657e-02
U510_U568_A,sa1,10,1.6406250000e-01
U536_U542_A,sa1,30,5.5297851563e-02
U537_U541_A,sa1,1,0.0000000000e+00
U386_U512_A,sa1,6,5.4687500000e-02
U304_U486_A,sa1,30,6.8313121796e-02
U371_U482_A,sa1,2,1.5625000000e-02
U477_U340_A,sa1,4,2.1875000000e-01
U376_U306_A,sa1,9,3.5156250000e-01
U423,sa1,30,6.9777011871e-02
U406_U423_A,sa0,,6.9777011871e-02
U415,sa0,30,1.6009512544e-01
U370_U415_A,sa1,,1.6009512544e-01
U405,sa1,30,1.0831832886e-02
X_REG_7__SCAN_IN_U405_A,sa1,,1.0831832886e-02
X_REG_6__SCAN_IN_U405_B,sa1,,1.0831832886e-02
X_REG_5__SCAN_IN_U405_C,sa1,,1.0831832886e-02
X_REG_4__SCAN_IN_U405_D,sa1,,1.0831832886e-02
U361,sa0,30,3.2495117188e-01
MAR_REG_1__SCAN_IN_U361_A,sa0,,3.2495117188e-01
MAR_REG_0__SCAN_IN_U361_B,sa0,,3.2495117188e-01
U360,sa1,13,2.0263671875e-01
MAR_REG_0__SCAN_IN_U360_A,sa0,,2.0263671875e-01
U441,sa1,22,4.6850585938e-01
U450,sa1,22,4.6850585938e-01
U352,sa0,27,4.6875000000e-01
U452,sa0,,4.6875000000e-01
U302_U452_A,sa0,,4.6875000000e-01
CONT_REG_1__SCAN_IN_U452_B,sa0,,4.6875000000e-01
U453,sa0,,4.6875000000e-01
U372_U453_A,sa0,,4.6875000000e-01
PUNTI_RETTA_REG_1__SCAN_IN_U453_B,sa0,,4.6875000000e-01
U451,sa0,,4.6875000000e-01
R182_U20_U451_A,sa0,,4.6875000000e-01
U303_U451_B,sa0,,4.6875000000e-01
U351,sa1,30,4.6868777275e-01
U343,sa0,30,4.3188381195e-01
U475,sa0,,4.3188381195e-01
U459_U475_A,sa0,,4.3188381195e-01
CONT_REG_0__SCAN_IN_U475_B,sa0,,4.3188381195e-01
U474,sa0,,4.3188381195e-01
U301_U474_A,sa0,,4.3188381195e-01
R182_U21_U474_B,sa0,,4.3188381195e-01
U342,sa1,6,7.1875000000e-01
U334,sa0,30,3.1738281250e-01
U493,sa0,,3.1738281250e-01
U564_U493_A,sa0,,3.1738281250e-01
X_REG_3__SCAN_IN_U493_B,sa0,,3.1738281250e-01
U413_U334_B,sa0,,3.1738281250e-01
U492,sa0,,3.1738281250e-01
U304_U492_A,sa0,,3.1738281250e-01
R182_U37_U492_B,sa0,,3.1738281250e-01
U333,sa1,30,3.9578247070e-01
U504,sa1,4,3.1250000000e-01
U513,sa1,4,4.3750000000e-01
U414,sa1,3,1.5625000000e-02
U325,sa0,13,5.6225585938e-01
U553,sa0,,5.6225585938e-01
U426,sa0,,5.6225585938e-01
U406_U426_A,sa0,,5.6225585938e-01
U425,sa0,,5.6225585938e-01
U424,sa0,,5.6225585938e-01
U419_U424_A,sa0,,5.6225585938e-01
U366_U424_B,sa0,,5.6225585938e-01
U369,sa0,,5.6225585938e-01
STATO_REG_0__SCAN_IN_U369_A,sa1,,5.6225585938e-01
STATO_REG_1__SCAN_IN_U553_B,sa0,,5.6225585938e-01
U552,sa0,,5.6225585938e-01
U307_U552_A,sa0,,5.6225585938e-01
U367_U552_B,sa0,,5.6225585938e-01
U387_U325_C,sa0,,5.6225585938e-01
U324,sa1,12,4.9975585938e-01
U370,sa0,30,2.9635620119e-01
STATO_REG_2__SCAN_IN_U370_A,sa0,,2.9635620119e-01
STATO_REG_1__SCAN_IN_U370_B,sa0,,2.9635620119e-01
U531,sa1,7,6.2500000000e-02
U522,sa1,30,4.1992187500e-02
U316,sa0,25,2.8149366379e-01
U551,sa0,,2.8149366379e-01
U537_U551_A,sa0,,2.8149366379e-01
X_REG_0__SCAN_IN_U551_B,sa0,,2.8149366379e-01
U550,sa0,,2.8149366379e-01
U536_U550_A,sa0,,2.8149366379e-01
CONT_REG_0__SCAN_IN_U550_B,sa0,,2.8149366379e-01
U315,sa1,30,1.7762756348e-01
U540,sa1,30,1.5316344798e-04
U307,sa0,2,6.2500000000e-02
START_U307_A,sa0,,6.2500000000e-02
STATO_REG_0__SCAN_IN_U307_B,sa0,,6.2500000000e-02
U306,sa1,20,5.8593750000e-01
U406,sa0,30,4.8478698730e-01
U432,sa1,30,1.3223195076e-01
U373_U432_A,sa0,,1.3223195076e-01
U407_U582_A,sa1,30,4.3165206909e-02
U416_U573_A,sa1,30,4.7546386719e-02
U501_U568_B,sa1,5,7.8125000000e-02
U306_U557_A,sa1,6,7.8125000000e-02
U537_U551_A,sa1,1,0.0000000000e+00
U386_U513_A,sa1,6,5.4687500000e-02
U371_U428_B,sa1,2,6.2500000000e-02
U366_U424_B,sa1,2,2.4414062500e-04
U477_U341_A,sa1,4,2.1875000000e-01
U536_U309_A,sa1,30,7.6644897461e-02
U368_U305_B,sa1,30,1.2725830078e-02
U506,sa0,7,6.2500000000e-02
U495,sa0,,6.2500000000e-02
U383_U495_A,sa1,,6.2500000000e-02
U505,sa0,,6.2500000000e-02
U505,sa1,3,1.5625000000e-02
MAR_REG_3__SCAN_IN_U505_A,sa1,,1.5625000000e-02
MAR_REG_2__SCAN_IN_U505_B,sa1,,1.5625000000e-02
MAR_REG_1__SCAN_IN_U505_C,sa1,,1.5625000000e-02
U424,sa1,2,2.4414062500e-04
U416,sa0,30,1.5322113037e-01
U407_U416_A,sa1,,1.5322113037e-01
U415,sa1,30,5.5197858810e-01
U370_U415_A,sa0,,5.5197858810e-01
U361,sa1,15,1.2500000000e-01
U433,sa1,30,8.0978497863e-07
U442,sa1,30,8.5681676865e-07
U353,sa0,30,4.6874991059e-01
U449,sa0,,4.6874991059e-01
U302_U449_A,sa0,,4.6874991059e-01
CONT_REG_2__SCAN_IN_U449_B,sa0,,4.6874991059e-01
U450,sa0,,4.6874991059e-01
U372_U450_A,sa0,,4.6874991059e-01
PUNTI_RETTA_REG_2__SCAN_IN_U450_B,sa0,,4.6874991059e-01
U448,sa0,,4.6874991059e-01
R182_U39_U448_A,sa0,,4.6874991059e-01
U303_U448_B,sa0,,4.6874991059e-01
U352,sa1,30,4.6856737137e-01
U451,sa1,6,9.5367431641e-07
U460,sa1,30,2.4722516537e-04
U344,sa0,30,2.5005578995e-01
U473,sa0,,2.5005578995e-01
U459_U473_A,sa0,,2.5005578995e-01
CONT_REG_1__SCAN_IN_U473_B,sa0,,2.5005578995e-01
U472,sa0,,2.5005578995e-01
U301_U472_A,sa0,,2.5005578995e-01
R182_U20_U472_B,sa0,,2.5005578995e-01
U343,sa1,30,5.3100681305e-01
U335,sa0,30,2.9650878906e-01
U491,sa0,,2.9650878906e-01
U564_U491_A,sa0,,2.9650878906e-01
X_REG_4__SCAN_IN_U491_B,sa0,,2.9650878906e-01
U413_U335_B,sa0,,2.9650878906e-01
U490,sa0,,2.9650878906e-01
U304_U490_A,sa0,,2.9650878906e-01
R182_U35_U490_B,sa0,,2.9650878906e-01
U334,sa1,30,3.2427167892e-01
U514,sa1,4,4.3750000000e-01
U326,sa0,5,4.3798828125e-01
U406_U326_A,sa0,,4.3798828125e-01
U385_U326_B,sa0,,4.3798828125e-01
U429,sa0,,4.3798828125e-01
U428,sa0,,4.3798828125e-01
U411_U428_A,sa0,,4.3798828125e-01
U371_U428_B,sa0,,4.3798828125e-01
U366_U429_B,sa0,,4.3798828125e-01
U325,sa1,6,4.3774414063e-01
U407,sa0,23,7.5000000000e-01
STATO_REG_1__SCAN_IN_U407_A,sa0,,7.5000000000e-01
STATO_REG_0__SCAN_IN_U407_B,sa0,,7.5000000000e-01
U370,sa1,30,1.5116797178e-01
U532,sa1,3,6.2500000000e-02
U523,sa1,3,6.2500000000e-02
U317,sa0,30,5.2573204041e-02
U516,sa0,,5.2573204041e-02
U408_U516_A,sa0,,5.2573204041e-02
T_REG_6__SCAN_IN_U516_B,sa0,,5.2573204041e-02
U517,sa0,,5.2573204041e-02
U368_U517_A,sa0,,5.2573204041e-02
X_REG_6__SCAN_IN_U517_B,sa0,,5.2573204041e-02
U515,sa0,,5.2573204041e-02
U409_U515_A,sa0,,5.2573204041e-02
Y_REG_6__SCAN_IN_U515_B,sa0,,5.2573204041e-02
U316,sa1,17,2.1899366379e-01
U550,sa1,19,3.1493663788e-02
U541,sa1,30,4.2214035988e-02
U308,sa0,5,3.1250000000e-02
U362_U308_A,sa0,,3.1250000000e-02
MAR_REG_3__SCAN_IN_U308_B,sa0,,3.1250000000e-02
U362,sa0,9,9.3750000000e-02
MAR_REG_2__SCAN_IN_U362_A,sa1,,9.3750000000e-02
U307,sa1,9,4.3750000000e-01
U371,sa0,30,3.8793992996e-01
U406,sa1,2,1.2500000000e-01
STATO_REG_2__SCAN_IN_U406_A,sa1,,1.2500000000e-01
STATO_REG_0__SCAN_IN_U406_B,sa1,,1.2500000000e-01
U416_U583_A,sa1,30,1.3671875000e-01
U407_U574_A,sa1,30,5.8105468750e-02
U360_U566_B,sa1,3,1.5625000000e-02
U536_U544_A,sa1,30,5.9814453125e-02
U537_U543_A,sa1,1,0.0000000000e+00
U368_U532_A,sa1,30,5.4962396622e-02
U408_U528_A,sa1,30,5.0004874356e-03
U409_U527_A,sa1,30,5.1878452301e-02
U368_U523_A,sa1,30,1.1375308037e-02
U408_U519_A,sa1,30,3.3853575587e-07
U409_U518_A,sa1,30,4.3854236603e-02
U386_U514_A,sa1,6,5.4687500000e-02
U304_U497_A,sa1,30,9.0648651123e-02
U305_U496_A,sa1,30,5.0691604614e-02
U304_U488_A,sa1,30,6.9162368774e-02
U307_U476_A,sa1,18,3.1176757813e-01
U432_U458_B,sa1,30,1.5954589844e-01
U307_U457_B,sa1,17,1.8676757813e-01
U372_U456_A,sa1,11,3.1372070313e-02
U372_U447_A,sa1,30,3.1372040510e-02
U372_U438_A,sa1,30,3.1371911522e-02
U407_U376_A,sa1,11,6.2988281250e-02
U477_U342_A,sa1,4,2.1875000000e-01
U506,sa1,8,1.8750000000e-01
U425,sa1,10,1.2475585938e-01
U416,sa1,30,1.8274772167e-01
U407_U416_A,sa0,,1.8274772167e-01
U560,sa1,3,1.8750000000e-01
U390,sa0,9,4.6923828125e-01
U559,sa0,,4.6923828125e-01
U306_U559_A,sa0,,4.6923828125e-01
U359_U559_B,sa0,,4.6923828125e-01
MAR_REG_0__SCAN_IN_U559_C,sa0,,4.6923828125e-01
U558,sa0,,4.6923828125e-01
U483,sa0,,4.6923828125e-01
U376_U483_A,sa0,,4.6923828125e-01
U482,sa0,,4.6923828125e-01
U371_U482_A,sa0,,4.6923828125e-01
U360_U482_B,sa0,,4.6923828125e-01
MAR_REG_1__SCAN_IN_U558_B,sa0,,4.6923828125e-01
U408,sa0,30,1.1771467328e-01
U385_U408_A,sa1,,1.1771467328e-01
U380,sa1,5,7.3337554932e-04
MAR_REG_4__SCAN_IN_U380_A,sa0,,7.3337554932e-04
U372,sa0,30,9.3231201194e-02
U431,sa0,,9.3231201194e-02
U411_U431_A,sa0,,9.3231201194e-02
U430,sa0,,9.3231201194e-02
U427_U430_A,sa0,,9.3231201194e-02
STATO_REG_0__SCAN_IN_U430_B,sa0,,9.3231201194e-02
U366_U372_B,sa0,,9.3231201194e-02
U363,sa0,30,2.2705078125e-01
U417_U363_A,sa0,,2.2705078125e-01
MAR_REG_2__SCAN_IN_U363_B,sa0,,2.2705078125e-01
U417,sa0,15,1.2500000000e-01
U361_U417_A,sa1,,1.2500000000e-01
U434,sa1,9,2.4318695068e-04
U443,sa1,9,2.4318695068e-04
U354,sa0,30,4.6874956787e-01
U446,sa0,,4.6874956787e-01
U302_U446_A,sa0,,4.6874956787e-01
CONT_REG_3__SCAN_IN_U446_B,sa0,,4.6874956787e-01
U447,sa0,,4.6874956787e-01
U372_U447_A,sa0,,4.6874956787e-01
PUNTI_RETTA_REG_3__SCAN_IN_U447_B,sa0,,4.6874956787e-01
U445,sa0,,4.6874956787e-01
R182_U37_U445_A,sa0,,4.6874956787e-01
U303_U445_B,sa0,,4.6874956787e-01
U353,sa1,30,4.3715286255e-01
U452,sa1,9,2.4318695068e-04
U461,sa1,30,4.6643209457e-01
U345,sa0,30,2.4995386600e-01
U471,sa0,,2.4995386600e-01
U459_U471_A,sa0,,2.4995386600e-01
CONT_REG_2__SCAN_IN_U471_B,sa0,,2.4995386600e-01
U470,sa0,,2.4995386600e-01
U301_U470_A,sa0,,2.4995386600e-01
R182_U39_U470_B,sa0,,2.4995386600e-01
U470,sa1,30,2.8717517853e-04
U344,sa1,30,4.1412329674e-01
U336,sa0,30,2.9187011719e-01
U489,sa0,,2.9187011719e-01
U564_U489_A,sa0,,2.9187011719e-01
X_REG_5__SCAN_IN_U489_B,sa0,,2.9187011719e-01
U413_U336_B,sa0,,2.9187011719e-01
U488,sa0,,2.9187011719e-01
U304_U488_A,sa0,,2.9187011719e-01
R182_U33_U488_B,sa0,,2.9187011719e-01
U335,sa1,30,3.0738058686e-01
U327,sa0,6,4.5312500000e-01
U414_U327_A,sa0,,4.5312500000e-01
U514,sa0,,4.5312500000e-01
U386_U514_A,sa0,,4.5312500000e-01
Y_REG_6__SCAN_IN_U514_B,sa0,,4.5312500000e-01
U326,sa1,13,5.6201171875e-01
U407,sa1,13,2.5000000000e-01
U533,sa1,3,6.2500000000e-02
U524,sa1,30,3.6804199219e-02
U318,sa0,30,5.0544738770e-02
U519,sa0,,5.0544738770e-02
U408_U519_A,sa0,,5.0544738770e-02
T_REG_5__SCAN_IN_U519_B,sa0,,5.0544738770e-02
U520,sa0,,5.0544738770e-02
U368_U520_A,sa0,,5.0544738770e-02
X_REG_5__SCAN_IN_U520_B,sa0,,5.0544738770e-02
U518,sa0,,5.0544738770e-02
U409_U518_A,sa0,,5.0544738770e-02
Y_REG_5__SCAN_IN_U518_B,sa0,,5.0544738770e-02
U317,sa1,30,2.4330556393e-02
U515,sa1,30,2.1674156189e-02
U551,sa1,7,2.1875000000e-01
U542,sa1,30,1.5775021166e-04
U309,sa0,30,2.0970404148e-04
U536_U309_A,sa0,,2.0970404148e-04
CONT_REG_7__SCAN_IN_U309_B,sa0,,2.0970404148e-04
U308,sa1,9,9.3750000000e-02
U362,sa1,13,9.3261718750e-02
MAR_REG_2__SCAN_IN_U362_A,sa0,,9.3261718750e-02
U371,sa1,20,1.2498474121e-01
STATO_REG_2__SCAN_IN_U371_A,sa1,,1.2498474121e-01
STATO_REG_1__SCAN_IN_U371_B,sa1,,1.2498474121e-01
U416_U575_A,sa1,30,1.8353271484e-01
U308_U566_A,sa1,5,4.6875000000e-02
U362_U565_B,sa1,3,1.5625000000e-02
U306_U559_A,sa1,6,1.5625000000e-01
U374_U536_A,sa1,30,4.9107074738e-02
U308_U494_A,sa1,5,4.6875000000e-02
U366_U372_B,sa1,30,1.2242796674e-04
U418_U365_B,sa1,13,5.1336288452e-03
U385_U326_B,sa1,2,1.2500000000e-01
U480,sa1,5,1.4062500000e-01
U427,sa0,17,1.2451171875e-01
U371_U427_A,sa1,,1.2451171875e-01
U426,sa1,3,1.2524414063e-01
U409,sa0,30,9.0339303017e-02
U387_U409_A,sa1,,9.0339303017e-02
U570,sa1,3,3.7500000000e-01
U391,sa0,7,4.6923828125e-01
U561,sa0,,4.6923828125e-01
U477_U561_A,sa0,,4.6923828125e-01
MAR_REG_0__SCAN_IN_U561_B,sa0,,4.6923828125e-01
U560,sa0,,4.6923828125e-01
U306_U560_A,sa0,,4.6923828125e-01
U360_U560_B,sa0,,4.6923828125e-01
U561,sa1,6,2.8173828125e-01
U390,sa1,15,5.3076171875e-01
U408,sa1,30,1.1783599854e-01
U385_U408_A,sa0,,1.1783599854e-01
U381,sa1,25,9.7465515137e-04
X_REG_3__SCAN_IN_U381_A,sa0,,9.7465515137e-04
U372,sa1,30,6.1750450300e-05
U418,sa0,9,3.9795875549e-02
U363_U418_A,sa1,,3.9795875549e-02
U364,sa0,5,3.9062500000e-02
MAR_REG_3__SCAN_IN_U364_A,sa1,,3.9062500000e-02
U363,sa1,11,6.2500000000e-02
U417,sa1,30,2.4047851563e-01
U361_U417_A,sa0,,2.4047851563e-01
U435,sa1,22,4.6850585938e-01
U355,sa0,30,4.6862741932e-01
U443,sa0,,4.6862741932e-01
U302_U443_A,sa0,,4.6862741932e-01
CONT_REG_4__SCAN_IN_U443_B,sa0,,4.6862741932e-01
U444,sa0,,4.6862741932e-01
U372_U444_A,sa0,,4.6862741932e-01
PUNTI_RETTA_REG_4__SCAN_IN_U444_B,sa0,,4.6862741932e-01
U442,sa0,,4.6862741932e-01
R182_U35_U442_A,sa0,,4.6862741932e-01
U303_U442_B,sa0,,4.6862741932e-01
U444,sa1,22,4.6850585938e-01
U354,sa1,30,4.2165374756e-01
U453,sa1,22,4.6850585938e-01
U462,sa1,30,1.5638023615e-04
U346,sa0,30,2.4989300966e-01
U469,sa0,,2.4989300966e-01
U459_U469_A,sa0,,2.4989300966e-01
CONT_REG_3__SCAN_IN_U469_B,sa0,,2.4989300966e-01
U468,sa0,,2.4989300966e-01
U301_U468_A,sa0,,2.4989300966e-01
R182_U37_U468_B,sa0,,2.4989300966e-01
U345,sa1,30,4.0058857203e-01
U471,sa1,30,4.6643209457e-01
U337,sa0,30,2.9003143311e-01
U487,sa0,,2.9003143311e-01
U564_U487_A,sa0,,2.9003143311e-01
X_REG_6__SCAN_IN_U487_B,sa0,,2.9003143311e-01
U413_U337_B,sa0,,2.9003143311e-01
U486,sa0,,2.9003143311e-01
U304_U486_A,sa0,,2.9003143311e-01
R182_U31_U486_B,sa0,,2.9003143311e-01
U336,sa1,30,2.9588906281e-01
U507,sa1,4,3.1250000000e-02
U328,sa0,6,4.5312500000e-01
U414_U328_A,sa0,,4.5312500000e-01
U513,sa0,,4.5312500000e-01
U386_U513_A,sa0,,4.5312500000e-01
Y_REG_4__SCAN_IN_U513_B,sa0,,4.5312500000e-01
U327,sa1,14,5.4687500000e-01
U552,sa1,2,6.2500000000e-02
U534,sa1,3,6.2500000000e-02
U525,sa1,30,5.6152343750e-02
U319,sa0,30,8.4991455078e-02
U522,sa0,,8.4991455078e-02
U408_U522_A,sa0,,8.4991455078e-02
T_REG_4__SCAN_IN_U522_B,sa0,,8.4991455078e-02
U523,sa0,,8.4991455078e-02
U368_U523_A,sa0,,8.4991455078e-02
X_REG_4__SCAN_IN_U523_B,sa0,,8.4991455078e-02
U521,sa0,,8.4991455078e-02
U409_U521_A,sa0,,8.4991455078e-02
Y_REG_4__SCAN_IN_U521_B,sa0,,8.4991455078e-02
U318,sa1,30,2.1247863770e-02
U516,sa1,30,3.5644531250e-02
U543,sa1,30,4.3393492699e-02
U309,sa1,30,1.2673068489e-01
U373,sa0,30,1.3220214844e-01
U384,sa0,,1.3220214844e-01
X_REG_0__SCAN_IN_U384_A,sa1,,1.3220214844e-01
U382,sa0,,1.3220214844e-01
X_REG_2__SCAN_IN_U382_A,sa1,,1.3220214844e-01
U381,sa0,,1.3220214844e-01
X_REG_3__SCAN_IN_U381_A,sa1,,1.3220214844e-01
U405,sa0,,1.3220214844e-01
X_REG_1__SCAN_IN_U373_E,sa0,,1.3220214844e-01
U506_U584_B,sa1,5,9.3750000000e-02
U407_U576_A,sa1,13,1.0937500000e-01
U364_U565_A,sa1,3,1.5625000000e-02
U367_U562_A,sa1,30,6.2927627561e-02
U418_U555_B,sa1,7,1.6406250000e-01
U367_U552_B,sa1,2,6.2500000000e-02
U536_U546_A,sa1,30,8.3007812500e-02
U537_U545_A,sa1,1,0.0000000000e+00
U564_U509_A,sa1,6,1.0937500000e-01
U564_U491_A,sa1,30,5.5053710938e-02
U376_U481_A,sa1,7,1.4111328125e-01
U459_U461_A,sa1,30,3.9607286453e-05
U427_U457_A,sa1,30,3.4570693970e-06
U408_U386_A,sa1,30,1.3842773438e-01
U365_U374_B,sa1,4,4.9018859863e-04
U481,sa1,8,7.7636718750e-02
U427,sa1,30,3.5873413086e-02
U371_U427_A,sa0,,3.5873413086e-02
U419,sa0,30,6.3499435782e-04
U365_U419_A,sa1,,6.3499435782e-04
U409,sa1,30,3.9065718651e-02
U387_U409_A,sa0,,3.9065718651e-02
U580,sa1,3,3.7500000000e-01
U571,sa1,30,5.4626464844e-02
U562,sa1,30,2.2857666016e-01
U392,sa0,5,3.1250000000e-02
U566,sa0,,3.1250000000e-02
U308_U566_A,sa0,,3.1250000000e-02
U360_U566_B,sa0,,3.1250000000e-02
MAR_REG_1__SCAN_IN_U566_C,sa0,,3.1250000000e-02
U565,sa0,,3.1250000000e-02
U364_U565_A,sa0,,3.1250000000e-02
U362_U565_B,sa0,,3.1250000000e-02
U359_U565_C,sa0,,3.1250000000e-02
MAR_REG_0__SCAN_IN_U565_D,sa0,,3.1250000000e-02
U391,sa1,14,5.3076171875e-01
U383,sa0,7,4.6875000000e-02
U567_U383_A,sa0,,4.6875000000e-02
U494,sa0,,4.6875000000e-02
U308_U494_A,sa0,,4.6875000000e-02
U417_U494_B,sa0,,4.6875000000e-02
U374,sa0,30,2.1478431858e-01
U415_U374_A,sa0,,2.1478431858e-01
U365_U374_B,sa0,,2.1478431858e-01
U382,sa1,25,9.7465515137e-04
X_REG_2__SCAN_IN_U382_A,sa0,,9.7465515137e-04
U365,sa0,30,1.8579483032e-01
U404,sa0,,1.8579483032e-01
U378,sa0,,1.8579483032e-01
MAR_REG_6__SCAN_IN_U378_A,sa1,,1.8579483032e-01
U377,sa0,,1.8579483032e-01
MAR_REG_7__SCAN_IN_U377_A,sa1,,1.8579483032e-01
U379,sa0,,1.8579483032e-01
MAR_REG_5__SCAN_IN_U379_A,sa1,,1.8579483032e-01
U380,sa0,,1.8579483032e-01
MAR_REG_4__SCAN_IN_U380_A,sa1,,1.8579483032e-01
MAR_REG_3__SCAN_IN_U404_E,sa0,,1.8579483032e-01
U418_U365_B,sa0,,1.8579483032e-01
U418,sa1,25,2.3169612885e-01
U363_U418_A,sa0,,2.3169612885e-01
U364,sa1,8,3.8574218750e-02
MAR_REG_3__SCAN_IN_U364_A,sa0,,3.8574218750e-02
U436,sa1,30,7.7392905951e-07
U356,sa0,30,4.6862737741e-01
U440,sa0,,4.6862737741e-01
U302_U440_A,sa0,,4.6862737741e-01
CONT_REG_5__SCAN_IN_U440_B,sa0,,4.6862737741e-01
U441,sa0,,4.6862737741e-01
U372_U441_A,sa0,,4.6862737741e-01
PUNTI_RETTA_REG_5__SCAN_IN_U441_B,sa0,,4.6862737741e-01
U439,sa0,,4.6862737741e-01
R182_U33_U439_A,sa0,,4.6862737741e-01
U303_U439_B,sa0,,4.6862737741e-01
U355,sa1,30,4.0270233154e-01
U445,sa1,23,9.5367431641e-07
U454,sa1,2,9.5367431641e-07
U463,sa1,30,4.6643209457e-01
U347,sa0,30,2.4987021089e-01
U467,sa0,,2.4987021089e-01
U459_U467_A,sa0,,2.4987021089e-01
CONT_REG_4__SCAN_IN_U467_B,sa0,,2.4987021089e-01
U466,sa0,,2.4987021089e-01
U301_U466_A,sa0,,2.4987021089e-01
R182_U35_U466_B,sa0,,2.4987021089e-01
U346,sa1,30,3.9840553701e-01
U472,sa1,30,4.2223930359e-04
U338,sa0,30,4.0686798096e-01
U485,sa0,,4.0686798096e-01
U564_U485_A,sa0,,4.0686798096e-01
X_REG_7__SCAN_IN_U485_B,sa0,,4.0686798096e-01
U413_U338_B,sa0,,4.0686798096e-01
U484,sa0,,4.0686798096e-01
U304_U484_A,sa0,,4.0686798096e-01
R182_U30_U484_B,sa0,,4.0686798096e-01
U337,sa1,30,2.9376053123e-01
U490,sa1,30,6.3354492188e-02
U508,sa1,5,1.2500000000e-01
U329,sa0,6,4.5312500000e-01
U414_U329_A,sa0,,4.5312500000e-01
U512,sa0,,4.5312500000e-01
U386_U512_A,sa0,,4.5312500000e-01
Y_REG_5__SCAN_IN_U512_B,sa0,,4.5312500000e-01
U328,sa1,14,5.4687500000e-01
U553,sa1,11,2.4975585938e-01
U535,sa1,2,6.2500000000e-02
U526,sa1,3,6.2500000000e-02
U319,sa1,30,2.4459838867e-02
U517,sa1,3,6.2500000000e-02
U544,sa1,30,1.8918886781e-04
U536,sa0,30,4.1993374936e-02
U374_U536_A,sa0,,4.1993374936e-02
U411_U536_B,sa0,,4.1993374936e-02
U373,sa1,21,9.7465515137e-04
U416_U577_A,sa1,5,9.3750000000e-02
U477_U561_A,sa1,10,2.1826171875e-01
U362_U557_C,sa1,7,4.6386718750e-02
U417_U557_B,sa1,5,1.4062500000e-01
U364_U555_C,sa1,6,2.2949218750e-02
U536_U538_A,sa1,30,3.9222717285e-02
U368_U535_A,sa1,3,6.2500000000e-02
U368_U526_A,sa1,30,2.1678924561e-02
U368_U517_A,sa1,30,1.0684013367e-02
U417_U494_B,sa1,3,3.1250000000e-02
U371_U478_A,sa1,4,2.7343750000e-02
U459_U471_A,sa1,30,3.1416058540e-02
U387_U325_C,sa1,3,1.8750000000e-01
U537,sa0,30,2.9529406130e-01
U385_U537_A,sa0,,2.9529406130e-01
U387_U537_B,sa0,,2.9529406130e-01
STATO_REG_2__SCAN_IN_U537_C,sa0,,2.9529406130e-01
U564,sa0,25,6.2255859375e-01
U393_U564_A,sa1,,6.2255859375e-01
U482,sa1,3,9.3750000000e-02
U428,sa1,11,2.4951171875e-01
U419,sa1,17,1.8676757813e-01
U365_U419_A,sa0,,1.8676757813e-01
U581,sa1,30,4.4379830360e-02
U572,sa1,3,3.7500000000e-01
U563,sa1,30,7.8125119209e-02
U392,sa1,11,2.1875000000e-01
U554,sa1,12,4.4580078125e-01
U383,sa1,9,2.0312500000e-01
U374,sa1,30,1.6025447845e-01
U366,sa0,4,6.2988281250e-02
START_U366_A,sa1,,6.2988281250e-02
U365,sa1,5,7.3337554932e-04
U357,sa0,30,4.6826115414e-01
U437,sa0,,4.6826115414e-01
U302_U437_A,sa0,,4.6826115414e-01
CONT_REG_6__SCAN_IN_U437_B,sa0,,4.6826115414e-01
U438,sa0,,4.6826115414e-01
U372_U438_A,sa0,,4.6826115414e-01
PUNTI_RETTA_REG_6__SCAN_IN_U438_B,sa0,,4.6826115414e-01
U436,sa0,,4.6826115414e-01
R182_U31_U436_A,sa0,,4.6826115414e-01
U303_U436_B,sa0,,4.6826115414e-01
U437,sa1,9,2.4318695068e-04
U356,sa1,30,4.0270280838e-01
U446,sa1,9,2.4318695068e-04
U455,sa1,9,2.4318695068e-04
U348,sa0,30,2.4985881150e-01
U465,sa0,,2.4985881150e-01
U459_U465_A,sa0,,2.4985881150e-01
CONT_REG_5__SCAN_IN_U465_B,sa0,,2.4985881150e-01
U464,sa0,,2.4985881150e-01
U301_U464_A,sa0,,2.4985881150e-01
R182_U33_U464_B,sa0,,2.4985881150e-01
U464,sa1,30,1.6207993031e-04
U347,sa1,30,3.9665126801e-01
U473,sa1,30,4.6643209457e-01
U339,sa0,5,2.8125000000e-01
U477_U339_A,sa0,,2.8125000000e-01
MAR_REG_4__SCAN_IN_U339_B,sa0,,2.8125000000e-01
U338,sa1,30,2.8587018157e-01
U491,sa1,4,3.1250000000e-01
U509,sa1,4,3.1250000000e-01
U329,sa1,14,5.4687500000e-01
U527,sa1,30,5.7128906250e-02
U518,sa1,30,2.3342132568e-02
U545,sa1,30,4.9496173859e-02
U536,sa1,30,8.9782968060e-02
U393,sa0,30,2.5203323364e-01
U563,sa0,,2.5203323364e-01
U423,sa0,,2.5203323364e-01
U406_U423_A,sa1,,2.5203323364e-01
STATO_REG_1__SCAN_IN_U563_B,sa0,,2.5203323364e-01
U562,sa0,,2.5203323364e-01
U367_U562_A,sa0,,2.5203323364e-01
STATO_REG_2__SCAN_IN_U562_B,sa0,,2.5203323364e-01
U375,sa0,25,6.3228607178e-02
U458,sa0,,6.3228607178e-02
U410,sa0,,6.3228607178e-02
U374_U410_A,sa1,,6.3228607178e-02
U432_U458_B,sa0,,6.3228607178e-02
U457,sa0,,6.3228607178e-02
U427_U457_A,sa0,,6.3228607178e-02
U307_U457_B,sa0,,6.3228607178e-02
U407_U578_A,sa1,30,3.5751342773e-02
U536_U548_A,sa1,16,9.3750000000e-02
U537_U547_A,sa1,1,0.0000000000e+00
U385_U537_A,sa1,18,1.2402343750e-01
U564_U493_A,sa1,30,9.7167968750e-02
U376_U483_A,sa1,7,1.8798828125e-01
U459_U463_A,sa1,30,3.9607286453e-05
U366_U429_B,sa1,3,6.2988281250e-02
U537,sa1,21,2.4366378784e-04
U564,sa1,30,1.6357421875e-01
U393_U564_A,sa0,,1.6357421875e-01
U483,sa1,9,1.2451171875e-01
U582,sa1,3,3.7500000000e-01
U573,sa1,30,4.5357704163e-02
U394,sa0,7,4.8437500000e-01
U569,sa0,,4.8437500000e-01
U386_U569_A,sa0,,4.8437500000e-01
Y_REG_1__SCAN_IN_U569_B,sa0,,4.8437500000e-01
U568,sa0,,4.8437500000e-01
U510_U568_A,sa0,,4.8437500000e-01
U501_U568_B,sa0,,4.8437500000e-01
U555,sa1,3,2.3437500000e-02
U384,sa1,30,4.8836550695e-04
X_REG_0__SCAN_IN_U384_A,sa0,,4.8836550695e-04
U367,sa0,30,2.6904296875e-01
STATO_REG_1__SCAN_IN_U367_A,sa1,,2.6904296875e-01
U366,sa1,4,6.2988281250e-02
START_U366_A,sa0,,6.2988281250e-02
U358,sa0,30,4.6874943189e-01
U434,sa0,,4.6874943189e-01
U302_U434_A,sa0,,4.6874943189e-01
CONT_REG_7__SCAN_IN_U434_B,sa0,,4.6874943189e-01
U435,sa0,,4.6874943189e-01
U372_U435_A,sa0,,4.6874943189e-01
PUNTI_RETTA_REG_7__SCAN_IN_U435_B,sa0,,4.6874943189e-01
U433,sa0,,4.6874943189e-01
R182_U30_U433_A,sa0,,4.6874943189e-01
U303_U433_B,sa0,,4.6874943189e-01
U357,sa1,30,4.0448448062e-01
U438,sa1,22,4.6850585938e-01
U447,sa1,22,4.6850585938e-01
U456,sa1,22,4.6850585938e-01
U349,sa0,30,2.4985311180e-01
U463,sa0,,2.4985311180e-01
U459_U463_A,sa0,,2.4985311180e-01
CONT_REG_6__SCAN_IN_U463_B,sa0,,2.4985311180e-01
U462,sa0,,2.4985311180e-01
U301_U462_A,sa0,,2.4985311180e-01
R182_U31_U462_B,sa0,,2.4985311180e-01
U348,sa1,30,3.8284660876e-01
U465,sa1,30,4.6643209457e-01
U474,sa1,9,4.8637390137e-04
U339,sa1,6,7.1875000000e-01
U492,sa1,30,7.4707031250e-02
U429,sa1,3,6.2988281250e-02
U385,sa0,30,4.3743541837e-01
U528,sa1,17,6.2500000000e-02
U519,sa1,30,3.8574218750e-02
U546,sa1,30,2.6178359985e-04
U376,sa0,22,4.3676757813e-01
U407_U376_A,sa0,,4.3676757813e-01
U476,sa0,,4.3676757813e-01
U307_U476_A,sa0,,4.3676757813e-01
U368_U476_B,sa0,,4.3676757813e-01
U374_U376_C,sa0,,4.3676757813e-01
U393,sa1,30,8.7776184082e-02
U375,sa1,30,7.6925493740e-03
U416_U579_A,sa1,30,5.2612304688e-02
U537_U539_A,sa1,1,0.0000000000e+00
U564_U485_A,sa1,30,5.8424472809e-02
U363_U478_B,sa1,6,2.2949218750e-02
U459_U473_A,sa1,26,3.1493186951e-02
U567_U383_A,sa1,5,3.1250000000e-02
U374_U376_C,sa1,9,1.2451171875e-01
U583,sa1,30,6.2400817871e-02
U574,sa1,3,3.7500000000e-01
U395,sa0,30,4.2926025391e-01
U571,sa0,,4.2926025391e-01
U416_U571_A,sa0,,4.2926025391e-01
R182_U37_U571_B,sa0,,4.2926025391e-01
U570,sa0,,4.2926025391e-01
U407_U570_A,sa0,,4.2926025391e-01
T_REG_3__SCAN_IN_U570_B,sa0,,4.2926025391e-01
U394,sa1,12,5.1562500000e-01
U565,sa1,3,1.5625000000e-02
U556,sa1,10,4.2236328125e-01
U386,sa0,30,1.4007568359e-01
U408_U386_A,sa0,,1.4007568359e-01
STATO_REG_2__SCAN_IN_U386_B,sa0,,1.4007568359e-01
U457,sa1,9,6.2255859375e-02
U367,sa1,30,1.5248088539e-01
STATO_REG_1__SCAN_IN_U367_A,sa0,,1.5248088539e-01
U359,sa0,9,1.5625000000e-01
MAR_REG_1__SCAN_IN_U359_A,sa1,,1.5625000000e-01
U358,sa1,30,4.0475678444e-01
U439,sa1,30,7.9721212387e-07
U448,sa1,11,9.5367431641e-07
U349,sa1,30,3.8224507868e-01
U466,sa1,30,1.7347931862e-04
U475,sa1,30,4.6643209457e-01
U484,sa1,30,9.4642639160e-02
U493,sa1,4,3.1250000000e-01
U385,sa1,4,1.2500000000e-01
STATO_REG_1__SCAN_IN_U385_A,sa1,,1.2500000000e-01
STATO_REG_0__SCAN_IN_U385_B,sa1,,1.2500000000e-01
U529,sa1,3,6.2500000000e-02
U547,sa1,30,1.4064407349e-01
U538,sa1,30,1.6129016876e-04
U376,sa1,30,5.6152343750e-01
U368,sa0,21,2.4877929688e-01
STATO_REG_2__SCAN_IN_U368_A,sa1,,2.4877929688e-01
U537_U549_A,sa1,21,2.4366378784e-04
U368_U529_A,sa1,30,7.8117370605e-02
U459_U465_A,sa1,30,4.0829181671e-05
U477_U339_A,sa1,4,2.1875000000e-01
U459,sa0,30,4.6606445313e-01
U375_U459_A,sa1,,4.6606445313e-01
U584,sa1,4,3.1250000000e-02
U575,sa1,30,1.1894226074e-01
U396,sa0,30,4.2033481598e-01
U573,sa0,,4.2033481598e-01
U416_U573_A,sa0,,4.2033481598e-01
R182_U33_U573_B,sa0,,4.2033481598e-01
U572,sa0,,4.2033481598e-01
U407_U572_A,sa0,,4.2033481598e-01
T_REG_5__SCAN_IN_U572_B,sa0,,4.2033481598e-01
U395,sa1,30,4.5031738281e-01
U566,sa1,3,1.5625000000e-02
U557,sa1,3,4.6875000000e-02
U386,sa1,30,1.1138916016e-01
U494,sa1,3,1.5625000000e-02
U567,sa0,13,2.1875000000e-01
U392_U567_A,sa1,,2.1875000000e-01
U377,sa1,5,7.3337554932e-04
MAR_REG_7__SCAN_IN_U377_A,sa0,,7.3337554932e-04
U476,sa1,9,6.2255859375e-02
U458,sa1,17,9.7274780273e-04
U359,sa1,14,1.4013671875e-01
MAR_REG_1__SCAN_IN_U359_A,sa0,,1.4013671875e-01
U449,sa1,9,2.4318695068e-04
U467,sa1,30,4.6643209457e-01
U477,sa0,17,5.4541015625e-01
U376_U477_A,sa1,,5.4541015625e-01
U485,sa1,4,3.1250000000e-01
U387,sa0,30,4.3782039732e-01
STATO_REG_2__SCAN_IN_U387_A,sa0,,4.3782039732e-01
STATO_REG_0__SCAN_IN_U387_B,sa0,,4.3782039732e-01
U548,sa1,30,1.0069370270e-02
U539,sa1,30,8.1261575222e-02
U368,sa1,30,6.0449444689e-02
STATO_REG_2__SCAN_IN_U368_A,sa0,,6.0449444689e-02
U383_U586_B,sa1,6,1.0156250000e-01
U387_U537_B,sa1,30,1.5865526212e-01
U383_U496_B,sa1,6,1.0156250000e-01
U564_U487_A,sa1,30,4.0390014648e-02
U459_U475_A,sa1,10,3.1736373901e-02
U495,sa1,5,3.1250000000e-02
U383_U495_A,sa0,,3.1250000000e-02
U459,sa1,30,5.9819221497e-04
U375_U459_A,sa0,,5.9819221497e-04
U585,sa1,4,4.3750000000e-01
U576,sa1,3,3.7500000000e-01
U397,sa0,30,4.9380493164e-01
U575,sa0,,4.9380493164e-01
U416_U575_A,sa0,,4.9380493164e-01
R182_U20_U575_B,sa0,,4.9380493164e-01
U574,sa0,,4.9380493164e-01
U407_U574_A,sa0,,4.9380493164e-01
T_REG_1__SCAN_IN_U574_B,sa0,,4.9380493164e-01
U396,sa1,30,4.4214344025e-01
U558,sa1,8,3.7548828125e-01
U388,sa0,13,4.6923828125e-01
U555,sa0,,4.6923828125e-01
U306_U555_A,sa0,,4.6923828125e-01
U418_U555_B,sa0,,4.6923828125e-01
U364_U555_C,sa0,,4.6923828125e-01
U554,sa0,,4.6923828125e-01
U479,sa0,,4.6923828125e-01
U376_U479_A,sa0,,4.6923828125e-01
U478,sa0,,4.6923828125e-01
U371_U478_A,sa0,,4.6923828125e-01
U363_U478_B,sa0,,4.6923828125e-01
MAR_REG_3__SCAN_IN_U554_B,sa0,,4.6923828125e-01
U567,sa1,5,3.1250000000e-02
U392_U567_A,sa0,,3.1250000000e-02
U378,sa1,5,7.3337554932e-04
MAR_REG_6__SCAN_IN_U378_A,sa0,,7.3337554932e-04
U369,sa1,10,1.2475585938e-01
STATO_REG_0__SCAN_IN_U369_A,sa0,,1.2475585938e-01
U468,sa1,30,1.9627809525e-04
U477,sa1,18,4.2333984375e-01
U376_U477_A,sa0,,4.2333984375e-01
U486,sa1,30,4.8103332520e-02
U387,sa1,30,2.4211502075e-01
U549,sa1,30,2.1681213379e-01
U386_U585_A,sa1,4,4.6875000000e-02
U359_U565_C,sa1,3,1.5625000000e-02
U368_U476_B,sa1,10,6.2500000000e-02
U459_U467_A,sa1,30,4.3645501137e-05
U478,sa1,7,1.6406250000e-01
U586,sa1,4,2.3437500000e-02
U398,sa0,4,4.0625000000e-01
U577,sa0,,4.0625000000e-01
U416_U577_A,sa0,,4.0625000000e-01
R182_U21_U577_B,sa0,,4.0625000000e-01
U576,sa0,,4.0625000000e-01
U407_U576_A,sa0,,4.0625000000e-01
T_REG_0__SCAN_IN_U576_B,sa0,,4.0625000000e-01
U577,sa1,2,3.1250000000e-02
U397,sa1,30,4.8413085938e-01
U568,sa1,4,4.6875000000e-02
U559,sa1,3,9.3750000000e-02
U389,sa0,11,4.6923828125e-01
U557,sa0,,4.6923828125e-01
U306_U557_A,sa0,,4.6923828125e-01
U417_U557_B,sa0,,4.6923828125e-01
U362_U557_C,sa0,,4.6923828125e-01
U556,sa0,,4.6923828125e-01
U481,sa0,,4.6923828125e-01
U376_U481_A,sa0,,4.6923828125e-01
U480,sa0,,4.6923828125e-01
U371_U480_A,sa0,,4.6923828125e-01
U361_U480_B,sa0,,4.6923828125e-01
MAR_REG_2__SCAN_IN_U556_B,sa0,,4.6923828125e-01
U388,sa1,15,5.3076171875e-01
U379,sa1,5,7.3337554932e-04
MAR_REG_5__SCAN_IN_U379_A,sa0,,7.3337554932e-04
U469,sa1,30,4.6643209457e-01
U487,sa1,4,3.1250000000e-01
U496,sa1,4,2.3437500000e-02
U564_U498_A,sa1,21,1.1328125000e-01
U564_U489_A,sa1,30,4.1931152344e-02
U376_U479_A,sa1,7,1.1767578125e-01
U479,sa1,7,5.4199218750e-02
U587,sa1,4,4.3750000000e-01
U399,sa0,30,4.2427825928e-01
U579,sa0,,4.2427825928e-01
U416_U579_A,sa0,,4.2427825928e-01
R182_U35_U579_B,sa0,,4.2427825928e-01
U578,sa0,,4.2427825928e-01
U407_U578_A,sa0,,4.2427825928e-01
T_REG_4__SCAN_IN_U578_B,sa0,,4.2427825928e-01
U578,sa1,3,3.7500000000e-01
U398,sa1,20,5.9375000000e-01
U569,sa1,4,4.3750000000e-01
U389,sa1,15,5.3076171875e-01
U488,sa1,30,5.7525634766e-02
U497,sa1,30,1.1718750000e-01
U386_U587_A,sa1,5,5.0781250000e-02
U386_U569_A,sa1,5,3.9062500000e-02
U359_U559_B,sa1,8,9.3261718750e-02
U459_U469_A,sa1,30,3.1329900026e-02
U399,sa1,30,4.4492340088e-01
U579,sa1,30,4.9369812012e-02
U489,sa1,4,3.1250000000e-01
U498,sa1,4,3.1250000000e-01
U499,sa1,5,4.6875000000e-02
U359_U499_A,sa1,5,4.6875000000e-02
R182_U6_R182_U96_B,sa1,30,6.6192626953e-02
U323_R182_U6_A,sa1,9,6.2500000000e-02
PUNTI_RETTA_REG_2__SCAN_IN_U450_B,sa1,22,4.6850585938e-01
U316_R182_U6_B,sa1,30,8.5937500000e-02
PUNTI_RETTA_REG_1__SCAN_IN_U453_B,sa1,22,4.6850585938e-01
PUNTI_RETTA_REG_5__SCAN_IN_U441_B,sa1,22,4.6850585938e-01
PUNTI_RETTA_REG_0__SCAN_IN,sa0,2,5.0000000000e-01
T_REG_1__SCAN_IN_U531_B,sa1,7,6.2500000000e-02
PUNTI_RETTA_REG_0__SCAN_IN_U456_B,sa1,18,4.6850585938e-01
PUNTI_RETTA_REG_0__SCAN_IN,sa1,2,5.0000000000e-01
PUNTI_RETTA_REG_1__SCAN_IN,sa0,2,5.0000000000e-01
PUNTI_RETTA_REG_4__SCAN_IN_U444_B,sa1,22,4.6850585938e-01
R182_U4,sa1,23,2.1899366379e-01
U316_R182_U4_A,sa0,,2.1899366379e-01
PUNTI_RETTA_REG_1__SCAN_IN,sa1,2,5.0000000000e-01
PUNTI_RETTA_REG_2__SCAN_IN,sa0,2,5.0000000000e-01
T_REG_0__SCAN_IN_U534_B,sa1,3,6.2500000000e-02
R182_U6,sa0,30,7.6339483261e-02
U323_R182_U6_A,sa0,,7.6339483261e-02
U316_R182_U6_B,sa0,,7.6339483261e-02
R182_U5,sa1,23,2.1899366379e-01
U323_R182_U5_A,sa0,,2.1899366379e-01
PUNTI_RETTA_REG_2__SCAN_IN,sa1,2,5.0000000000e-01
PUNTI_RETTA_REG_3__SCAN_IN,sa0,2,5.0000000000e-01
T_REG_4__SCAN_IN_U522_B,sa1,30,3.3691406250e-02
PUNTI_RETTA_REG_3__SCAN_IN_U447_B,sa1,22,4.6850585938e-01
R182_U6,sa1,30,9.7442626953e-02
PUNTI_RETTA_REG_3__SCAN_IN,sa1,2,5.0000000000e-01
PUNTI_RETTA_REG_4__SCAN_IN,sa0,2,5.0000000000e-01
Y_REG_1__SCAN_IN_U530_B,sa1,30,8.1085205078e-02
X_REG_1__SCAN_IN_U504_B,sa1,4,3.1250000000e-01
PUNTI_RETTA_REG_7__SCAN_IN_U435_B,sa1,22,4.6850585938e-01
R182_U7,sa1,30,1.4260864258e-01
U315_R182_U7_A,sa0,,1.4260864258e-01
T_REG_0__SCAN_IN,sa0,3,3.7500000000e-01
PUNTI_RETTA_REG_4__SCAN_IN,sa1,2,5.0000000000e-01
PUNTI_RETTA_REG_5__SCAN_IN,sa0,2,5.0000000000e-01
T_REG_3__SCAN_IN_U570_B,sa1,3,3.7500000000e-01
X_REG_0__SCAN_IN_U551_B,sa1,7,2.1875000000e-01
X_REG_1__SCAN_IN_U532_B,sa1,3,6.2500000000e-02
T_REG_3__SCAN_IN_U525_B,sa1,30,5.4199218750e-02
Y_REG_3__SCAN_IN_U511_B,sa1,4,4.3750000000e-01
R182_U8,sa1,30,1.2210083008e-01
U322_R182_U8_A,sa0,,1.2210083008e-01
T_REG_0__SCAN_IN,sa1,3,3.7500000000e-01
T_REG_1__SCAN_IN,sa0,3,3.7500000000e-01
PUNTI_RETTA_REG_5__SCAN_IN,sa1,2,5.0000000000e-01
PUNTI_RETTA_REG_6__SCAN_IN,sa0,2,5.0000000000e-01
Y_REG_0__SCAN_IN_U533_B,sa1,3,6.2500000000e-02
X_REG_5__SCAN_IN_U520_B,sa1,3,6.2500000000e-02
PUNTI_RETTA_REG_6__SCAN_IN_U438_B,sa1,22,4.6850585938e-01
STATO_REG_2__SCAN_IN_U300_B,sa1,30,5.8471679688e-02
R182_U9,sa1,30,9.6706390381e-02
U314_R182_U9_A,sa0,,9.6706390381e-02
T_REG_1__SCAN_IN,sa1,3,3.7500000000e-01
T_REG_2__SCAN_IN,sa0,3,3.7500000000e-01
PUNTI_RETTA_REG_6__SCAN_IN,sa1,2,5.0000000000e-01
PUNTI_RETTA_REG_7__SCAN_IN,sa0,2,5.0000000000e-01
T_REG_2__SCAN_IN_U582_B,sa1,3,3.7500000000e-01
T_REG_1__SCAN_IN_U574_B,sa1,3,3.7500000000e-01
X_REG_0__SCAN_IN_U535_B,sa1,2,6.2500000000e-02
T_REG_2__SCAN_IN_U528_B,sa1,17,6.2500000000e-02
Y_REG_4__SCAN_IN_U521_B,sa1,30,1.4739990234e-02
STATO_REG_2__SCAN_IN_U301_B,sa1,9,6.2011718750e-02
T_REG_2__SCAN_IN,sa1,3,3.7500000000e-01
T_REG_3__SCAN_IN,sa0,3,3.7500000000e-01
PUNTI_RETTA_REG_7__SCAN_IN,sa1,2,5.0000000000e-01
T_REG_0__SCAN_IN_U576_B,sa1,3,3.7500000000e-01
X_REG_4__SCAN_IN_U523_B,sa1,3,6.2500000000e-02
T_REG_6__SCAN_IN_U516_B,sa1,30,1.4526367188e-02
Y_REG_4__SCAN_IN_U513_B,sa1,4,4.3750000000e-01
Y_REG_5__SCAN_IN_U512_B,sa1,4,4.3750000000e-01
X_REG_0__SCAN_IN_U509_B,sa1,4,3.1250000000e-01
STATO_REG_0__SCAN_IN_U430_B,sa1,9,6.2255859375e-02
X_REG_4__SCAN_IN_U405_D,sa0,30,7.3065425568e-04
X_REG_5__SCAN_IN_U405_C,sa0,23,9.7465515137e-04
X_REG_6__SCAN_IN_U405_B,sa0,23,9.7465515137e-04
X_REG_7__SCAN_IN_U405_A,sa0,23,9.7465515137e-04
T_REG_3__SCAN_IN,sa1,3,3.7500000000e-01
T_REG_4__SCAN_IN,sa0,3,3.7500000000e-01
X_REG_0__SCAN_IN,sa0,8,4.3750000000e-01
T_REG_6__SCAN_IN_U580_B,sa1,3,3.7500000000e-01
T_REG_5__SCAN_IN_U572_B,sa1,3,3.7500000000e-01
X_REG_5__SCAN_IN_U541_B,sa1,30,4.1120816022e-02
Y_REG_3__SCAN_IN_U524_B,sa1,30,2.2224429063e-02
STATO_REG_1__SCAN_IN_U421_B,sa1,10,2.4951171875e-01
Y_REG_0__SCAN_IN,sa0,4,4.3750000000e-01
T_REG_4__SCAN_IN,sa1,3,3.7500000000e-01
T_REG_5__SCAN_IN,sa0,3,3.7500000000e-01
X_REG_0__SCAN_IN,sa1,8,4.3750000000e-01
X_REG_1__SCAN_IN,sa0,16,4.3750000000e-01
X_REG_4__SCAN_IN_U543_B,sa1,30,4.6153548174e-02
X_REG_3__SCAN_IN_U526_B,sa1,3,6.2500000000e-02
T_REG_5__SCAN_IN_U519_B,sa1,30,2.7343750000e-02
STATO_REG_0__SCAN_IN_U406_B,sa0,3,1.8750000000e-01
Y_REG_0__SCAN_IN,sa1,4,4.3750000000e-01
Y_REG_1__SCAN_IN,sa0,4,4.3750000000e-01
T_REG_5__SCAN_IN,sa1,3,3.7500000000e-01
T_REG_6__SCAN_IN,sa0,3,3.7500000000e-01
X_REG_2__SCAN_IN,sa0,30,4.2382812500e-01
X_REG_1__SCAN_IN,sa1,16,4.3750000000e-01
X_REG_3__SCAN_IN_U545_B,sa1,30,5.1882746629e-02
Y_REG_2__SCAN_IN_U527_B,sa1,30,3.0405047350e-02
Y_REG_6__SCAN_IN_U514_B,sa1,4,4.3750000000e-01
STATO_REG_2__SCAN_IN_U422_B,sa1,3,2.5024414063e-01
STATO_REG_2__SCAN_IN_U406_A,sa0,30,2.3190307617e-01
X_REG_1__SCAN_IN_U373_E,sa1,25,9.7465515137e-04
STATO_REG_0__SCAN_IN_U307_B,sa1,8,1.8750000000e-01
Y_REG_1__SCAN_IN,sa1,4,4.3750000000e-01
Y_REG_2__SCAN_IN,sa0,4,4.3750000000e-01
T_REG_6__SCAN_IN,sa1,3,3.7500000000e-01
X_REG_2__SCAN_IN,sa1,30,4.2382812500e-01
X_REG_3__SCAN_IN,sa0,30,3.8720703125e-01
X_REG_2__SCAN_IN_U547_B,sa1,30,5.5606842972e-02
X_REG_2__SCAN_IN_U529_B,sa1,3,6.2500000000e-02
Y_REG_6__SCAN_IN_U515_B,sa1,30,1.0684013367e-02
X_REG_4__SCAN_IN_U491_B,sa1,4,3.1250000000e-01
STATO_REG_0__SCAN_IN_U407_B,sa1,10,2.5000000000e-01
STATO_REG_1__SCAN_IN_U407_A,sa1,11,2.5000000000e-01
STATO_REG_1__SCAN_IN_U371_B,sa0,17,1.2498474121e-01
STATO_REG_2__SCAN_IN_U371_A,sa0,30,6.2500527932e-02
STATO_REG_1__SCAN_IN_U370_B,sa1,30,2.4958420167e-01
STATO_REG_2__SCAN_IN_U370_A,sa1,30,1.7860792956e-02
Y_REG_2__SCAN_IN,sa1,4,4.3750000000e-01
Y_REG_3__SCAN_IN,sa0,4,4.3750000000e-01
X_REG_4__SCAN_IN,sa0,30,3.6938476563e-01
X_REG_3__SCAN_IN,sa1,30,3.7939453125e-01
Y_REG_0__SCAN_IN_U585_B,sa1,4,4.3750000000e-01
X_REG_1__SCAN_IN_U549_B,sa1,30,1.8653869629e-01
X_REG_6__SCAN_IN_U517_B,sa1,3,6.2500000000e-02
X_REG_3__SCAN_IN_U493_B,sa1,4,3.1250000000e-01
Y_REG_4__SCAN_IN,sa0,4,4.3750000000e-01
Y_REG_3__SCAN_IN,sa1,4,4.3750000000e-01
X_REG_4__SCAN_IN,sa1,30,3.6315917969e-01
X_REG_5__SCAN_IN,sa0,30,3.5717773438e-01
T_REG_4__SCAN_IN_U578_B,sa1,3,3.7500000000e-01
Y_REG_5__SCAN_IN_U518_B,sa1,30,1.1493682861e-02
Y_REG_4__SCAN_IN,sa1,4,4.3750000000e-01
Y_REG_5__SCAN_IN,sa0,4,4.3750000000e-01
X_REG_5__SCAN_IN,sa1,30,3.5717773438e-01
X_REG_6__SCAN_IN,sa0,30,3.5466003418e-01
STATO_REG_1__SCAN_IN_U553_B,sa1,11,2.4975585938e-01
Y_REG_6__SCAN_IN,sa0,4,4.3750000000e-01
Y_REG_5__SCAN_IN,sa1,4,4.3750000000e-01
X_REG_6__SCAN_IN,sa1,30,3.5466003418e-01
X_REG_7__SCAN_IN,sa0,4,3.1250000000e-01
STATO_REG_0__SCAN_IN,sa0,30,4.3670654297e-01
Y_REG_1__SCAN_IN_U569_B,sa1,4,4.3750000000e-01
STATO_REG_1__SCAN_IN_U563_B,sa1,30,8.6669921875e-03
STATO_REG_2__SCAN_IN_U562_B,sa1,30,3.1414031982e-02
STATO_REG_0__SCAN_IN_U385_B,sa0,4,1.8750000000e-01
STATO_REG_1__SCAN_IN_U385_A,sa0,30,1.2499809452e-01
Y_REG_6__SCAN_IN,sa1,4,4.3750000000e-01
X_REG_7__SCAN_IN,sa1,4,3.1250000000e-01
STATO_REG_1__SCAN_IN,sa0,30,4.9951171875e-01
STATO_REG_0__SCAN_IN,sa1,30,4.9218750000e-01
Y_REG_2__SCAN_IN_U587_B,sa1,4,4.3750000000e-01
X_REG_6__SCAN_IN_U539_B,sa1,30,5.3345143795e-02
X_REG_2__SCAN_IN_U498_B,sa1,4,3.1250000000e-01
STATO_REG_1__SCAN_IN,sa1,27,5.0000000000e-01
STATO_REG_2__SCAN_IN,sa0,15,5.0000000000e-01
X_REG_7__SCAN_IN_U485_B,sa1,4,3.1250000000e-01
STATO_REG_2__SCAN_IN,sa1,15,5.0000000000e-01
STATO_REG_2__SCAN_IN_U537_C,sa1,8,1.2402343750e-01
X_REG_6__SCAN_IN_U487_B,sa1,4,3.1250000000e-01
STATO_REG_0__SCAN_IN_U387_B,sa1,30,1.2526344928e-01
X_REG_5__SCAN_IN_U489_B,sa1,4,3.1250000000e-01
START_U420_A,sa1,2,2.4414062500e-04
STATO_REG_2__SCAN_IN_U387_A,sa1,3,1.8750000000e-01
STATO_REG_2__SCAN_IN_U386_B,sa1,30,7.5805664063e-02
R182_U40_R182_U42_A,sa1,30,7.4230195023e-02
CONT_REG_0__SCAN_IN_U550_B,sa1,20,3.1493663788e-02
START_U307_A,sa1,5,6.2500000000e-02
R182_U22_R182_U71_A,sa1,30,4.1933059692e-02
R182_U60_R182_U61_A,sa1,30,1.6009100713e-02
CONT_REG_1__SCAN_IN_U452_B,sa1,9,2.4318695068e-04
R182_U60_R182_U70_B,sa1,30,4.1933059692e-02
CONT_REG_5__SCAN_IN_U440_B,sa1,9,2.4318695068e-04
R182_U24_R182_U81_A,sa1,30,6.1164200306e-02
R182_U36_R182_U50_B,sa1,30,9.3031860888e-04
CONT_REG_5__SCAN_IN_U540_B,sa1,30,2.6263296604e-07
CONT_REG_2__SCAN_IN_U471_B,sa1,30,4.6789646149e-01
CONT_REG_0__SCAN_IN_U455_B,sa1,9,2.4318695068e-04
CONT_REG_0__SCAN_IN,sa0,30,3.7512111664e-01
CONT_REG_4__SCAN_IN_U542_B,sa1,30,3.2501295209e-05
CONT_REG_1__SCAN_IN_U473_B,sa1,30,4.6789646149e-01
CONT_REG_4__SCAN_IN_U443_B,sa1,9,2.4318695068e-04
CONT_REG_0__SCAN_IN,sa1,30,3.7512111664e-01
CONT_REG_1__SCAN_IN,sa0,30,3.4375000000e-01
START,sa0,11,6.2988281250e-02
R182_U34_R182_U81_B,sa1,30,3.9321899414e-02
R182_U17_R182_U71_B,sa1,30,3.4613490105e-02
R182_U34_R182_U54_B,sa1,30,2.0648539066e-03
CONT_REG_3__SCAN_IN_U544_B,sa1,30,6.5002618358e-03
CONT_REG_0__SCAN_IN_U475_B,sa1,30,4.5239543915e-01
CONT_REG_1__SCAN_IN,sa1,30,3.4375000000e-01
CONT_REG_2__SCAN_IN,sa0,30,2.4996709824e-01
START,sa1,4,6.2988281250e-02
R182_U26_R182_U91_A,sa1,30,7.9130172729e-02
R182_U23_R182_U76_A,sa1,30,4.2736053467e-02
R182_U17_R182_U63_B,sa1,30,7.8126890585e-03
R182_U19_R182_U61_B,sa1,30,1.8250278197e-02
CONT_REG_2__SCAN_IN_U546_B,sa1,30,1.1714952998e-02
CONT_REG_3__SCAN_IN_U446_B,sa1,9,2.4318695068e-04
CONT_REG_2__SCAN_IN,sa1,30,2.4996709824e-01
CONT_REG_3__SCAN_IN,sa0,30,2.4993932247e-01
R182_U40_R182_U95_B,sa1,30,1.1337256432e-01
R182_U32_R182_U76_B,sa1,30,3.6595463753e-02
R182_U32_R182_U58_B,sa1,30,7.2870403528e-05
CONT_REG_1__SCAN_IN_U548_B,sa1,30,1.7593383789e-02
CONT_REG_7__SCAN_IN_U461_B,sa1,30,4.5239543915e-01
CONT_REG_7__SCAN_IN_U434_B,sa1,9,2.4318695068e-04
CONT_REG_3__SCAN_IN,sa1,30,2.4993932247e-01
CONT_REG_4__SCAN_IN,sa0,30,2.4992787838e-01
CONT_REG_6__SCAN_IN_U463_B,sa1,30,4.6789646149e-01
CONT_REG_2__SCAN_IN_U449_B,sa1,9,2.4318695068e-04
CONT_REG_7__SCAN_IN_U309_B,sa1,30,2.0889099687e-05
CONT_REG_4__SCAN_IN,sa1,30,2.4992787838e-01
CONT_REG_5__SCAN_IN,sa0,30,2.4991577864e-01
R182_U25_R182_U86_A,sa1,30,6.5342426300e-02
CONT_REG_5__SCAN_IN_U465_B,sa1,30,4.6789646149e-01
CONT_REG_6__SCAN_IN_U437_B,sa1,9,2.4318695068e-04
CONT_REG_5__SCAN_IN,sa1,30,2.4991577864e-01
CONT_REG_6__SCAN_IN,sa0,30,2.4994313717e-01
R182_U38_R182_U91_B,sa1,30,5.8303833008e-02
R182_U38_R182_U46_B,sa1,30,5.7320641354e-03
CONT_REG_4__SCAN_IN_U467_B,sa1,30,4.6789646149e-01
CONT_REG_6__SCAN_IN,sa1,30,2.4994313717e-01
CONT_REG_7__SCAN_IN,sa0,30,2.4997735023e-01
R182_U29_R182_U65_B,sa1,30,2.6040151715e-04
CONT_REG_6__SCAN_IN_U538_B,sa1,30,4.5495573431e-05
CONT_REG_3__SCAN_IN_U469_B,sa1,30,4.6789646149e-01
CONT_REG_7__SCAN_IN,sa1,30,2.4997735023e-01
R182_U27_R182_U96_A,sa1,30,1.4074683189e-01
R182_U36_R182_U86_B,sa1,30,4.7992706299e-02
R182_U19_R182_U67_B,sa1,30,4.1933059692e-02
MAR_REG_3__SCAN_IN_U500_B,sa1,3,1.5625000000e-02
out_PUNTI_RETTA_REG_0__SCAN_IN,sa0,2,5.0000000000e-01
PUNTI_RETTA_REG_0__SCAN_IN_out_PUNTI_RETTA_REG_0__SCAN_IN_A,sa0,,5.0000000000e-01
out_PUNTI_RETTA_REG_0__SCAN_IN,sa1,2,5.0000000000e-01
PUNTI_RETTA_REG_0__SCAN_IN_out_PUNTI_RETTA_REG_0__SCAN_IN_A,sa1,,5.0000000000e-01
out_PUNTI_RETTA_REG_1__SCAN_IN,sa0,2,5.0000000000e-01
PUNTI_RETTA_REG_1__SCAN_IN_out_PUNTI_RETTA_REG_1__SCAN_IN_A,sa0,,5.0000000000e-01
U320_R182_U51_A,sa1,30,2.5845505297e-04
R182_U20_U503_B,sa1,16,1.2500000000e-01
MAR_REG_0__SCAN_IN_U361_B,sa1,30,2.2705078125e-02
MAR_REG_1__SCAN_IN_U361_A,sa1,30,8.4228515625e-02
out_PUNTI_RETTA_REG_1__SCAN_IN,sa1,2,5.0000000000e-01
PUNTI_RETTA_REG_1__SCAN_IN_out_PUNTI_RETTA_REG_1__SCAN_IN_A,sa1,,5.0000000000e-01
out_PUNTI_RETTA_REG_2__SCAN_IN,sa0,2,5.0000000000e-01
PUNTI_RETTA_REG_2__SCAN_IN_out_PUNTI_RETTA_REG_2__SCAN_IN_A,sa0,,5.0000000000e-01
U322_R182_U41_B,sa0,30,9.2544555664e-03
MAR_REG_1__SCAN_IN_U505_C,sa0,3,3.1250000000e-02
MAR_REG_2__SCAN_IN_U505_B,sa0,3,3.1250000000e-02
MAR_REG_3__SCAN_IN_U505_A,sa0,3,3.1250000000e-02
R182_U20_U451_A,sa1,6,9.5367431641e-07
out_PUNTI_RETTA_REG_2__SCAN_IN,sa1,2,5.0000000000e-01
PUNTI_RETTA_REG_2__SCAN_IN_out_PUNTI_RETTA_REG_2__SCAN_IN_A,sa1,,5.0000000000e-01
out_PUNTI_RETTA_REG_3__SCAN_IN,sa0,2,5.0000000000e-01
PUNTI_RETTA_REG_3__SCAN_IN_out_PUNTI_RETTA_REG_3__SCAN_IN_A,sa0,,5.0000000000e-01
U310_R182_U63_A,sa1,30,1.6510009766e-02
U312_R182_U53_A,sa0,30,4.7312593088e-03
U315_R182_U41_A,sa0,30,2.4406434037e-02
MAR_REG_0__SCAN_IN_U561_B,sa1,4,2.8125000000e-01
R182_U30_U433_A,sa1,30,8.3341728896e-07
MAR_REG_5__SCAN_IN_U340_B,sa1,6,2.8173828125e-01
out_PUNTI_RETTA_REG_3__SCAN_IN,sa1,2,5.0000000000e-01
PUNTI_RETTA_REG_3__SCAN_IN_out_PUNTI_RETTA_REG_3__SCAN_IN_A,sa1,,5.0000000000e-01
out_PUNTI_RETTA_REG_4__SCAN_IN,sa0,2,5.0000000000e-01
PUNTI_RETTA_REG_4__SCAN_IN_out_PUNTI_RETTA_REG_4__SCAN_IN_A,sa0,,5.0000000000e-01
U313_R182_U51_B,sa1,30,3.2737283036e-03
U322_R182_U43_A,sa1,30,3.4624100663e-02
R182_U30_U460_B,sa1,30,2.7477741241e-04
out_PUNTI_RETTA_REG_4__SCAN_IN,sa1,2,5.0000000000e-01
PUNTI_RETTA_REG_4__SCAN_IN_out_PUNTI_RETTA_REG_4__SCAN_IN_A,sa1,,5.0000000000e-01
out_PUNTI_RETTA_REG_5__SCAN_IN,sa0,2,5.0000000000e-01
PUNTI_RETTA_REG_5__SCAN_IN_out_PUNTI_RETTA_REG_5__SCAN_IN_A,sa0,,5.0000000000e-01
U320_R182_U82_A,sa1,30,9.9414110184e-02
U311_R182_U73_A,sa1,30,8.9119324461e-02
U321_R182_U45_B,sa0,30,2.0022870973e-02
MAR_REG_3__SCAN_IN_U404_E,sa1,5,7.3337554932e-04
MAR_REG_2__SCAN_IN_U363_B,sa1,30,6.0791015625e-02
MAR_REG_6__SCAN_IN_U341_B,sa1,6,2.8173828125e-01
MAR_REG_3__SCAN_IN_U308_B,sa1,5,3.1250000000e-02
MAR_REG_0__SCAN_IN,sa0,17,4.6875000000e-01
out_PUNTI_RETTA_REG_5__SCAN_IN,sa1,2,5.0000000000e-01
PUNTI_RETTA_REG_5__SCAN_IN_out_PUNTI_RETTA_REG_5__SCAN_IN_A,sa1,,5.0000000000e-01
out_PUNTI_RETTA_REG_6__SCAN_IN,sa0,2,5.0000000000e-01
PUNTI_RETTA_REG_6__SCAN_IN_out_PUNTI_RETTA_REG_6__SCAN_IN_A,sa0,,5.0000000000e-01
U311_R182_U57_A,sa0,30,3.9903968573e-03
U314_R182_U45_A,sa0,30,8.3227306604e-03
R182_U20_U472_B,sa1,30,4.2223930359e-04
R182_U21_U454_A,sa1,2,9.5367431641e-07
MAR_REG_0__SCAN_IN,sa1,30,4.6557617188e-01
MAR_REG_1__SCAN_IN,sa0,15,4.6875000000e-01
out_PUNTI_RETTA_REG_6__SCAN_IN,sa1,2,5.0000000000e-01
PUNTI_RETTA_REG_6__SCAN_IN_out_PUNTI_RETTA_REG_6__SCAN_IN_A,sa1,,5.0000000000e-01
out_PUNTI_RETTA_REG_7__SCAN_IN,sa0,2,5.0000000000e-01
PUNTI_RETTA_REG_7__SCAN_IN_out_PUNTI_RETTA_REG_7__SCAN_IN_A,sa0,,5.0000000000e-01
U312_R182_U55_B,sa1,30,2.9464112595e-03
U321_R182_U47_A,sa1,30,3.2631466165e-03
U315_R182_U43_B,sa1,30,2.5390625000e-02
R182_U21_U508_B,sa1,6,1.2500000000e-01
R182_U31_U462_B,sa1,30,2.1991133690e-04
R182_U31_U436_A,sa1,30,7.3667615652e-07
MAR_REG_7__SCAN_IN_U342_B,sa1,6,2.8173828125e-01
R182_U10,sa1,30,1.0254669189e-01
U321_R182_U10_A,sa0,,1.0254669189e-01
R182_U20,sa0,30,1.7572021484e-01
R182_U96,sa0,,1.7572021484e-01
R182_U27_R182_U96_A,sa0,,1.7572021484e-01
R182_U6_R182_U96_B,sa0,,1.7572021484e-01
R182_U95,sa0,,1.7572021484e-01
R182_U94,sa0,,1.7572021484e-01
R182_U27_R182_U94_A,sa1,,1.7572021484e-01
R182_U40_R182_U95_B,sa0,,1.7572021484e-01
MAR_REG_2__SCAN_IN,sa0,14,4.6875000000e-01
MAR_REG_1__SCAN_IN,sa1,30,4.6606445313e-01
out_PUNTI_RETTA_REG_7__SCAN_IN,sa1,2,5.0000000000e-01
PUNTI_RETTA_REG_7__SCAN_IN_out_PUNTI_RETTA_REG_7__SCAN_IN_A,sa1,,5.0000000000e-01
U313_R182_U83_A,sa1,30,1.0245794058e-01
U310_R182_U68_A,sa1,30,9.0514898300e-02
U320_R182_U49_B,sa0,30,5.0945626572e-03
MAR_REG_3__SCAN_IN_U554_B,sa1,7,4.4531250000e-01
R182_U35_U442_A,sa1,30,8.5681676865e-07
R182_U11,sa1,30,9.0029239655e-02
U313_R182_U11_A,sa0,,9.0029239655e-02
R182_U21,sa0,15,1.5649366379e-01
R182_U98,sa0,,1.5649366379e-01
U316_R182_U98_A,sa0,,1.5649366379e-01
R182_U5,sa0,,1.5649366379e-01
U323_R182_U5_A,sa1,,1.5649366379e-01
R182_U97,sa0,,1.5649366379e-01
U323_R182_U97_A,sa0,,1.5649366379e-01
R182_U4,sa0,,1.5649366379e-01
U316_R182_U4_A,sa1,,1.5649366379e-01
R182_U20,sa1,30,6.4636230469e-02
R182_U30,sa0,30,6.3233249239e-02
R182_U66,sa0,,6.3233249239e-02
R182_U64,sa0,,6.3233249239e-02
R182_U29_R182_U64_A,sa1,,6.3233249239e-02
R182_U28,sa0,,6.3233249239e-02
U309_R182_U28_A,sa1,,6.3233249239e-02
R182_U65,sa0,,6.3233249239e-02
U309_R182_U65_A,sa0,,6.3233249239e-02
R182_U29_R182_U65_B,sa0,,6.3233249239e-02
MAR_REG_2__SCAN_IN,sa1,30,4.6630859375e-01
MAR_REG_3__SCAN_IN,sa0,19,4.6875000000e-01
U322_R182_U93_A,sa1,30,1.2707281113e-01
U317_R182_U62_A,sa1,30,7.3262164369e-04
U313_R182_U49_A,sa0,30,3.9258273318e-03
R182_U31_U581_B,sa1,30,6.6364884377e-02
MAR_REG_0__SCAN_IN_U565_D,sa1,3,1.5625000000e-02
MAR_REG_2__SCAN_IN_U556_B,sa1,6,4.2187500000e-01
R182_U21_U474_B,sa1,9,4.8637390137e-04
R182_U40,sa0,30,7.9174041748e-02
R182_U6_R182_U40_A,sa1,,7.9174041748e-02
R182_U22,sa0,30,3.4541241825e-02
R182_U68,sa0,,3.4541241825e-02
U310_R182_U68_A,sa0,,3.4541241825e-02
R182_U18,sa0,,3.4541241825e-02
U317_R182_U18_A,sa1,,3.4541241825e-02
R182_U67,sa0,,3.4541241825e-02
U317_R182_U67_A,sa0,,3.4541241825e-02
R182_U19_R182_U67_B,sa0,,3.4541241825e-02
R182_U12,sa1,30,9.0029239655e-02
U320_R182_U12_A,sa0,,9.0029239655e-02
R182_U21,sa1,27,3.4399366379e-01
R182_U31,sa0,30,5.2332878113e-02
R182_U71,sa0,,5.2332878113e-02
R182_U22_R182_U71_A,sa0,,5.2332878113e-02
R182_U17_R182_U71_B,sa0,,5.2332878113e-02
R182_U70,sa0,,5.2332878113e-02
R182_U69,sa0,,5.2332878113e-02
R182_U22_R182_U69_A,sa1,,5.2332878113e-02
R182_U60_R182_U70_B,sa0,,5.2332878113e-02
R182_U30,sa1,30,6.6942889243e-02
MAR_REG_4__SCAN_IN,sa0,9,2.8198337555e-01
MAR_REG_3__SCAN_IN,sa1,30,4.6655273438e-01
U315_R182_U92_A,sa1,30,1.2327528000e-01
U311_R182_U59_B,sa1,30,7.1841478348e-04
U314_R182_U47_B,sa1,30,2.0504001528e-02
R182_U20_U575_B,sa1,30,1.1621093750e-01
MAR_REG_1__SCAN_IN_U566_C,sa1,3,1.5625000000e-02
MAR_REG_1__SCAN_IN_U558_B,sa1,5,3.7500000000e-01
R182_U30_U484_B,sa1,30,9.8660469055e-02
MAR_REG_4__SCAN_IN_U339_B,sa1,6,2.8173828125e-01
R182_U40,sa1,30,3.4427642822e-02
R182_U6_R182_U40_A,sa0,,3.4427642822e-02
R182_U32,sa0,30,5.2642822266e-02
R182_U55,sa0,,5.2642822266e-02
U319_R182_U55_A,sa0,,5.2642822266e-02
U312_R182_U55_B,sa0,,5.2642822266e-02
R182_U54,sa0,,5.2642822266e-02
R182_U53,sa0,,5.2642822266e-02
R182_U34_R182_U54_B,sa0,,5.2642822266e-02
R182_U23,sa0,30,3.4902364016e-02
R182_U73,sa0,,3.4902364016e-02
U311_R182_U73_A,sa0,,3.4902364016e-02
R182_U16,sa0,,3.4902364016e-02
U318_R182_U16_A,sa1,,3.4902364016e-02
R182_U72,sa0,,3.4902364016e-02
U318_R182_U72_A,sa0,,3.4902364016e-02
R182_U15,sa0,,3.4902364016e-02
U311_R182_U15_A,sa1,,3.4902364016e-02
R182_U22,sa1,30,5.5578649044e-02
R182_U13,sa1,30,7.7194213867e-02
U312_R182_U13_A,sa0,,7.7194213867e-02
R182_U31,sa1,30,1.9089281559e-02
MAR_REG_5__SCAN_IN,sa0,9,2.8198337555e-01
MAR_REG_4__SCAN_IN,sa1,8,2.8198337555e-01
U321_R182_U87_A,sa1,30,1.0535281897e-01
U312_R182_U78_A,sa1,30,9.1883182526e-02
U318_R182_U72_A,sa1,30,9.2093229294e-02
U319_R182_U53_B,sa0,30,3.9063449949e-03
MAR_REG_0__SCAN_IN_U559_C,sa1,3,9.3750000000e-02
R182_U33_U464_B,sa1,30,2.1991133690e-04
R182_U60,sa0,30,1.9679223187e-02
R182_U17_R182_U60_A,sa1,,1.9679223187e-02
R182_U41,sa1,30,3.9436340332e-02
U315_R182_U41_A,sa1,,3.9436340332e-02
U322_R182_U41_B,sa1,,3.9436340332e-02
R182_U50,sa1,30,8.2053840160e-03
R182_U32,sa1,30,2.0058214664e-02
R182_U24,sa0,30,4.0387094021e-02
R182_U78,sa0,,4.0387094021e-02
U312_R182_U78_A,sa0,,4.0387094021e-02
R182_U14,sa0,,4.0387094021e-02
U319_R182_U14_A,sa1,,4.0387094021e-02
R182_U77,sa0,,4.0387094021e-02
U319_R182_U77_A,sa0,,4.0387094021e-02
R182_U13,sa0,,4.0387094021e-02
U312_R182_U13_A,sa1,,4.0387094021e-02
R182_U23,sa1,30,5.6166172028e-02
R182_U14,sa1,30,7.7194213867e-02
U319_R182_U14_A,sa0,,7.7194213867e-02
R182_U33,sa0,30,5.3577423096e-02
R182_U76,sa0,,5.3577423096e-02
R182_U23_R182_U76_A,sa0,,5.3577423096e-02
R182_U32_R182_U76_B,sa0,,5.3577423096e-02
R182_U75,sa0,,5.3577423096e-02
R182_U56,sa0,,5.3577423096e-02
R182_U32_R182_U56_A,sa1,,5.3577423096e-02
R182_U74,sa0,,5.3577423096e-02
R182_U23_R182_U74_A,sa1,,5.3577423096e-02
MAR_REG_6__SCAN_IN,sa0,9,2.8198337555e-01
MAR_REG_5__SCAN_IN,sa1,9,2.8198337555e-01
R182_U33_U573_B,sa1,30,6.8024635315e-02
R182_U35_U490_B,sa1,30,5.4115295410e-02
R182_U33_U439_A,sa1,30,8.2142651081e-07
R182_U60,sa1,30,4.1933059692e-02
R182_U17_R182_U60_A,sa0,,4.1933059692e-02
R182_U42,sa1,30,1.5701176599e-02
R182_U34,sa0,30,5.4382324219e-02
R182_U51,sa0,,5.4382324219e-02
U320_R182_U51_A,sa0,,5.4382324219e-02
U313_R182_U51_B,sa0,,5.4382324219e-02
R182_U50,sa0,,5.4382324219e-02
R182_U49,sa0,,5.4382324219e-02
R182_U36_R182_U50_B,sa0,,5.4382324219e-02
R182_U51,sa1,30,9.2163244262e-03
R182_U25,sa0,30,4.9129486084e-02
R182_U83,sa0,,4.9129486084e-02
U313_R182_U83_A,sa0,,4.9129486084e-02
R182_U12,sa0,,4.9129486084e-02
U320_R182_U12_A,sa1,,4.9129486084e-02
R182_U82,sa0,,4.9129486084e-02
U320_R182_U82_A,sa0,,4.9129486084e-02
R182_U11,sa0,,4.9129486084e-02
U313_R182_U11_A,sa1,,4.9129486084e-02
R182_U24,sa1,30,9.1106414795e-02
R182_U15,sa1,30,4.2736053467e-02
U311_R182_U15_A,sa0,,4.2736053467e-02
R182_U33,sa1,30,1.9705330953e-02
MAR_REG_7__SCAN_IN,sa0,8,2.8198337555e-01
MAR_REG_6__SCAN_IN,sa1,9,2.8198337555e-01
U309_R182_U65_A,sa1,30,6.2500224449e-02
U319_R182_U55_A,sa1,30,3.4833494574e-03
R182_U21_U577_B,sa1,13,2.1875000000e-01
MAR_REG_0__SCAN_IN_U499_B,sa1,3,6.2500000000e-02
R182_U31_U486_B,sa1,30,3.8617730141e-02
R182_U37_U445_A,sa1,23,9.5367431641e-07
R182_U61,sa1,30,1.0453774594e-02
R182_U52,sa1,30,6.1408340931e-02
R182_U34_R182_U52_A,sa0,,6.1408340931e-02
R182_U43,sa1,30,1.7101287842e-02
R182_U34,sa1,30,2.2308116779e-02
R182_U70,sa1,30,1.8918752670e-02
R182_U26,sa0,30,5.3157806396e-02
R182_U88,sa0,,5.3157806396e-02
U314_R182_U88_A,sa0,,5.3157806396e-02
R182_U10,sa0,,5.3157806396e-02
U321_R182_U10_A,sa1,,5.3157806396e-02
R182_U87,sa0,,5.3157806396e-02
U321_R182_U87_A,sa0,,5.3157806396e-02
R182_U9,sa0,,5.3157806396e-02
U314_R182_U9_A,sa1,,5.3157806396e-02
R182_U25,sa1,30,1.1338806152e-01
R182_U17,sa0,30,5.2215576172e-02
R182_U59,sa0,,5.2215576172e-02
U318_R182_U59_A,sa0,,5.2215576172e-02
U311_R182_U59_B,sa0,,5.2215576172e-02
R182_U58,sa0,,5.2215576172e-02
R182_U57,sa0,,5.2215576172e-02
R182_U32_R182_U58_B,sa0,,5.2215576172e-02
R182_U16,sa1,30,4.2736053467e-02
U318_R182_U16_A,sa0,,4.2736053467e-02
R182_U35,sa0,30,7.8857004642e-02
R182_U81,sa0,,7.8857004642e-02
R182_U24_R182_U81_A,sa0,,7.8857004642e-02
R182_U34_R182_U81_B,sa0,,7.8857004642e-02
R182_U80,sa0,,7.8857004642e-02
R182_U52,sa0,,7.8857004642e-02
R182_U34_R182_U52_A,sa1,,7.8857004642e-02
R182_U79,sa0,,7.8857004642e-02
R182_U24_R182_U79_A,sa1,,7.8857004642e-02
MAR_REG_7__SCAN_IN,sa1,9,2.8198337555e-01
U323_R182_U97_A,sa1,5,1.2500000000e-01
U314_R182_U88_A,sa1,30,9.3932688236e-02
U317_R182_U67_A,sa1,30,9.4595253468e-02
U318_R182_U57_B,sa0,30,4.0735304356e-03
R182_U37_U571_B,sa1,30,7.8475952148e-02
R182_U39_U470_B,sa1,30,2.8908252716e-04
U300_U302_A,sa1,30,2.7172851563e-01
R182_U53,sa1,30,3.1470542774e-02
U312_R182_U53_A,sa1,,3.1470542774e-02
U319_R182_U53_B,sa1,,3.1470542774e-02
R182_U44,sa1,30,1.1140441895e-01
R182_U38_R182_U44_A,sa0,,1.1140441895e-01
R182_U36,sa0,30,6.8115249276e-02
R182_U47,sa0,,6.8115249276e-02
U321_R182_U47_A,sa0,,6.8115249276e-02
U314_R182_U47_B,sa0,,6.8115249276e-02
R182_U46,sa0,,6.8115249276e-02
R182_U45,sa0,,6.8115249276e-02
R182_U38_R182_U46_B,sa0,,6.8115249276e-02
R182_U80,sa1,30,1.6779899597e-02
R182_U71,sa1,30,2.8361453675e-02
R182_U62,sa1,30,1.6372825718e-02
R182_U27,sa0,30,8.5479736328e-02
R182_U93,sa0,,8.5479736328e-02
U322_R182_U93_A,sa0,,8.5479736328e-02
R182_U7,sa0,,8.5479736328e-02
U315_R182_U7_A,sa1,,8.5479736328e-02
R182_U92,sa0,,8.5479736328e-02
U315_R182_U92_A,sa0,,8.5479736328e-02
R182_U8,sa0,,8.5479736328e-02
U322_R182_U8_A,sa1,,8.5479736328e-02
R182_U26,sa1,30,1.2141710520e-01
R182_U17,sa1,30,2.0973801613e-02
R182_U35,sa1,30,2.1225214005e-02
R182_U35_U466_B,sa1,30,2.1824240685e-04
U300_U303_A,sa1,30,1.0948907584e-03
R182_U45,sa1,30,4.8587803729e-02
U314_R182_U45_A,sa1,,4.8587803729e-02
U321_R182_U45_B,sa1,,4.8587803729e-02
R182_U90,sa1,30,3.2257020473e-02
R182_U36,sa1,30,1.0254099965e-02
R182_U81,sa1,30,3.1423091888e-02
R182_U54,sa1,30,5.8754924685e-03
R182_U63,sa1,30,1.6003579833e-02
R182_U27,sa1,30,1.6592407227e-01
R182_U72,sa1,30,1.9398501143e-02
R182_U19,sa0,30,1.2037754059e-02
U310_R182_U19_A,sa1,,1.2037754059e-02
R182_U18,sa1,30,4.1933059692e-02
U317_R182_U18_A,sa0,,4.1933059692e-02
R182_U37,sa0,30,8.4149837494e-02
R182_U86,sa0,,8.4149837494e-02
R182_U25_R182_U86_A,sa0,,8.4149837494e-02
R182_U36_R182_U86_B,sa0,,8.4149837494e-02
R182_U85,sa0,,8.4149837494e-02
R182_U48,sa0,,8.4149837494e-02
R182_U36_R182_U48_A,sa1,,8.4149837494e-02
R182_U84,sa0,,8.4149837494e-02
R182_U25_R182_U84_A,sa1,,8.4149837494e-02
U318_R182_U59_A,sa1,30,1.6272068024e-05
R182_U37_U492_B,sa1,30,6.5856933594e-02
R182_U64,sa1,30,7.5836352073e-02
R182_U29_R182_U64_A,sa0,,7.5836352073e-02
R182_U91,sa1,30,6.7417144775e-02
R182_U38,sa0,30,6.6499832086e-02
R182_U43,sa0,,6.6499832086e-02
U322_R182_U43_A,sa0,,6.6499832086e-02
U315_R182_U43_B,sa0,,6.6499832086e-02
R182_U42,sa0,,6.6499832086e-02
R182_U40_R182_U42_A,sa0,,6.6499832086e-02
R182_U41,sa0,,6.6499832086e-02
R182_U46,sa1,30,6.3800383359e-03
R182_U55,sa1,30,7.7534299344e-03
R182_U29,sa0,30,6.3253062544e-02
R182_U63,sa0,,6.3253062544e-02
U310_R182_U63_A,sa0,,6.3253062544e-02
R182_U17_R182_U63_B,sa0,,6.3253062544e-02
R182_U62,sa0,,6.3253062544e-02
U317_R182_U62_A,sa0,,6.3253062544e-02
R182_U61,sa0,,6.3253062544e-02
R182_U60_R182_U61_A,sa0,,6.3253062544e-02
R182_U19_R182_U61_B,sa0,,6.3253062544e-02
R182_U28,sa1,30,9.1965310276e-05
U309_R182_U28_A,sa0,,9.1965310276e-05
R182_U82,sa1,30,2.9085159302e-02
R182_U73,sa1,30,2.3342132568e-02
R182_U19,sa1,30,4.1933059692e-02
U310_R182_U19_A,sa0,,4.1933059692e-02
R182_U37,sa1,30,2.1690666676e-02
U316_R182_U98_A,sa1,5,1.2500000000e-01
U319_R182_U77_A,sa1,30,9.7190856934e-02
R182_U33_U488_B,sa1,30,5.0032615662e-02
R182_U74,sa1,30,3.7696964107e-02
R182_U23_R182_U74_A,sa0,,3.7696964107e-02
R182_U56,sa1,30,4.3220520020e-02
R182_U32_R182_U56_A,sa0,,4.3220520020e-02
R182_U38,sa1,30,2.5363922119e-02
R182_U47,sa1,30,6.4811706543e-03
R182_U65,sa1,30,7.2389375418e-05
R182_U29,sa1,30,6.6922823898e-02
R182_U92,sa1,30,7.6293468475e-02
R182_U83,sa1,30,3.6804199219e-02
R182_U39,sa0,30,1.0454177856e-01
R182_U91,sa0,,1.0454177856e-01
R182_U26_R182_U91_A,sa0,,1.0454177856e-01
R182_U38_R182_U91_B,sa0,,1.0454177856e-01
R182_U90,sa0,,1.0454177856e-01
R182_U44,sa0,,1.0454177856e-01
R182_U38_R182_U44_A,sa1,,1.0454177856e-01
R182_U89,sa0,,1.0454177856e-01
R182_U26_R182_U89_A,sa1,,1.0454177856e-01
R182_U39_U448_A,sa1,11,9.5367431641e-07
R182_U84,sa1,30,4.3031930923e-02
R182_U25_R182_U84_A,sa0,,4.3031930923e-02
R182_U57,sa1,30,3.1258352101e-02
U311_R182_U57_A,sa1,,3.1258352101e-02
U318_R182_U57_B,sa1,,3.1258352101e-02
R182_U48,sa1,30,6.6303730011e-02
R182_U36_R182_U48_A,sa0,,6.6303730011e-02
R182_U75,sa1,30,1.9277652726e-02
R182_U66,sa1,30,6.6923005506e-02
R182_U93,sa1,18,7.8125000000e-02
R182_U39,sa1,30,2.8623580933e-02
R182_U39_U583_B,sa1,30,8.6330413818e-02
R182_U37_U468_B,sa1,30,2.1231174469e-04
U302_U440_A,sa1,30,2.6544199744e-01
R182_U94,sa1,30,5.8502197266e-02
R182_U27_R182_U94_A,sa0,,5.8502197266e-02
R182_U49,sa1,30,3.8894606754e-02
U313_R182_U49_A,sa1,,3.8894606754e-02
U320_R182_U49_B,sa1,,3.8894606754e-02
R182_U85,sa1,30,2.6014328003e-02
R182_U76,sa1,30,2.5352001190e-02
R182_U67,sa1,30,2.3496717215e-02
R182_U58,sa1,30,5.8820284903e-03
R182_U35_U579_B,sa1,30,7.1502685547e-02
U501_U502_B,sa1,6,7.8125000000e-02
U301_U460_A,sa1,30,1.0535621643e-01
U411_U431_A,sa1,30,1.1625813453e-04
R182_U86,sa1,30,4.1988372803e-02
R182_U77,sa1,30,2.3465752602e-02
R182_U68,sa1,30,2.1674156189e-02
R182_U95,sa1,30,9.7839117050e-02
R182_U59,sa1,30,4.5257210732e-03
U304_U503_A,sa1,30,1.1697387695e-01
U305_U502_A,sa1,30,1.3378906250e-01
U301_U470_A,sa1,30,9.7654342651e-02
U510_U414_A,sa1,25,1.0253906250e-01
U414_U330_A,sa1,3,1.5625000000e-02
R182_U69,sa1,30,3.7119865417e-02
R182_U22_R182_U69_A,sa0,,3.7119865417e-02
R182_U87,sa1,30,3.9516448975e-02
R182_U78,sa1,30,2.8121948242e-02
R182_U96,sa1,30,1.0900831223e-01
U301_U462_A,sa1,30,8.3693981171e-02
U302_U452_A,sa1,27,2.6550340652e-01
U302_U443_A,sa1,30,2.6550305821e-01
U302_U434_A,sa1,30,2.6507584681e-01
U305_U413_A,sa1,30,7.4279785156e-02
U415_U411_A,sa1,30,3.3588411770e-04
U432_U303_B,sa1,30,2.2526085377e-04
R182_U79,sa1,30,4.2732238770e-02
R182_U24_R182_U79_A,sa0,,4.2732238770e-02
R182_U88,sa1,30,6.0474455357e-02
R182_U97,sa1,13,9.3993663788e-02
