run,wall,cpu,solve,bdd,xid,model,good_load,target,xid_values
b18_cone_dump,19.635,19.852,7.487,0.265,10.228,0.846807,0.189938,3.3e-05,8.486462
b18_sample_base,41.846,42.647,30.921,0.287,6.466,2.665217,2.015573,4.3e-05,4.516229
b18_sample_cone,13.095,13.359,7.661,0.261,3.525,0.864867,0.193253,4.2e-05,1.634849
b18_sample_sim,39.178,39.98,30.334,0.289,4.493,2.624444,1.988662,4e-05,2.548816
b18_sample_sparse,12.19,12.521,7.39,0.26,3.255,0.605291,0.201701,3.3e-05,1.483067
b18_target_queue,24.705,25.196,0.0,0.0,0.0,0.0,0.0,0.132042,0.0
c17_sim_verify,0.007,0.007,0.0,0.0,0.0,0.000339,7.3e-05,9e-06,4.2e-05
c17a_cone_regression,0.007,0.007,0.0,0.0,0.0,0.000344,7.1e-05,8e-06,3.4e-05
c17a_sparse_gt,0.007,0.007,0.0,0.0,0.0,0.000353,6.8e-05,7e-06,3.4e-05
s1494_C_cone_regression,2.489,2.536,1.223,0.078,0.566,0.472036,0.303582,0.000808,0.105158
s1494_C_sparse_gt,2.42,2.485,1.204,0.062,0.556,0.485096,0.318868,0.000807,0.10256
s208_C_cone_regression,0.249,0.253,0.058,0.053,0.061,0.013883,0.00567,0.00011,0.015682
s208_C_sparse_gt,0.227,0.233,0.058,0.044,0.059,0.013679,0.005735,9.9e-05,0.013286
s27_C_cone_regression,0.009,0.008,0.0,0.001,0.0,0.000624,0.000138,1e-05,7e-05
s27_C_sparse_gt,0.008,0.008,0.0,0.001,0.0,0.000611,0.000137,9e-06,6.7e-05
s298_C_cone_regression,0.115,0.117,0.049,0.009,0.017,0.018778,0.009069,0.000184,0.004408
s298_C_sparse_gt,0.11,0.112,0.048,0.007,0.016,0.018707,0.009235,0.000115,0.003996
s344_C_cone_regression,0.36,0.366,0.205,0.028,0.058,0.025308,0.011478,0.00016,0.016373
s344_C_sparse_gt,0.335,0.344,0.196,0.022,0.056,0.025992,0.011905,0.000158,0.01449
s38584_cone_gt,5.45,5.557,1.025,0.032,2.934,0.432203,0.180839,0.000103,2.539042
s38584_sample_base,6.076,6.185,3.03,0.036,1.375,1.241426,0.97227,0.000404,0.858071
s38584_sample_compact,5.519,5.624,2.917,0.035,0.959,1.229298,0.956434,0.000115,0.460829
s38584_sample_cone,2.416,2.466,1.048,0.032,0.75,0.425029,0.176006,9.4e-05,0.347142
s38584_sample_queue,5.944,6.054,2.96,0.036,1.335,1.228402,0.95925,0.000117,0.830631
s38584_sample_sim,6.452,6.57,3.209,0.036,1.598,1.202046,0.932627,0.000123,1.16459
s38584_sample_sparse,2.344,2.409,1.052,0.032,0.729,0.38773,0.199593,0.000107,0.330548
s38584_sim_verify,8.075,8.22,3.348,0.037,2.141,1.208029,0.937735,0.000277,1.716424
s38584_target_base,16.225,16.525,0.0,0.0,0.0,0.0,0.0,16.240942,0.0
s38584_target_queue,0.263,0.268,0.0,0.0,0.0,0.0,0.0,0.01088,0.0
s510_C_cone_regression,0.492,0.5,0.184,0.03,0.152,0.070478,0.040175,0.000275,0.027291
s510_C_sparse_gt,0.481,0.493,0.183,0.026,0.151,0.074661,0.043735,0.000253,0.025128
s5378_C_cone_regression,36.76,37.489,15.157,1.28,4.748,1.922321,0.824617,0.003038,2.449999
s5378_C_sparse_gt,36.042,37.038,15.234,1.263,4.645,1.805453,0.882992,0.002941,2.331075
s5378_base,53.612,54.603,36.204,1.252,8.291,6.006032,4.945576,0.327351,5.62739
s5378_compact,51.516,52.494,36.273,1.279,6.387,6.022037,4.927621,0.002927,3.629303
s5378_cone,23.621,24.092,15.025,1.219,4.711,1.835636,0.792976,0.002716,2.44267
s5378_queue,53.342,54.327,36.162,1.29,8.317,6.023475,4.937576,0.002951,5.648323
s5378_sim,54.34,55.341,37.333,1.279,8.27,5.86072,4.800947,0.003228,5.770639
s5378_sparse,23.601,24.24,15.235,1.252,4.66,1.776286,0.859921,0.002758,2.352376
s641_C_cone_regression,3.443,3.508,2.514,0.228,0.374,0.077124,0.033595,0.000278,0.126229
s641_C_sparse_gt,3.284,3.374,2.469,0.182,0.364,0.0775,0.034955,0.000248,0.112872
s713_C_cone_regression,4.681,4.769,3.526,0.263,0.505,0.107258,0.046216,0.000342,0.163505
s713_C_sparse_gt,4.424,4.544,3.428,0.207,0.482,0.106582,0.046929,0.000321,0.146651
