c_f_A,sa0,1.2500000000e-01
c_f_A,sa1,1.2500000000e-01,1.8750000000e-01
c_h_A,sa0,6.2500000000e-02,1.8750000000e-01
c_h_A,sa1,1.2500000000e-01,1.8750000000e-01
h_i_B,sa0,2.5000000000e-01,3.1250000000e-01,3.4375000000e-01
h_j_B,sa0,1.2500000000e-01,1.8750000000e-01
h_i_B,sa1,6.2500000000e-02,1.2500000000e-01
h_j_B,sa1,1.2500000000e-01
i_l_A,sa0,1.2500000000e-01,1.8750000000e-01
i_k_B,sa0,1.2500000000e-01,3.1250000000e-01
i_l_A,sa1,2.5000000000e-01,4.3750000000e-01
i_k_B,sa1,2.5000000000e-01,3.1250000000e-01,4.3750000000e-01
a,sa0,1.2500000000e-01,1.8750000000e-01
b,sa0,1.2500000000e-01,3.1250000000e-01,3.4375000000e-01
a,sa1,1.2500000000e-01,1.8750000000e-01
b,sa1,1.2500000000e-01,3.1250000000e-01,3.4375000000e-01
c,sa0,6.2500000000e-02,1.2500000000e-01,1.8750000000e-01,2.8125000000e-01
d,sa0,6.2500000000e-02,1.2500000000e-01,1.8750000000e-01
c,sa1,1.2500000000e-01,1.8750000000e-01,2.8125000000e-01
e,sa0,1.2500000000e-01,1.8750000000e-01
d,sa1,1.2500000000e-01,1.8750000000e-01
e,sa1,1.2500000000e-01,1.8750000000e-01
f,sa0,1.2500000000e-01,1.8750000000e-01
g,sa0,1.2500000000e-01,1.8750000000e-01
f,sa1,1.2500000000e-01
h,sa0,1.2500000000e-01,1.8750000000e-01,3.1250000000e-01,5.0000000000e-01,5.3125000000e-01,5.6250000000e-01
g,sa1,2.5000000000e-01,3.1250000000e-01,4.3750000000e-01
i,sa0,1.2500000000e-01,3.1250000000e-01,3.4375000000e-01
h,sa1,1.2500000000e-01,1.5625000000e-01,1.8750000000e-01
j,sa0,1.2500000000e-01,1.8750000000e-01
i,sa1,2.5000000000e-01,3.1250000000e-01,4.3750000000e-01,5.3125000000e-01,5.9375000000e-01
k,sa0,2.5000000000e-01,3.7500000000e-01,5.6250000000e-01
j,sa1,2.5000000000e-01,4.3750000000e-01
l,sa0,2.5000000000e-01,3.7500000000e-01,5.0000000000e-01,5.6250000000e-01
k,sa1,2.5000000000e-01,3.1250000000e-01,4.3750000000e-01
l,sa1,2.5000000000e-01,4.3750000000e-01
