net_name,f_type,complete,fdp_fraction,value_kind,seconds,time_kind
P2_P2_P1_MEMORYFETCH_REG_SCAN_IN,sa0,1,1899149/4194304,exact,0.16322938099619932,fault_total
P2_P2_P1_MEMORYFETCH_REG_SCAN_IN,sa1,1,1899149/4194304,exact,0.1369563600019319,fault_total
P2_P1_P1_U3002,sa0,0,1016009/2097152,lower_bound,2.062356918002479,fault_total
P2_P1_P1_U3002,sa1,0,36101948111349384077/73786976294838206464,lower_bound,2.1069840350028244,fault_total
SUB_1487_37_U119,sa0,0,82170782406142659/39614081257132168796771975168,lower_bound,2.1375197309971554,fault_total
SUB_1487_37_U119,sa1,0,81382133454883861760851618705367/332306998946228968225951765070086144,lower_bound,2.290003447997151,fault_total
P2_P2_P2_ADD_987_U124,sa0,1,1395/67108864,exact,0.16753498400066746,fault_total
P2_P2_P2_ADD_987_U124,sa1,1,1395/2147483648,exact,0.05953245999990031,fault_total
P1_P1_P2_ADD_1058_U132,sa0,1,1/4096,exact,0.1436761180011672,fault_total
P1_P1_P2_ADD_1058_U132,sa1,1,131071/536870912,exact,0.11773636400175747,fault_total
P1_P4_SUB_85_U150,sa0,1,1/1073741824,exact,1.3776047729988932,fault_total
P1_P4_SUB_85_U150,sa1,1,7/1073741824,exact,1.6216539700035355,fault_total
P1_P2_U771,sa0,0,322575345/2361183241434822606848,lower_bound,2.160220397003286,fault_total
P1_P2_U771,sa1,0,22439591250739605/1180591620717411303424,lower_bound,2.2192693959950702,fault_total
P2_P2_P3_U2882,sa0,1,515/1024,exact,0.022935959001188166,fault_total
P2_P2_P3_U2882,sa1,1,509/1024,exact,0.01913021299696993,fault_total
P1_MUL_1421_U2963,sa0,0,1646985747069/36893488147419103232,lower_bound,2.3377572019962827,fault_total
P1_MUL_1421_U2963,sa1,0,4258996958867/73786976294838206464,lower_bound,2.141921636000916,fault_total
P1_P2_P2_SUB_881_U64,sa0,1,0,exact,0.35676226999930805,fault_total
P1_P2_P2_SUB_881_U64,sa1,1,0,exact,0.46107276000111597,fault_total
P2_MUL_1412_U1612,sa0,0,72333176186954769/1208925819614629174706176,lower_bound,2.140714655004558,fault_total
P2_MUL_1412_U1612,sa1,0,83331859569100841/19342813113834066795298816,lower_bound,2.13632304299972,fault_total
P2_P2_P1_U6201,sa0,0,8936556226848331683/18446744073709551616,lower_bound,2.388853802003723,fault_total
P2_P2_P1_U6201,sa1,0,2872205/137438953472,lower_bound,2.428243588998157,fault_total
P2_P2_P2_SUB_868_1258_U95,sa0,0,919936827/281474976710656,lower_bound,2.418340445001377,fault_total
P2_P2_P2_SUB_868_1258_U95,sa1,1,3045/1099511627776,exact,0.4337701240001479,fault_total
P2_P1_P2_U3864,sa0,0,3075050884468559656470124551274825591/85070591730234615865843651857942052864,lower_bound,2.6956727110009524,fault_total
P2_P1_P2_U3864,sa1,1,3/4096,exact,0.6491565530013759,fault_total
P1_P2_P1_U3980,sa0,1,189/1048576,exact,0.16635724800289609,fault_total
P1_P2_P1_U3980,sa1,1,69/2097152,exact,0.09213025100325467,fault_total
P2_P2_P2_U7768,sa0,1,189/1048576,exact,0.06401341700257035,fault_total
P2_P2_P2_U7768,sa1,1,1/131072,exact,0.02068919999874197,fault_total
P1_P1_P1_U2524,sa0,1,15045/268435456,exact,1.09980454199831,fault_total
P1_P1_P1_U2524,sa1,0,31888469/137438953472,lower_bound,2.2292393470052048,fault_total
P2_P4_U5575,sa0,0,5303168270271/2475880078570760549798248448,lower_bound,2.4900057560007554,fault_total
P2_P4_U5575,sa1,0,23189603/4722366482869645213696,lower_bound,2.3995541719996254,fault_total
P1_P1_P3_ADD_871_U32,sa0,1,435/8388608,exact,0.540016098995693,fault_total
P1_P1_P3_ADD_871_U32,sa1,1,435/268435456,exact,0.4697610680013895,fault_total
P2_P1_P1_ADD_826_U98,sa0,1,1/16384,exact,0.06239861200447194,fault_total
P2_P1_P1_ADD_826_U98,sa1,1,511/16384,exact,0.058096737004234456,fault_total
P1_P1_P1_U6925,sa0,1,3867025/8388608,exact,1.4372214420000091,fault_total
P1_P1_P1_U6925,sa1,1,4185/536870912,exact,0.3886514100013301,fault_total
P2_P1_P2_ADD_1058_U98,sa0,1,1/8192,exact,0.2595529410027666,fault_total
P2_P1_P2_ADD_1058_U98,sa1,1,3/8192,exact,0.3714266189999762,fault_total
P2_P2_P1_U6242,sa0,0,38201780236629822328860145/77371252455336267181195264,lower_bound,2.8272758210005122,fault_total
P2_P2_P1_U6242,sa1,1,1/32,exact,0.026146672003960703,fault_total
P1_MUL_1421_U1944,sa0,0,281640870348507/288230376151711744,lower_bound,2.1280542479944415,fault_total
P1_MUL_1421_U1944,sa1,0,2080812874409617/144115188075855872,lower_bound,2.1123451569947065,fault_total
P2_P1_P1_U5385,sa0,1,1/2,exact,1.0311333110003034,fault_total
P2_P1_P1_U5385,sa1,1,13677497/33554432,exact,0.18611089299520245,fault_total
P1_P4_R1171_U179,sa0,1,6442450947/4398046511104,exact,1.3792819480004255,fault_total
P1_P4_R1171_U179,sa1,1,19327352841/4398046511104,exact,1.210940577002475,fault_total
P2_P3_U5063,sa0,0,81749269/2147483648,lower_bound,2.3107619080037693,fault_total
P2_P3_U5063,sa1,0,11261111299/274877906944,lower_bound,2.2338954429942532,fault_total
P1_P1_P2_ADD_850_U118,sa0,1,1/1073741824,exact,0.04384136600128841,fault_total
P1_P1_P2_ADD_850_U118,sa1,1,67108863/1073741824,exact,0.03911764199438039,fault_total
P2_P4_ADD_96_U84,sa0,0,2031519530969/281474976710656,lower_bound,2.1169647429996985,fault_total
P2_P4_ADD_96_U84,sa1,0,530359709840851296605/1180591620717411303424,lower_bound,2.1509681459938292,fault_total
P1_P2_P3_ADD_1058_U116,sa0,1,1/2147483648,exact,0.1584698020014912,fault_total
P1_P2_P3_ADD_1058_U116,sa1,1,1048575/2147483648,exact,0.5260646979950252,fault_total
P2_P2_P3_ADD_896_U154,sa0,1,1/4096,exact,0.16968116800126154,fault_total
P2_P2_P3_ADD_896_U154,sa1,1,32767/134217728,exact,0.14325417800137075,fault_total
P2_P2_P1_U6485,sa0,0,143860491414965489/288230376151711744,lower_bound,2.4296994210017147,fault_total
P2_P2_P1_U6485,sa1,1,465/4194304,exact,0.04289813499781303,fault_total
P2_P2_P2_U6934,sa0,0,9003909711663291/18014398509481984,lower_bound,2.5216191450017504,fault_total
P2_P2_P2_U6934,sa1,1,189/2097152,exact,0.03508722499827854,fault_total
P1_P2_P1_ADD_1042_U56,sa0,1,1/274877906944,exact,0.06493421499908436,fault_total
P1_P2_P1_ADD_1042_U56,sa1,1,1/274877906944,exact,0.05640029099595267,fault_total
P1_P1_P1_SUB_868_1258_U161,sa0,1,2175/67108864,exact,1.023803740994481,fault_total
P1_P1_P1_SUB_868_1258_U161,sa1,1,1305/134217728,exact,0.609694822000165,fault_total
P2_P4_R1150_U103,sa0,0,24065657332487299/147573952589676412928,lower_bound,2.326087579000159,fault_total
P2_P4_R1150_U103,sa1,0,2049000048387447/18446744073709551616,lower_bound,2.4097031179990154,fault_total
P2_P1_P3_ADD_913_1132_U33,sa0,1,189/134217728,exact,0.05467500699887751,fault_total
P2_P1_P3_ADD_913_1132_U33,sa1,1,24003/134217728,exact,0.1393555690010544,fault_total
P2_P1_P3_ADD_1064_U73,sa0,1,1/4096,exact,0.11405995099630672,fault_total
P2_P1_P3_ADD_1064_U73,sa1,1,1/4096,exact,0.11119090300053358,fault_total
P1_P1_P2_ADD_1037_U114,sa0,1,1/536870912,exact,0.1624711260010372,fault_total
P1_P1_P2_ADD_1037_U114,sa1,1,262143/536870912,exact,0.4109426909999456,fault_total
P1_P2_P1_U2634,sa0,1,189/1048576,exact,0.3543400170019595,fault_total
P1_P2_P1_U2634,sa1,1,189/1048576,exact,0.34594034100155113,fault_total
P2_P2_P3_U4879,sa0,1,255/65536,exact,0.017920952996064443,fault_total
P2_P2_P3_U4879,sa1,1,0,exact,0.01581544200598728,fault_total
P1_MUL_1420_U4547,sa0,0,891835196795711/37778931862957161709568,lower_bound,2.1588955789993634,fault_total
P1_MUL_1420_U4547,sa1,0,2999695898647073/75557863725914323419136,lower_bound,2.1469920389936306,fault_total
P2_P1_P2_U5311,sa0,1,509/1024,exact,0.31094942599884234,fault_total
P2_P1_P2_U5311,sa1,1,1/1024,exact,0.012170098998467438,fault_total
P2_P1_P2_ADD_882_1212_U30,sa0,1,1701/67108864,exact,0.2256483289966127,fault_total
P2_P1_P2_ADD_882_1212_U30,sa1,1,1701/67108864,exact,0.20344353499967838,fault_total
P1_P1_P1_SUB_912_U62,sa0,1,7/524288,exact,0.5899146349984221,fault_total
P1_P1_P1_SUB_912_U62,sa1,1,3/524288,exact,0.44852134099346586,fault_total
P2_P2_P3_ADD_882_1212_U211,sa0,0,591067/17179869184,lower_bound,2.3394386689979,fault_total
P2_P2_P3_ADD_882_1212_U211,sa1,0,226407/8589934592,lower_bound,2.3782467580022058,fault_total
P2_P1_P1_SUB_831_U137,sa0,1,2147483647/137438953472,exact,0.032605504005914554,fault_total
P2_P1_P1_SUB_831_U137,sa1,1,1/137438953472,exact,0.023762386001180857,fault_total
P2_MUL_1420_U5209,sa0,0,844620350619825/9444732965739290427392,lower_bound,2.0598953329972574,fault_total
P2_MUL_1420_U5209,sa1,0,864715044443765763/19342813113834066795298816,lower_bound,2.1780691540043335,fault_total
P2_P1_P2_U6720,sa0,1,1/2,exact,1.5757150879944675,fault_total
P2_P1_P2_U6720,sa1,1,1395/16777216,exact,0.9813194399976055,fault_total
P2_P4_U6201,sa0,0,163481386477/19807040628566084398385987584,lower_bound,2.53081133300293,fault_total
P2_P4_U6201,sa1,0,237779/18889465931478580854784,lower_bound,2.4688876519940095,fault_total
P1_P1_P3_ADD_1047_U71,sa0,1,1/4096,exact,0.04586445000313688,fault_total
P1_P1_P3_ADD_1047_U71,sa1,1,1/4096,exact,0.04147263100458076,fault_total
P1_P4_R1138_U180,sa0,1,6442450947/8796093022208,exact,2.117787415001658,fault_total
P1_P4_R1138_U180,sa1,1,6442450947/17592186044416,exact,1.1609183330001542,fault_total
P1_P3_U5537,sa0,1,21474836485/1099511627776,exact,1.4822500410009525,fault_total
P1_P3_U5537,sa1,1,12884901891/1099511627776,exact,1.034728175996861,fault_total
P1_P2_P3_U4125,sa0,0,86540851771638953043154708014252987099/170141183460469231731687303715884105728,lower_bound,2.6384416110013262,fault_total
P1_P2_P3_U4125,sa1,0,1192760601321707123081862550704164355253251/2787593149816327892691964784081045188247552,lower_bound,2.5753690380006447,fault_total
P1_P2_P2_ADD_941_U168,sa0,1,4185/134217728,exact,1.540416299001663,fault_total
P1_P2_P2_ADD_941_U168,sa1,1,4185/144115188075855872,exact,0.09995293699466856,fault_total
P1_P2_P3_SUB_925_U120,sa0,0,94019275/4398046511104,lower_bound,2.483869153998967,fault_total
P1_P2_P3_SUB_925_U120,sa1,0,5509690603/281474976710656,lower_bound,2.5195444310011226,fault_total
P1_MUL_1420_U3961,sa0,0,27061799295667319/151115727451828646838272,lower_bound,2.0824871419972624,fault_total
P1_MUL_1420_U3961,sa1,0,1020425711298677/75557863725914323419136,lower_bound,2.136317322998366,fault_total
P1_P1_P3_SUB_831_U62,sa0,1,2147483647/137438953472,exact,0.030391703003260773,fault_total
P1_P1_P3_SUB_831_U62,sa1,1,1073741825/137438953472,exact,0.02528963899385417,fault_total
P1_P1_P2_U3759,sa0,0,556442588634969/18014398509481984,lower_bound,2.2867435709995334,fault_total
P1_P1_P2_U3759,sa1,1,1/1024,exact,0.2745622129950789,fault_total
P2_P1_P2_ADD_1064_U92,sa0,1,1/4096,exact,0.13612777100206586,fault_total
P2_P1_P2_ADD_1064_U92,sa1,1,1/4096,exact,0.38064727500022855,fault_total
P1_P1_P3_ADD_871_1242_U255,sa0,0,47354885/2199023255552,lower_bound,2.378370829996129,fault_total
P1_P1_P3_ADD_871_1242_U255,sa1,0,2313497/2199023255552,lower_bound,2.3738349549967097,fault_total
P2_MUL_1412_U2557,sa0,0,48151999548160659/19342813113834066795298816,lower_bound,2.1445412269968074,fault_total
P2_MUL_1412_U2557,sa1,0,6946271991/18446744073709551616,lower_bound,2.128084128999035,fault_total
P2_MUL_1421_U1842,sa0,0,536870913/68719476736,lower_bound,2.0724135960044805,fault_total
P2_MUL_1421_U1842,sa1,0,37154696991346435/147573952589676412928,lower_bound,2.0710296719989856,fault_total
P1_P3_U3329,sa0,1,1/2,exact,0.009737471002154052,fault_total
P1_P3_U3329,sa1,1,1/2,exact,0.010659641993697733,fault_total
