experiment,fault,stuck,mode,width,phase,pilot_cubes,simulation,enumeration_complete,fdp_complete,regions,enum_seconds,total_seconds,bdd_seconds,fdp_fraction
pilot,n673gat,0,partition,3,positive,,True,True,True,620,0.156786486,0.2220748750041821,0.040303801,292092239/4294967296
pilot,n673gat,0,partition,3,positive,,False,True,True,620,0.266189564,0.3276613109992468,0.039236543,292092239/4294967296
pilot,n673gat,0,overlap,3,positive,,False,True,True,678,0.326684014,0.388236760001746,0.032781182,292092239/4294967296
pilot,n673gat,0,overlap,6,positive,,False,False,False,1557,3.001453557,3.134199260995956,,
pilot,n1592gat,0,partition,3,positive,,True,True,True,915,0.206025734,0.2584332800033735,0.028465177,48825/4194304
pilot,n1592gat,0,partition,3,positive,,False,True,True,967,0.456153931,0.5063713970012031,0.025814886,48825/4194304
pilot,n1592gat,0,overlap,3,positive,,False,True,True,954,0.484041667,0.535768811001617,0.024625505,48825/4194304
pilot,n1592gat,0,overlap,6,positive,,False,False,False,829,3.000087605,3.0664849629974924,,
pilot,n291gat,1,partition,3,positive,,True,True,True,1471,0.903145721,1.093296642000496,0.149209907,4005879917/8589934592
pilot,n291gat,1,partition,3,positive,,False,True,True,1550,1.427220371,1.5886269290058408,0.118436765,4005879917/8589934592
pilot,n291gat,1,overlap,3,positive,,False,False,False,3327,3.000190729,3.111694974999409,,
pilot,n291gat,1,overlap,6,positive,,False,False,False,1359,3.000063509,3.0705131249997066,,
pilot,g16349,1,partition,3,positive,,True,False,False,3904,3.000173217,3.2581738759981818,,
pilot,g16349,1,partition,3,positive,,False,False,False,3171,3.000079504,3.1979314030031674,,
pilot,g16349,1,overlap,3,positive,,False,False,False,2906,3.000063004,3.238614898000378,,
pilot,g16349,1,overlap,6,positive,,False,False,False,2182,3.000069385,3.25299285499932,,
pilot,P2_P1_P1_U3002,0,partition,3,positive,,True,False,False,228,3.000044766,3.0584108459952404,,
pilot,P2_P1_P1_U3002,0,partition,3,positive,,False,False,False,86,3.000208018,3.043472725999891,,
pilot,P2_P1_P1_U3002,0,overlap,3,positive,,False,False,False,226,3.000334459,3.054270804997941,,
pilot,P2_P1_P1_U3002,0,overlap,6,positive,,False,False,False,179,3.000144206,3.2758028539974475,,
predicates_pilot,n673gat,0,predicates,3,positive,,False,True,True,967,0.198833159,0.251171804004116,0.029282404,292092239/4294967296
predicates_pilot,n673gat,0,predicates,6,positive,,False,True,True,967,0.198138446,0.2746941820005304,0.040078041,292092239/4294967296
predicates_pilot,n1592gat,0,predicates,3,positive,,False,False,False,9110,3.000053503,3.072181998002634,,
predicates_pilot,n1592gat,0,predicates,6,positive,,False,False,False,9177,3.000101499,3.1198003489989787,,
predicates_pilot,n291gat,1,predicates,3,positive,,False,True,True,5452,2.831815432,3.612057193997316,0.650548659,4005879917/8589934592
predicates_pilot,n291gat,1,predicates,6,positive,,False,True,True,5242,2.653557843,3.4514208670007065,0.650868006,4005879917/8589934592
predicates_pilot,g16349,1,predicates,3,positive,,False,False,False,4740,3.000057127,3.130450780998217,,
predicates_pilot,g16349,1,predicates,6,positive,,False,False,False,4737,3.000055693,3.1590769289978198,,
predicates_pilot,P2_P1_P1_U3002,0,predicates,3,positive,,False,False,False,58,3.000085597,3.0285227080021286,,
predicates_pilot,P2_P1_P1_U3002,0,predicates,6,positive,,False,False,False,89,3.000156292,3.0324728850027896,,
learned_pilot,P2_P1_P1_U3002,0,learned,3,positive,7,True,False,False,673,3.000053282,3.6064640160038834,,
learned_pilot,P2_P1_P1_U3002,0,learned,3,positive,7,True,False,False,660,3.000142899,3.6020809049950913,,
learned_pilot,g16349,1,learned,3,positive,128,True,False,False,3240,3.000120584,3.2333767889940646,,
learned_pilot,g16349,1,learned,3,positive,512,True,True,False,1940,1.750798815,,,
learned_pilot,n1592gat,0,learned,3,positive,128,True,True,True,1607,0.389628785,0.4812227719958173,0.032888468,48825/4194304
learned_pilot,n1592gat,0,learned,3,positive,512,True,True,True,1521,0.39144947,0.536986999999499,0.033275231,48825/4194304
learned_pilot,n291gat,1,learned,3,positive,128,True,True,True,3621,2.441280377,4.583355829003267,2.012647659,4005879917/8589934592
learned_pilot,n291gat,1,learned,3,positive,512,True,True,True,2361,1.884770277,2.4236530530033633,0.315081304,4005879917/8589934592
learned_pilot,n673gat,0,learned,3,positive,128,True,True,True,529,0.15018052,0.21971055699395947,0.030665154,292092239/4294967296
learned_pilot,n673gat,0,learned,3,positive,512,True,True,True,456,0.139409085,0.25425073300721124,0.020671547,292092239/4294967296
phase_pilot,n1592gat,0,partition,3,negative,,True,True,True,157,0.02035253,0.043650926992995664,0.01158288,48825/4194304
phase_pilot,n1592gat,0,partition,6,negative,,True,True,True,76,0.039254282,0.05866019600944128,0.011324978,48825/4194304
phase_pilot,n291gat,1,partition,3,negative,,True,False,False,7141,5.000419155,5.155946308004786,,
phase_pilot,n291gat,1,partition,6,negative,,True,False,False,7311,5.000138393,5.1633371070056455,,
phase_pilot,g16349,1,partition,3,negative,,True,False,False,8997,5.000057391,5.602471204998437,,
phase_pilot,g16349,1,partition,6,negative,,True,False,False,5745,5.00004462,5.419769523010473,,
phase_pilot,P2_P1_P1_U3002,0,partition,3,negative,,True,False,False,552,5.000155814,5.069532773995888,,
phase_pilot,P2_P1_P1_U3002,0,partition,6,negative,,True,False,False,470,5.000387576,5.061547572011477,,
frontier_pilot,n673gat,0,frontier,3,positive,,False,True,True,1188,0.278420878,0.35169165999104735,0.045217178,292092239/4294967296
frontier_pilot,n673gat,0,frontier,6,positive,,False,True,True,974,0.185317523,0.2537740880070487,0.04487968,292092239/4294967296
frontier_pilot,n1592gat,0,frontier,3,positive,,False,True,True,3190,0.676102024,0.7672143319941824,0.048187392,48825/4194304
frontier_pilot,n1592gat,0,frontier,6,positive,,False,True,True,2322,0.441061205,0.524643622993608,0.049420349,48825/4194304
frontier_pilot,n291gat,1,frontier,3,positive,,False,True,True,6388,2.832807535,3.2057155090005836,0.258663369,4005879917/8589934592
frontier_pilot,n291gat,1,frontier,6,positive,,False,True,True,3136,1.232102883,1.5470974109921372,0.259269937,4005879917/8589934592
frontier_pilot,g16349,1,frontier,3,positive,,False,False,False,4837,3.000077328,3.105666008996195,,
frontier_pilot,g16349,1,frontier,6,positive,,False,False,False,4884,3.000077458,3.1031307719968027,,
frontier_pilot,P2_P1_P1_U3002,0,frontier,3,positive,,False,False,False,276,3.001582367,3.0332985980057856,,
frontier_pilot,P2_P1_P1_U3002,0,frontier,6,positive,,False,False,False,219,3.000153268,3.037040448994958,,
