fault,stuck,encoding,method,seed,width,cubes,complete,seconds,total_seconds,cnf_vars,cnf_clauses,source,probability,sound,exact
n673gat,0,tseitin,greedy,False,1,1079,True,0.137896158,0.16931893800210673,236,788,pilot,292092239/4294967296,True,True
n673gat,0,tseitin,greedy,True,1,956,True,0.141126683,0.16961570600687992,236,788,pilot,292092239/4294967296,True,True
n673gat,0,tseitin,witness,True,1,36044,False,3.000253372,3.050945352995768,236,788,pilot,,,
n673gat,0,tseitin,greedy,False,3,620,True,0.148360004,0.19348470099794213,236,788,pilot,292092239/4294967296,True,True
n673gat,0,nnf_pg,greedy,False,1,1077,True,0.209741828,0.23968133599555586,444,863,pilot,292092239/4294967296,True,True
n673gat,0,nnf_pg,greedy,True,1,1542,True,0.307949423,0.33938199700787663,444,863,pilot,292092239/4294967296,True,True
n673gat,0,nnf_pg,witness,True,1,16223,False,3.000040483,3.0117086389946053,444,863,pilot,,,
n673gat,0,nnf_pg,greedy,False,3,732,True,0.255366914,0.3139214660041034,444,863,pilot,292092239/4294967296,True,True
n1592gat,0,tseitin,greedy,False,1,12218,True,1.623412168,1.766051246013376,162,533,pilot,48825/4194304,True,True
n1592gat,0,tseitin,greedy,True,1,13088,True,1.866554527,2.0313071189884795,162,533,pilot,48825/4194304,True,True
n1592gat,0,tseitin,witness,True,1,18943,False,3.000062554,3.0198956370004453,162,533,pilot,,,
n1592gat,0,tseitin,greedy,False,3,915,True,0.203647768,0.25782611400063615,162,533,pilot,48825/4194304,True,True
n1592gat,0,nnf_pg,greedy,False,1,13456,True,2.764600234,2.907929506007349,313,602,pilot,48825/4194304,True,True
n1592gat,0,nnf_pg,greedy,True,1,17610,True,2.550207356,2.732897421999951,313,602,pilot,48825/4194304,True,True
n1592gat,0,nnf_pg,witness,True,1,29331,False,3.000080494,3.019331963005243,313,602,pilot,,,
n1592gat,0,nnf_pg,greedy,False,3,1045,True,0.289133034,0.34542340600455645,313,602,pilot,48825/4194304,True,True
n291gat,1,tseitin,greedy,False,1,5609,True,2.027559388,2.2227118350128876,323,1184,pilot,4005879917/8589934592,True,True
n291gat,1,tseitin,greedy,True,1,5633,True,2.408840903,2.5780763549992116,323,1184,pilot,4005879917/8589934592,True,True
n291gat,1,tseitin,witness,True,1,22115,False,3.000070341,3.0537852459965507,323,1184,pilot,,,
n291gat,1,tseitin,greedy,False,3,1471,True,0.895135515,1.0584331530117197,323,1184,pilot,4005879917/8589934592,True,True
n291gat,1,nnf_pg,greedy,False,1,5280,True,2.176260165,2.357803831997444,830,1571,pilot,4005879917/8589934592,True,True
n291gat,1,nnf_pg,greedy,True,1,4090,True,1.751300891,1.8659112449968234,830,1571,pilot,4005879917/8589934592,True,True
n291gat,1,nnf_pg,witness,True,1,12218,False,3.000045053,3.016947854004684,830,1571,pilot,,,
n291gat,1,nnf_pg,greedy,False,3,1645,True,1.482863662,1.8857922129973304,830,1571,pilot,4005879917/8589934592,True,True
g16349,1,tseitin,greedy,False,1,5364,False,3.000228536,3.010647497998434,678,3197,pilot,,,
g16349,1,tseitin,greedy,True,1,5031,False,3.000210763,3.0102706519974163,678,3197,pilot,,,
g16349,1,tseitin,witness,True,1,7406,False,3.000050038,3.0313327019975986,678,3197,pilot,,,
g16349,1,tseitin,greedy,False,3,3892,False,3.000104284,3.2726950950018363,678,3197,pilot,,,
g16349,1,nnf_pg,greedy,False,1,2226,False,3.000042711,3.012389986994094,1266,3410,pilot,,,
g16349,1,nnf_pg,greedy,True,1,2290,False,3.000103184,3.0121288880036445,1266,3410,pilot,,,
g16349,1,nnf_pg,witness,True,1,2786,False,3.000197342,3.0139652020006906,1266,3410,pilot,,,
g16349,1,nnf_pg,greedy,False,3,3242,False,3.000052713,3.210832450000453,1266,3410,pilot,,,
P2_P1_P1_U3002,0,tseitin,greedy,False,1,287,False,3.000318108,3.049888045003172,4717,19493,pilot,,,
P2_P1_P1_U3002,0,tseitin,greedy,True,1,504,False,3.000102203,3.0438261389936088,4717,19493,pilot,,,
P2_P1_P1_U3002,0,tseitin,witness,True,1,2783,False,3.000266314,3.1449550410034135,4717,19493,pilot,,,
P2_P1_P1_U3002,0,tseitin,greedy,False,3,206,False,3.000045925,3.061036111001158,4717,19493,pilot,,,
P2_P1_P1_U3002,0,nnf_pg,greedy,False,1,660,False,3.000159925,3.0662357039982453,9343,19514,pilot,,,
P2_P1_P1_U3002,0,nnf_pg,greedy,True,1,469,False,3.000210607,3.069005057986942,9343,19514,pilot,,,
P2_P1_P1_U3002,0,nnf_pg,witness,True,1,1983,False,3.000042013,3.0610561320063425,9343,19514,pilot,,,
P2_P1_P1_U3002,0,nnf_pg,greedy,False,3,391,False,3.006956275,3.3009381239971844,9343,19514,pilot,,,
n673gat,0,nnf_pg_split,greedy,False,1,1113,True,0.201797251,0.23484446000657044,444,735,split_pilot,292092239/4294967296,True,True
n673gat,0,nnf_pg_split,greedy,False,3,816,True,0.29925161,0.3638288410002133,444,735,split_pilot,292092239/4294967296,True,True
n1592gat,0,nnf_pg_split,greedy,False,1,13989,True,2.679554443,2.838097257001209,313,582,split_pilot,48825/4194304,True,True
n1592gat,0,nnf_pg_split,greedy,False,3,1015,True,0.346148355,0.40442626300500706,313,582,split_pilot,48825/4194304,True,True
n291gat,1,nnf_pg_split,greedy,False,1,5033,True,2.302938451,2.459729412003071,830,1403,split_pilot,4005879917/8589934592,True,True
n291gat,1,nnf_pg_split,greedy,False,3,1519,True,1.212423522,1.4481760259950534,830,1403,split_pilot,4005879917/8589934592,True,True
g16349,1,nnf_pg_split,greedy,False,1,4304,False,3.000190448,3.0168836610100698,1266,3196,split_pilot,,,
g16349,1,nnf_pg_split,greedy,False,3,3558,False,3.000053177,3.2427456750010606,1266,3196,split_pilot,,,
P2_P1_P1_U3002,0,nnf_pg_split,greedy,False,1,15,False,3.000204796,3.099022636000882,9343,19391,split_pilot,,,
P2_P1_P1_U3002,0,nnf_pg_split,greedy,False,3,483,False,3.000204464,3.1332679229963105,9343,19391,split_pilot,,,
n673gat,0,tseitin,tabular,,,120277,False,3.001554998991196,4.577427142998204,236,789,tabular_pilot,,,
n673gat,0,nnf_pg,tabular,,,39568,False,3.001558581003337,3.330748919994221,397,735,tabular_pilot,,,
n1592gat,0,tseitin,tabular,,,221086,False,3.0017729200044414,5.2855238640040625,162,534,tabular_pilot,,,
n1592gat,0,nnf_pg,tabular,,,37742,True,2.068959931988502,2.752379967001616,302,582,tabular_pilot,48825/4194304,True,True
n291gat,1,tseitin,tabular,,,60727,False,3.0036717820039485,4.172796867002035,323,1185,tabular_pilot,,,
n291gat,1,nnf_pg,tabular,,,24272,False,3.004013239988126,3.2415084520034725,737,1403,tabular_pilot,,,
g16349,1,tseitin,tabular,,,42773,False,3.0037837529962417,6.666383685005712,678,3198,tabular_pilot,,,
g16349,1,nnf_pg,tabular,,,15192,False,3.0041315629932797,3.6577776500053005,1158,3196,tabular_pilot,,,
P2_P1_P1_U3002,0,tseitin,tabular,,,6406,False,3.0072859070060076,3.0914540480007418,4717,19494,tabular_pilot,,,
P2_P1_P1_U3002,0,nnf_pg,tabular,,,1409,False,3.006010701006744,3.050900546993944,9273,19391,tabular_pilot,,,
