fault,stuck,encoding,method,seed,width,complete,cubes,seconds,sat_calls,cnf_vars,cnf_clauses,witness_seconds,total_seconds
n673gat,0,tseitin,greedy,False,1,True,1079,0.137896158,9641,236,788,0,0.16931893800210673
n673gat,0,tseitin,greedy,True,1,True,956,0.141126683,8510,236,788,0.014025115,0.16961570600687992
n673gat,0,tseitin,witness,True,1,False,36044,3.000253372,36045,236,788,0.485075178,3.050945352995768
n673gat,0,tseitin,greedy,False,3,True,620,0.148360004,5544,236,788,0,0.19348470099794213
n673gat,0,nnf_pg,greedy,False,1,True,1077,0.209741828,9635,444,863,0,0.23968133599555586
n673gat,0,nnf_pg,greedy,True,1,True,1542,0.307949423,9238,444,863,0.019323905,0.33938199700787663
n673gat,0,nnf_pg,witness,True,1,False,16223,3.000040483,16223,444,863,0.147505707,3.0117086389946053
n673gat,0,nnf_pg,greedy,False,3,True,732,0.255366914,7572,444,863,0,0.3139214660041034
n1592gat,0,tseitin,greedy,False,1,True,12218,1.623412168,110708,162,533,0,1.766051246013376
n1592gat,0,tseitin,greedy,True,1,True,13088,1.866554527,110343,162,533,0.139682427,2.0313071189884795
n1592gat,0,tseitin,witness,True,1,False,18943,3.000062554,18944,162,533,0.1950867,3.0198956370004453
n1592gat,0,tseitin,greedy,False,3,True,915,0.203647768,8556,162,533,0,0.25782611400063615
n1592gat,0,nnf_pg,greedy,False,1,True,13456,2.764600234,117276,313,602,0,2.907929506007349
n1592gat,0,nnf_pg,greedy,True,1,True,17610,2.550207356,92521,313,602,0.158428346,2.732897421999951
n1592gat,0,nnf_pg,witness,True,1,False,29331,3.000080494,29331,313,602,0.236756871,3.019331963005243
n1592gat,0,nnf_pg,greedy,False,3,True,1045,0.289133034,11107,313,602,0,0.34542340600455645
n291gat,1,tseitin,greedy,False,1,True,5609,2.027559388,40069,323,1184,0,2.2227118350128876
n291gat,1,tseitin,greedy,True,1,True,5633,2.408840903,41716,323,1184,0.121956401,2.5780763549992116
n291gat,1,tseitin,witness,True,1,False,22115,3.000070341,22116,323,1184,0.449934139,3.0537852459965507
n291gat,1,tseitin,greedy,False,3,True,1471,0.895135515,17412,323,1184,0,1.0584331530117197
n291gat,1,nnf_pg,greedy,False,1,True,5280,2.176260165,37773,830,1571,0,2.357803831997444
n291gat,1,nnf_pg,greedy,True,1,True,4090,1.751300891,30791,830,1571,0.069811967,1.8659112449968234
n291gat,1,nnf_pg,witness,True,1,False,12218,3.000045053,12219,830,1571,0.17539399,3.016947854004684
n291gat,1,nnf_pg,greedy,False,3,True,1645,1.482863662,22609,830,1571,0,1.8857922129973304
g16349,1,tseitin,greedy,False,1,False,5364,3.000228536,48140,678,3197,0,3.010647497998434
g16349,1,tseitin,greedy,True,1,False,5031,3.000210763,37869,678,3197,0.314510515,3.0102706519974163
g16349,1,tseitin,witness,True,1,False,7406,3.000050038,7407,678,3197,0.451635401,3.0313327019975986
g16349,1,tseitin,greedy,False,3,False,3892,3.000104284,33529,678,3197,0,3.2726950950018363
g16349,1,nnf_pg,greedy,False,1,False,2226,3.000042711,19340,1266,3410,0,3.012389986994094
g16349,1,nnf_pg,greedy,True,1,False,2290,3.000103184,13725,1266,3410,0.108062765,3.0121288880036445
g16349,1,nnf_pg,witness,True,1,False,2786,3.000197342,2787,1266,3410,0.122422262,3.0139652020006906
g16349,1,nnf_pg,greedy,False,3,False,3242,3.000052713,27784,1266,3410,0,3.210832450000453
P2_P1_P1_U3002,0,tseitin,greedy,False,1,False,287,3.000318108,3339,4717,19493,0,3.049888045003172
P2_P1_P1_U3002,0,tseitin,greedy,True,1,False,504,3.000102203,6974,4717,19493,0.123469058,3.0438261389936088
P2_P1_P1_U3002,0,tseitin,witness,True,1,False,2783,3.000266314,2784,4717,19493,0.63628202,3.1449550410034135
P2_P1_P1_U3002,0,tseitin,greedy,False,3,False,206,3.000045925,2118,4717,19493,0,3.061036111001158
P2_P1_P1_U3002,0,nnf_pg,greedy,False,1,False,660,3.000159925,7600,9343,19514,0,3.0662357039982453
P2_P1_P1_U3002,0,nnf_pg,greedy,True,1,False,469,3.000210607,5509,9343,19514,0.069683875,3.069005057986942
P2_P1_P1_U3002,0,nnf_pg,witness,True,1,False,1983,3.000042013,1984,9343,19514,0.277186331,3.0610561320063425
P2_P1_P1_U3002,0,nnf_pg,greedy,False,3,False,391,3.006956275,3940,9343,19514,0,3.3009381239971844
